{
    "runtimes": {
        "loading": 1.223391056060791,
        "synthesizing": 5.598317623138428,
        "marginals_obtaining": 8.508411407470703,
        "repairing": 1075.747225522995
    },
    "deletion_ratio": {
        "before": 3395604,
        "after": 0,
        "ratio": 1.0
    },
    "marginals_error": {
        "synthetic_avg": 0.05770845157366431,
        "repaired_avg": 73686.24464233409
    },
    "tvd_2way": {
        "synthetic_avg": 7.993528439376656e-06,
        "repaired_avg": 0.5
    },
    "ml_accuracy": {
        "private_gold_standard": {
            "logistic_regression": 0.620176852188889,
            "random_forest": 0.643125346771885,
            "mlp": 0.6227763897085762
        },
        "synthetic": {
            "logistic_regression": 0.6201806806682993,
            "random_forest": 0.6431247577750527,
            "mlp": 0.6220778394653793
        },
        "repaired": {
            "logistic_regression": 0.0,
            "random_forest": 0.0,
            "mlp": 0.0
        }
    },
    "violations": {
        "private": 0,
        "synthetic": 14712867,
        "repaired": 0
    },
    "loss_function": {
        "synthetic": {
            "total": 1.9857948701143502e-06,
            "size_component": 0.0,
            "marginal_component": 3.9715897402287004e-06
        },
        "repaired": {
            "total": 0.5036843122321167,
            "size_component": 1.0,
            "marginal_component": 0.0073686244642334085
        }
    },
    "dataset_name": "census",
    "timestamp": "2026-05-03T17:10:27.736233",
    "experiment_id": "323a2253",
    "experiment_name": "grid_census_ilp_marginals",
    "metadata": {
        "loader": "FileLoader",
        "synthesizer": "CoNoise",
        "obtainer": "TopKObtainer",
        "repairer": "ILPRepairer",
        "synthesizer_params": {
            "num_of_iterations": 50,
            "seed": 44
        },
        "obtainer_params": {
            "selection_budget": 0.5,
            "generation_budget": 0.5,
            "k": 20,
            "utility_function": {}
        },
        "repairer_params": {
            "alpha": 0.5,
            "gurobi_params": {},
            "use_marginals": true
        }
    }
}