{
    "runtimes": {
        "loading": 0.8492584228515625,
        "synthesizing": 17.207600831985474,
        "marginals_obtaining": 3.1693100929260254,
        "repairing": 628.2774968147278
    },
    "deletion_ratio": {
        "before": 999910,
        "after": 999236,
        "ratio": 0.0006740606654598914
    },
    "marginals_error": {
        "synthetic_avg": 0.006633247092696928,
        "repaired_avg": 0.006789091463361286
    },
    "tvd_2way": {
        "synthetic_avg": 0.0001192051729100066,
        "repaired_avg": 0.00011275632687224818
    },
    "ml_accuracy": {
        "private_gold_standard": {
            "logistic_regression": 0.3857237151343621,
            "random_forest": 0.9506665599903992,
            "mlp": 0.9321608944805032
        },
        "synthetic": {
            "logistic_regression": 0.3846386174755728,
            "random_forest": 0.9506665599903992,
            "mlp": 0.9321358922303007
        },
        "repaired": {
            "logistic_regression": 0.38474562710643956,
            "random_forest": 0.9506615595403586,
            "mlp": 0.93391605244472
        }
    },
    "violations": {
        "private": 0,
        "synthetic": 8449643,
        "repaired": 0
    },
    "loss_function": {
        "synthetic": {
            "total": 1.1807729894124701e-05,
            "size_component": 0.0,
            "marginal_component": 2.3615459788249402e-05
        },
        "repaired": {
            "total": 0.0003404180759306829,
            "size_component": 0.0006740606654598914,
            "marginal_component": 6.775486401474382e-06
        }
    },
    "dataset_name": "tax",
    "timestamp": "2026-05-03T19:19:51.853020",
    "experiment_id": "e686b276",
    "experiment_name": "grid_tax_vanilla_vc",
    "metadata": {
        "loader": "FileLoader",
        "synthesizer": "CoNoise",
        "obtainer": "TopKObtainer",
        "repairer": "VanillaVCRepairer",
        "synthesizer_params": {
            "num_of_iterations": 500,
            "seed": 44
        },
        "obtainer_params": {
            "selection_budget": 0.5,
            "generation_budget": 0.5,
            "k": 20,
            "utility_function": {}
        },
        "repairer_params": {}
    }
}