{
    "runtimes": {
        "loading": 0.8525989055633545,
        "synthesizing": 0.33849334716796875,
        "marginals_obtaining": 2.857038974761963,
        "repairing": 279.57345485687256
    },
    "deletion_ratio": {
        "before": 999910,
        "after": 999897,
        "ratio": 1.3001170105309478e-05
    },
    "marginals_error": {
        "synthetic_avg": 0.02379902782028991,
        "repaired_avg": 0.023797418592322168
    },
    "tvd_2way": {
        "synthetic_avg": 3.4447544723484863e-06,
        "repaired_avg": 8.199605642326193e-06
    },
    "ml_accuracy": {
        "private_gold_standard": {
            "logistic_regression": 0.3857237151343621,
            "random_forest": 0.9506665599903992,
            "mlp": 0.9321608944805032
        },
        "synthetic": {
            "logistic_regression": 0.38561870568351153,
            "random_forest": 0.9506665599903992,
            "mlp": 0.9338980508245742
        },
        "repaired": {
            "logistic_regression": 0.38430058705283476,
            "random_forest": 0.9506635597203749,
            "mlp": 0.9331499834985149
        }
    },
    "violations": {
        "private": 0,
        "synthetic": 175951,
        "repaired": 0
    },
    "loss_function": {
        "synthetic": {
            "total": 1.5398565524341573e-06,
            "size_component": 0.0,
            "marginal_component": 3.0797131048683147e-06
        },
        "repaired": {
            "total": 8.040221212555175e-06,
            "size_component": 1.3001170105309478e-05,
            "marginal_component": 3.079272319800872e-06
        }
    },
    "dataset_name": "tax",
    "timestamp": "2026-05-03T19:12:43.541178",
    "experiment_id": "52fef14b",
    "experiment_name": "grid_tax_vanilla_vc",
    "metadata": {
        "loader": "FileLoader",
        "synthesizer": "CoNoise",
        "obtainer": "TopKObtainer",
        "repairer": "VanillaVCRepairer",
        "synthesizer_params": {
            "num_of_iterations": 10,
            "seed": 44
        },
        "obtainer_params": {
            "selection_budget": 0.5,
            "generation_budget": 0.5,
            "k": 20,
            "utility_function": {}
        },
        "repairer_params": {}
    }
}