{
    "runtimes": {
        "loading": 0.8588681221008301,
        "synthesizing": 6.269986391067505,
        "marginals_obtaining": 2.976687431335449,
        "repairing": 322.37293887138367
    },
    "deletion_ratio": {
        "before": 999910,
        "after": 999642,
        "ratio": 0.0002680241221709954
    },
    "marginals_error": {
        "synthetic_avg": 0.016714130185868363,
        "repaired_avg": 0.016698454447955407
    },
    "tvd_2way": {
        "synthetic_avg": 5.497717016753413e-05,
        "repaired_avg": 6.425374910934286e-05
    },
    "ml_accuracy": {
        "private_gold_standard": {
            "logistic_regression": 0.3857237151343621,
            "random_forest": 0.9506665599903992,
            "mlp": 0.9321608944805032
        },
        "synthetic": {
            "logistic_regression": 0.38371753457811203,
            "random_forest": 0.9506665599903992,
            "mlp": 0.9325509295836625
        },
        "repaired": {
            "logistic_regression": 0.38511266013941253,
            "random_forest": 0.9506625596303667,
            "mlp": 0.934422097988819
        }
    },
    "violations": {
        "private": 0,
        "synthetic": 3398725,
        "repaired": 0
    },
    "loss_function": {
        "synthetic": {
            "total": 2.214917307902121e-06,
            "size_component": 0.0,
            "marginal_component": 4.429834615804242e-06
        },
        "repaired": {
            "total": 0.0001356954961192654,
            "size_component": 0.0002680241221709954,
            "marginal_component": 3.3668700675354005e-06
        }
    },
    "dataset_name": "tax",
    "timestamp": "2026-05-03T19:18:17.084035",
    "experiment_id": "652d7a2d",
    "experiment_name": "grid_tax_vanilla_vc",
    "metadata": {
        "loader": "FileLoader",
        "synthesizer": "CoNoise",
        "obtainer": "TopKObtainer",
        "repairer": "VanillaVCRepairer",
        "synthesizer_params": {
            "num_of_iterations": 200,
            "seed": 44
        },
        "obtainer_params": {
            "selection_budget": 0.5,
            "generation_budget": 0.5,
            "k": 20,
            "utility_function": {}
        },
        "repairer_params": {}
    }
}