{
    "runtimes": {
        "loading": 1.0660481452941895,
        "synthesizing": 1.9723644256591797,
        "marginals_obtaining": 2.9024393558502197,
        "repairing": 327.1050491333008
    },
    "deletion_ratio": {
        "before": 999910,
        "after": 999844,
        "ratio": 6.600594053464812e-05
    },
    "marginals_error": {
        "synthetic_avg": 0.011385633475732617,
        "repaired_avg": 0.01139559139913556
    },
    "tvd_2way": {
        "synthetic_avg": 1.7918279311804527e-05,
        "repaired_avg": 2.6281178467579397e-05
    },
    "ml_accuracy": {
        "private_gold_standard": {
            "logistic_regression": 0.3857237151343621,
            "random_forest": 0.9506665599903992,
            "mlp": 0.9321608944805032
        },
        "synthetic": {
            "logistic_regression": 0.38633877048934406,
            "random_forest": 0.9506665599903992,
            "mlp": 0.9318418657679192
        },
        "repaired": {
            "logistic_regression": 0.3848626376373874,
            "random_forest": 0.9506585592703344,
            "mlp": 0.9342510825974337
        }
    },
    "violations": {
        "private": 0,
        "synthetic": 924388,
        "repaired": 0
    },
    "loss_function": {
        "synthetic": {
            "total": 1.6085186012226136e-06,
            "size_component": 0.0,
            "marginal_component": 3.217037202445227e-06
        },
        "repaired": {
            "total": 3.4681285579447645e-05,
            "size_component": 6.600594053464812e-05,
            "marginal_component": 3.35663062424717e-06
        }
    },
    "dataset_name": "tax",
    "timestamp": "2026-05-03T19:44:44.779470",
    "experiment_id": "f30352d9",
    "experiment_name": "grid_tax_ilp_no_marginals",
    "metadata": {
        "loader": "FileLoader",
        "synthesizer": "CoNoise",
        "obtainer": "TopKObtainer",
        "repairer": "ILPRepairer",
        "synthesizer_params": {
            "num_of_iterations": 50,
            "seed": 42
        },
        "obtainer_params": {
            "selection_budget": 0.5,
            "generation_budget": 0.5,
            "k": 20,
            "utility_function": {}
        },
        "repairer_params": {
            "alpha": 0.5,
            "gurobi_params": {},
            "use_marginals": false
        }
    }
}