{
    "runtimes": {
        "loading": 0.8399803638458252,
        "synthesizing": 6.4936606884002686,
        "marginals_obtaining": 3.0225377082824707,
        "repairing": 500.79812502861023
    },
    "deletion_ratio": {
        "before": 999910,
        "after": 999642,
        "ratio": 0.0002680241221709954
    },
    "marginals_error": {
        "synthetic_avg": 0.016714130185868363,
        "repaired_avg": 0.016698454447955407
    },
    "tvd_2way": {
        "synthetic_avg": 5.497717016753413e-05,
        "repaired_avg": 6.425374910934286e-05
    },
    "ml_accuracy": {
        "private_gold_standard": {
            "logistic_regression": 0.3857237151343621,
            "random_forest": 0.9506665599903992,
            "mlp": 0.9321608944805032
        },
        "synthetic": {
            "logistic_regression": 0.38371753457811203,
            "random_forest": 0.9506665599903992,
            "mlp": 0.9325509295836625
        },
        "repaired": {
            "logistic_regression": 0.38511266013941253,
            "random_forest": 0.9506625596303667,
            "mlp": 0.934422097988819
        }
    },
    "violations": {
        "private": 0,
        "synthetic": 3398725,
        "repaired": 0
    },
    "loss_function": {
        "synthetic": {
            "total": 2.214917307902121e-06,
            "size_component": 0.0,
            "marginal_component": 4.429834615804242e-06
        },
        "repaired": {
            "total": 0.0001356954961192654,
            "size_component": 0.0002680241221709954,
            "marginal_component": 3.3668700675354005e-06
        }
    },
    "dataset_name": "tax",
    "timestamp": "2026-05-03T19:56:11.185354",
    "experiment_id": "c7b3af75",
    "experiment_name": "grid_tax_ilp_no_marginals",
    "metadata": {
        "loader": "FileLoader",
        "synthesizer": "CoNoise",
        "obtainer": "TopKObtainer",
        "repairer": "ILPRepairer",
        "synthesizer_params": {
            "num_of_iterations": 200,
            "seed": 44
        },
        "obtainer_params": {
            "selection_budget": 0.5,
            "generation_budget": 0.5,
            "k": 20,
            "utility_function": {}
        },
        "repairer_params": {
            "alpha": 0.5,
            "gurobi_params": {},
            "use_marginals": false
        }
    }
}