{
    "runtimes": {
        "loading": 0.21209454536437988,
        "synthesizing": 0.15836572647094727,
        "marginals_obtaining": 0.8580312728881836,
        "repairing": 57.16502523422241
    },
    "deletion_ratio": {
        "before": 60798,
        "after": 60552,
        "ratio": 0.0040461857297937436
    },
    "marginals_error": {
        "synthetic_avg": 0.04919695731538877,
        "repaired_avg": 0.04290125728123653
    },
    "tvd_2way": {
        "synthetic_avg": 0.0003340376908683152,
        "repaired_avg": 0.0003272380587124609
    },
    "ml_accuracy": {
        "private_gold_standard": {
            "logistic_regression": 0.767443007993684,
            "random_forest": 0.81672094476792,
            "mlp": 0.7838251258265074
        },
        "synthetic": {
            "logistic_regression": 0.7673278726273891,
            "random_forest": 0.8165893614921543,
            "mlp": 0.7853218855883417
        },
        "repaired": {
            "logistic_regression": 0.7671304977137405,
            "random_forest": 0.8166222573110957,
            "mlp": 0.7847791045758085
        }
    },
    "violations": {
        "private": 0,
        "synthetic": 6730418,
        "repaired": 0
    },
    "loss_function": {
        "synthetic": {
            "total": 0.0002858386682934763,
            "size_component": 0.0,
            "marginal_component": 0.0005716773365869526
        },
        "repaired": {
            "total": 0.00205827191180358,
            "size_component": 0.0040461857297937436,
            "marginal_component": 7.035809381341703e-05
        }
    },
    "dataset_name": "compas",
    "timestamp": "2026-05-03T16:03:56.203573",
    "experiment_id": "848cbcfc",
    "experiment_name": "grid_compas_vanilla_vc",
    "metadata": {
        "loader": "FileLoader",
        "synthesizer": "CoNoise",
        "obtainer": "TopKObtainer",
        "repairer": "VanillaVCRepairer",
        "synthesizer_params": {
            "num_of_iterations": 200,
            "seed": 44
        },
        "obtainer_params": {
            "selection_budget": 0.5,
            "generation_budget": 0.5,
            "k": 20,
            "utility_function": {}
        },
        "repairer_params": {}
    }
}