{
    "runtimes": {
        "loading": 0.2165834903717041,
        "synthesizing": 0.0171201229095459,
        "marginals_obtaining": 0.7265315055847168,
        "repairing": 0.42650270462036133
    },
    "deletion_ratio": {
        "before": 60798,
        "after": 60786,
        "ratio": 0.0001973749136484753
    },
    "marginals_error": {
        "synthetic_avg": 0.27708969849748843,
        "repaired_avg": 0.2769895494042181
    },
    "tvd_2way": {
        "synthetic_avg": 2.2494935011407978e-05,
        "repaired_avg": 6.641244435053903e-05
    },
    "ml_accuracy": {
        "private_gold_standard": {
            "logistic_regression": 0.767443007993684,
            "random_forest": 0.81672094476792,
            "mlp": 0.7838251258265074
        },
        "synthetic": {
            "logistic_regression": 0.7674759038126254,
            "random_forest": 0.8167044968584493,
            "mlp": 0.787262738905885
        },
        "repaired": {
            "logistic_regression": 0.7670976018947991,
            "random_forest": 0.81672094476792,
            "mlp": 0.785420573045166
        }
    },
    "violations": {
        "private": 0,
        "synthetic": 331286,
        "repaired": 0
    },
    "loss_function": {
        "synthetic": {
            "total": 2.4810585978724654e-05,
            "size_component": 0.0,
            "marginal_component": 4.962117195744931e-05
        },
        "repaired": {
            "total": 0.0001233786132765745,
            "size_component": 0.0001973749136484753,
            "marginal_component": 4.938231290467375e-05
        }
    },
    "dataset_name": "compas",
    "timestamp": "2026-05-03T16:01:58.220598",
    "experiment_id": "61a44d85",
    "experiment_name": "grid_compas_vanilla_vc",
    "metadata": {
        "loader": "FileLoader",
        "synthesizer": "CoNoise",
        "obtainer": "TopKObtainer",
        "repairer": "VanillaVCRepairer",
        "synthesizer_params": {
            "num_of_iterations": 10,
            "seed": 44
        },
        "obtainer_params": {
            "selection_budget": 0.5,
            "generation_budget": 0.5,
            "k": 20,
            "utility_function": {}
        },
        "repairer_params": {}
    }
}