{
    "runtimes": {
        "loading": 0.17910408973693848,
        "synthesizing": 0.06918144226074219,
        "marginals_obtaining": 0.7031362056732178,
        "repairing": 11.577301502227783
    },
    "deletion_ratio": {
        "before": 60798,
        "after": 60680,
        "ratio": 0.0019408533175433403
    },
    "marginals_error": {
        "synthetic_avg": 0.3445013105415483,
        "repaired_avg": 0.34341183963127114
    },
    "tvd_2way": {
        "synthetic_avg": 0.00015565043741764132,
        "repaired_avg": 0.00025736204081385264
    },
    "ml_accuracy": {
        "private_gold_standard": {
            "logistic_regression": 0.767443007993684,
            "random_forest": 0.81672094476792,
            "mlp": 0.7838251258265074
        },
        "synthetic": {
            "logistic_regression": 0.7676568308168031,
            "random_forest": 0.8166880489489786,
            "mlp": 0.7828546991677358
        },
        "repaired": {
            "logistic_regression": 0.7675252475410376,
            "random_forest": 0.8166880489489786,
            "mlp": 0.783348136451857
        }
    },
    "violations": {
        "private": 0,
        "synthetic": 3179951,
        "repaired": 0
    },
    "loss_function": {
        "synthetic": {
            "total": 8.844425941244797e-05,
            "size_component": 0.0,
            "marginal_component": 0.00017688851882489593
        },
        "repaired": {
            "total": 0.001028886273823791,
            "size_component": 0.0019408533175433403,
            "marginal_component": 0.00011691923010424159
        }
    },
    "dataset_name": "compas",
    "timestamp": "2026-05-03T16:00:36.054869",
    "experiment_id": "3cfaaa44",
    "experiment_name": "grid_compas_vanilla_vc",
    "metadata": {
        "loader": "FileLoader",
        "synthesizer": "CoNoise",
        "obtainer": "TopKObtainer",
        "repairer": "VanillaVCRepairer",
        "synthesizer_params": {
            "num_of_iterations": 100,
            "seed": 43
        },
        "obtainer_params": {
            "selection_budget": 0.5,
            "generation_budget": 0.5,
            "k": 20,
            "utility_function": {}
        },
        "repairer_params": {}
    }
}