{
    "runtimes": {
        "loading": 0.17806220054626465,
        "synthesizing": 0.07231760025024414,
        "marginals_obtaining": 0.7312097549438477,
        "repairing": 11.264824628829956
    },
    "deletion_ratio": {
        "before": 60798,
        "after": 60684,
        "ratio": 0.001875061679660515
    },
    "marginals_error": {
        "synthetic_avg": 0.04253945605953637,
        "repaired_avg": 0.041207014188021765
    },
    "tvd_2way": {
        "synthetic_avg": 0.00016435815419624632,
        "repaired_avg": 0.00021472126738258173
    },
    "ml_accuracy": {
        "private_gold_standard": {
            "logistic_regression": 0.767443007993684,
            "random_forest": 0.81672094476792,
            "mlp": 0.7838251258265074
        },
        "synthetic": {
            "logistic_regression": 0.7674759038126254,
            "random_forest": 0.8166880489489786,
            "mlp": 0.7858975624198165
        },
        "repaired": {
            "logistic_regression": 0.7674759038126254,
            "random_forest": 0.8166551531300372,
            "mlp": 0.7876739366426527
        }
    },
    "violations": {
        "private": 0,
        "synthetic": 3241015,
        "repaired": 0
    },
    "loss_function": {
        "synthetic": {
            "total": 8.889524542706559e-05,
            "size_component": 0.0,
            "marginal_component": 0.00017779049085413118
        },
        "repaired": {
            "total": 0.0009882988122433436,
            "size_component": 0.001875061679660515,
            "marginal_component": 0.00010153594482617202
        }
    },
    "dataset_name": "compas",
    "timestamp": "2026-05-03T15:56:45.278200",
    "experiment_id": "1786d36a",
    "experiment_name": "grid_compas_vanilla_vc",
    "metadata": {
        "loader": "FileLoader",
        "synthesizer": "CoNoise",
        "obtainer": "TopKObtainer",
        "repairer": "VanillaVCRepairer",
        "synthesizer_params": {
            "num_of_iterations": 100,
            "seed": 42
        },
        "obtainer_params": {
            "selection_budget": 0.5,
            "generation_budget": 0.5,
            "k": 20,
            "utility_function": {}
        },
        "repairer_params": {}
    }
}