{
    "runtimes": {
        "loading": 0.22803282737731934,
        "synthesizing": 0.37950754165649414,
        "marginals_obtaining": 0.9591891765594482,
        "repairing": 468.87033581733704
    },
    "deletion_ratio": {
        "before": 60798,
        "after": 60221,
        "ratio": 0.00949044376459752
    },
    "marginals_error": {
        "synthetic_avg": 0.02448853493827854,
        "repaired_avg": 0.002309932092291661
    },
    "tvd_2way": {
        "synthetic_avg": 0.0007434213199737599,
        "repaired_avg": 0.0005299416613617332
    },
    "ml_accuracy": {
        "private_gold_standard": {
            "logistic_regression": 0.767443007993684,
            "random_forest": 0.81672094476792,
            "mlp": 0.7838251258265074
        },
        "synthetic": {
            "logistic_regression": 0.7676897266357446,
            "random_forest": 0.8162932991216816,
            "mlp": 0.7849271357610448
        },
        "repaired": {
            "logistic_regression": 0.7673936642652719,
            "random_forest": 0.8162275074837988,
            "mlp": 0.7868350932596467
        }
    },
    "violations": {
        "private": 0,
        "synthetic": 16967095,
        "repaired": 0
    },
    "loss_function": {
        "synthetic": {
            "total": 0.0007533003055651362,
            "size_component": 0.0,
            "marginal_component": 0.0015066006111302723
        },
        "repaired": {
            "total": 0.004828225201432157,
            "size_component": 0.00949044376459752,
            "marginal_component": 0.0001660066382667928
        }
    },
    "dataset_name": "compas",
    "timestamp": "2026-05-03T16:07:22.066216",
    "experiment_id": "570e82bc",
    "experiment_name": "grid_compas_vanilla_vc",
    "metadata": {
        "loader": "FileLoader",
        "synthesizer": "CoNoise",
        "obtainer": "TopKObtainer",
        "repairer": "VanillaVCRepairer",
        "synthesizer_params": {
            "num_of_iterations": 500,
            "seed": 42
        },
        "obtainer_params": {
            "selection_budget": 0.5,
            "generation_budget": 0.5,
            "k": 20,
            "utility_function": {}
        },
        "repairer_params": {}
    }
}