{
    "runtimes": {
        "loading": 0.21309828758239746,
        "synthesizing": 0.04471015930175781,
        "marginals_obtaining": 0.7727582454681396,
        "repairing": 2.8348774909973145
    },
    "deletion_ratio": {
        "before": 60798,
        "after": 60737,
        "ratio": 0.0010033224777130827
    },
    "marginals_error": {
        "synthetic_avg": 0.6209738010634559,
        "repaired_avg": 0.6205975783579192
    },
    "tvd_2way": {
        "synthetic_avg": 8.236048786434582e-05,
        "repaired_avg": 0.00017525459016185123
    },
    "ml_accuracy": {
        "private_gold_standard": {
            "logistic_regression": 0.767443007993684,
            "random_forest": 0.81672094476792,
            "mlp": 0.7838251258265074
        },
        "synthetic": {
            "logistic_regression": 0.7675416954505082,
            "random_forest": 0.81672094476792,
            "mlp": 0.784746208756867
        },
        "repaired": {
            "logistic_regression": 0.767558143359979,
            "random_forest": 0.8167044968584493,
            "mlp": 0.7835948550939176
        }
    },
    "violations": {
        "private": 0,
        "synthetic": 1575299,
        "repaired": 0
    },
    "loss_function": {
        "synthetic": {
            "total": 3.926955895707412e-05,
            "size_component": 0.0,
            "marginal_component": 7.853911791414824e-05
        },
        "repaired": {
            "total": 0.0005496980670074871,
            "size_component": 0.0010033224777130827,
            "marginal_component": 9.607365630189151e-05
        }
    },
    "dataset_name": "compas",
    "timestamp": "2026-05-03T16:00:22.731976",
    "experiment_id": "e2e8c304",
    "experiment_name": "grid_compas_vanilla_vc",
    "metadata": {
        "loader": "FileLoader",
        "synthesizer": "CoNoise",
        "obtainer": "TopKObtainer",
        "repairer": "VanillaVCRepairer",
        "synthesizer_params": {
            "num_of_iterations": 50,
            "seed": 43
        },
        "obtainer_params": {
            "selection_budget": 0.5,
            "generation_budget": 0.5,
            "k": 20,
            "utility_function": {}
        },
        "repairer_params": {}
    }
}