{
    "runtimes": {
        "loading": 0.18188953399658203,
        "synthesizing": 0.01402139663696289,
        "marginals_obtaining": 0.7331953048706055,
        "repairing": 0.42198729515075684
    },
    "deletion_ratio": {
        "before": 60798,
        "after": 60785,
        "ratio": 0.00021382282311918155
    },
    "marginals_error": {
        "synthetic_avg": 0.1055399046052653,
        "repaired_avg": 0.10548266098787458
    },
    "tvd_2way": {
        "synthetic_avg": 2.1164589392453255e-05,
        "repaired_avg": 6.937836714010831e-05
    },
    "ml_accuracy": {
        "private_gold_standard": {
            "logistic_regression": 0.767443007993684,
            "random_forest": 0.81672094476792,
            "mlp": 0.7838251258265074
        },
        "synthetic": {
            "logistic_regression": 0.7675745912694496,
            "random_forest": 0.81672094476792,
            "mlp": 0.7870653639922366
        },
        "repaired": {
            "logistic_regression": 0.7673443205368597,
            "random_forest": 0.8167538405868614,
            "mlp": 0.7814237310437844
        }
    },
    "violations": {
        "private": 0,
        "synthetic": 287992,
        "repaired": 0
    },
    "loss_function": {
        "synthetic": {
            "total": 3.421693577810642e-05,
            "size_component": 0.0,
            "marginal_component": 6.843387155621283e-05
        },
        "repaired": {
            "total": 0.0001401433804401261,
            "size_component": 0.00021382282311918155,
            "marginal_component": 6.646393776107061e-05
        }
    },
    "dataset_name": "compas",
    "timestamp": "2026-05-03T15:56:25.668688",
    "experiment_id": "6da2dc3b",
    "experiment_name": "grid_compas_vanilla_vc",
    "metadata": {
        "loader": "FileLoader",
        "synthesizer": "CoNoise",
        "obtainer": "TopKObtainer",
        "repairer": "VanillaVCRepairer",
        "synthesizer_params": {
            "num_of_iterations": 10,
            "seed": 42
        },
        "obtainer_params": {
            "selection_budget": 0.5,
            "generation_budget": 0.5,
            "k": 20,
            "utility_function": {}
        },
        "repairer_params": {}
    }
}