{
    "runtimes": {
        "loading": 0.8658969402313232,
        "synthesizing": 16.77305269241333,
        "marginals_obtaining": 2.9830079078674316,
        "repairing": 1803.0750815868378
    },
    "deletion_ratio": {
        "before": 999910,
        "after": 999257,
        "ratio": 0.000653058775289776
    },
    "marginals_error": {
        "synthetic_avg": 0.003271444403500389,
        "repaired_avg": 0.0037840063218326607
    },
    "tvd_2way": {
        "synthetic_avg": 0.0001230110709963864,
        "repaired_avg": 0.0001184924578493557
    },
    "ml_accuracy": {
        "private_gold_standard": {
            "logistic_regression": 0.3857237151343621,
            "random_forest": 0.9506665599903992,
            "mlp": 0.9321608944805032
        },
        "synthetic": {
            "logistic_regression": 0.3849106419577762,
            "random_forest": 0.9506615595403586,
            "mlp": 0.9301807162644637
        },
        "repaired": {
            "logistic_regression": 0.38374653718834695,
            "random_forest": 0.9506635597203749,
            "mlp": 0.9308857797201748
        }
    },
    "violations": {
        "private": 0,
        "synthetic": 8326197,
        "repaired": 0
    },
    "loss_function": {
        "synthetic": {
            "total": 9.101331528127884e-06,
            "size_component": 0.0,
            "marginal_component": 1.8202663056255768e-05
        },
        "repaired": {
            "total": 0.00033026238082484676,
            "size_component": 0.000653058775289776,
            "marginal_component": 7.465986359917437e-06
        }
    },
    "dataset_name": "tax",
    "timestamp": "2026-05-03T18:54:46.434724",
    "experiment_id": "daa4ff9c",
    "experiment_name": "grid_tax_weighted_vc",
    "metadata": {
        "loader": "FileLoader",
        "synthesizer": "CoNoise",
        "obtainer": "TopKObtainer",
        "repairer": "WeightedVCRepairer",
        "synthesizer_params": {
            "num_of_iterations": 500,
            "seed": 43
        },
        "obtainer_params": {
            "selection_budget": 0.5,
            "generation_budget": 0.5,
            "k": 20,
            "utility_function": {}
        },
        "repairer_params": {
            "alpha": 0.5
        }
    }
}