{
    "runtimes": {
        "loading": 1.246105670928955,
        "synthesizing": 5.292695045471191,
        "marginals_obtaining": 8.585174322128296,
        "repairing": 64.888258934021
    },
    "deletion_ratio": {
        "before": 3395604,
        "after": 3395452,
        "ratio": 4.4763759260502694e-05
    },
    "marginals_error": {
        "synthetic_avg": 0.07300132792065489,
        "repaired_avg": 0.0729947206090108
    },
    "tvd_2way": {
        "synthetic_avg": 7.446602809313352e-06,
        "repaired_avg": 1.6970573757639535e-05
    },
    "ml_accuracy": {
        "private_gold_standard": {
            "logistic_regression": 0.620176852188889,
            "random_forest": 0.643125346771885,
            "mlp": 0.6227763897085762
        },
        "synthetic": {
            "logistic_regression": 0.6201718457158137,
            "random_forest": 0.6431247577750527,
            "mlp": 0.6226727262660782
        },
        "repaired": {
            "logistic_regression": 0.6201627162649119,
            "random_forest": 0.6431244632766365,
            "mlp": 0.6226527003737774
        }
    },
    "violations": {
        "private": 0,
        "synthetic": 24994461,
        "repaired": 0
    },
    "loss_function": {
        "synthetic": {
            "total": 1.441223781931358e-06,
            "size_component": 0.0,
            "marginal_component": 2.882447563862716e-06
        },
        "repaired": {
            "total": 2.3861185831551875e-05,
            "size_component": 4.4763759260502694e-05,
            "marginal_component": 2.9586124026010595e-06
        }
    },
    "dataset_name": "census",
    "timestamp": "2026-05-03T17:33:05.961834",
    "experiment_id": "0b81829d",
    "experiment_name": "grid_census_classic_vc",
    "metadata": {
        "loader": "FileLoader",
        "synthesizer": "CoNoise",
        "obtainer": "TopKObtainer",
        "repairer": "ClassicVCRepairer",
        "synthesizer_params": {
            "num_of_iterations": 50,
            "seed": 42
        },
        "obtainer_params": {
            "selection_budget": 0.5,
            "generation_budget": 0.5,
            "k": 20,
            "utility_function": {}
        },
        "repairer_params": {}
    }
}