{
    "runtimes": {
        "loading": 1.0635833740234375,
        "synthesizing": 9.422172784805298,
        "marginals_obtaining": 8.451738119125366,
        "repairing": 279.11679196357727
    },
    "deletion_ratio": {
        "before": 3395604,
        "after": 3395288,
        "ratio": 9.306149951525561e-05
    },
    "marginals_error": {
        "synthetic_avg": 0.10896682849352794,
        "repaired_avg": 0.10915634827691292
    },
    "tvd_2way": {
        "synthetic_avg": 1.5008901424984066e-05,
        "repaired_avg": 3.1583042688202466e-05
    },
    "ml_accuracy": {
        "private_gold_standard": {
            "logistic_regression": 0.620176852188889,
            "random_forest": 0.643125346771885,
            "mlp": 0.6227763897085762
        },
        "synthetic": {
            "logistic_regression": 0.6201780301825537,
            "random_forest": 0.6431244632766365,
            "mlp": 0.6224562699301803
        },
        "repaired": {
            "logistic_regression": 0.6201797971730508,
            "random_forest": 0.6431203402988098,
            "mlp": 0.6224115061709198
        }
    },
    "violations": {
        "private": 0,
        "synthetic": 51316945,
        "repaired": 0
    },
    "loss_function": {
        "synthetic": {
            "total": 3.4249627617734183e-06,
            "size_component": 0.0,
            "marginal_component": 6.849925523546837e-06
        },
        "repaired": {
            "total": 5.1740112488737525e-05,
            "size_component": 9.306149951525561e-05,
            "marginal_component": 1.0418725462219436e-05
        }
    },
    "dataset_name": "census",
    "timestamp": "2026-05-03T17:47:08.669068",
    "experiment_id": "9a81ef28",
    "experiment_name": "grid_census_classic_vc",
    "metadata": {
        "loader": "FileLoader",
        "synthesizer": "CoNoise",
        "obtainer": "TopKObtainer",
        "repairer": "ClassicVCRepairer",
        "synthesizer_params": {
            "num_of_iterations": 100,
            "seed": 44
        },
        "obtainer_params": {
            "selection_budget": 0.5,
            "generation_budget": 0.5,
            "k": 20,
            "utility_function": {}
        },
        "repairer_params": {}
    }
}