{
    "runtimes": {
        "loading": 1.2867419719696045,
        "synthesizing": 5.217977046966553,
        "marginals_obtaining": 9.459694385528564,
        "repairing": 68.0507230758667
    },
    "deletion_ratio": {
        "before": 3395604,
        "after": 3395454,
        "ratio": 4.417476242812766e-05
    },
    "marginals_error": {
        "synthetic_avg": 0.03893706942024386,
        "repaired_avg": 0.03895802161314878
    },
    "tvd_2way": {
        "synthetic_avg": 7.162622193702738e-06,
        "repaired_avg": 1.6992181912129714e-05
    },
    "ml_accuracy": {
        "private_gold_standard": {
            "logistic_regression": 0.620176852188889,
            "random_forest": 0.643125346771885,
            "mlp": 0.6227763897085762
        },
        "synthetic": {
            "logistic_regression": 0.620181564163548,
            "random_forest": 0.6431250522734688,
            "mlp": 0.6226129430875921
        },
        "repaired": {
            "logistic_regression": 0.6201868651350393,
            "random_forest": 0.6431168063178156,
            "mlp": 0.6224736453367353
        }
    },
    "violations": {
        "private": 0,
        "synthetic": 25770112,
        "repaired": 0
    },
    "loss_function": {
        "synthetic": {
            "total": 1.5572911839573969e-06,
            "size_component": 0.0,
            "marginal_component": 3.1145823679147938e-06
        },
        "repaired": {
            "total": 2.390052299883678e-05,
            "size_component": 4.417476242812766e-05,
            "marginal_component": 3.6262835695459012e-06
        }
    },
    "dataset_name": "census",
    "timestamp": "2026-05-03T17:28:39.470729",
    "experiment_id": "6d6430f1",
    "experiment_name": "grid_census_classic_vc",
    "metadata": {
        "loader": "FileLoader",
        "synthesizer": "CoNoise",
        "obtainer": "TopKObtainer",
        "repairer": "ClassicVCRepairer",
        "synthesizer_params": {
            "num_of_iterations": 50,
            "seed": 43
        },
        "obtainer_params": {
            "selection_budget": 0.5,
            "generation_budget": 0.5,
            "k": 20,
            "utility_function": {}
        },
        "repairer_params": {}
    }
}