{
    "runtimes": {
        "loading": 1.1787238121032715,
        "synthesizing": 9.642913579940796,
        "marginals_obtaining": 7.683159589767456,
        "repairing": 224.43966817855835
    },
    "deletion_ratio": {
        "before": 3395604,
        "after": 3395286,
        "ratio": 9.365049634763064e-05
    },
    "marginals_error": {
        "synthetic_avg": 0.038472012858655494,
        "repaired_avg": 0.03848784636239123
    },
    "tvd_2way": {
        "synthetic_avg": 1.4977348023250859e-05,
        "repaired_avg": 3.117359653777808e-05
    },
    "ml_accuracy": {
        "private_gold_standard": {
            "logistic_regression": 0.620176852188889,
            "random_forest": 0.643125346771885,
            "mlp": 0.6227763897085762
        },
        "synthetic": {
            "logistic_regression": 0.6201968780811897,
            "random_forest": 0.6431244632766365,
            "mlp": 0.6224642213874174
        },
        "repaired": {
            "logistic_regression": 0.6201712567189813,
            "random_forest": 0.6431203402988098,
            "mlp": 0.6224067941962608
        }
    },
    "violations": {
        "private": 0,
        "synthetic": 51368326,
        "repaired": 0
    },
    "loss_function": {
        "synthetic": {
            "total": 3.214107207835968e-06,
            "size_component": 0.0,
            "marginal_component": 6.428214415671936e-06
        },
        "repaired": {
            "total": 5.061478616757419e-05,
            "size_component": 9.365049634763064e-05,
            "marginal_component": 7.579075987517745e-06
        }
    },
    "dataset_name": "census",
    "timestamp": "2026-05-03T17:30:41.325854",
    "experiment_id": "3be93a9a",
    "experiment_name": "grid_census_classic_vc",
    "metadata": {
        "loader": "FileLoader",
        "synthesizer": "CoNoise",
        "obtainer": "TopKObtainer",
        "repairer": "ClassicVCRepairer",
        "synthesizer_params": {
            "num_of_iterations": 100,
            "seed": 43
        },
        "obtainer_params": {
            "selection_budget": 0.5,
            "generation_budget": 0.5,
            "k": 20,
            "utility_function": {}
        },
        "repairer_params": {}
    }
}