{
    "runtimes": {
        "loading": 1.3017148971557617,
        "synthesizing": 20.90675139427185,
        "marginals_obtaining": 9.358348608016968,
        "repairing": 1176.1136138439178
    },
    "deletion_ratio": {
        "before": 3395604,
        "after": 3394996,
        "ratio": 0.00017905503704201077
    },
    "marginals_error": {
        "synthetic_avg": 0.03219220305803712,
        "repaired_avg": 0.032601505870384545
    },
    "tvd_2way": {
        "synthetic_avg": 2.7051783086936806e-05,
        "repaired_avg": 5.284346415969264e-05
    },
    "ml_accuracy": {
        "private_gold_standard": {
            "logistic_regression": 0.620176852188889,
            "random_forest": 0.643125346771885,
            "mlp": 0.6227763897085762
        },
        "synthetic": {
            "logistic_regression": 0.6201744962015594,
            "random_forest": 0.6431247577750527,
            "mlp": 0.6226509333832803
        },
        "repaired": {
            "logistic_regression": 0.6201789136778022,
            "random_forest": 0.6431238742798041,
            "mlp": 0.62281703049001
        }
    },
    "violations": {
        "private": 0,
        "synthetic": 116164554,
        "repaired": 0
    },
    "loss_function": {
        "synthetic": {
            "total": 6.769698843318717e-06,
            "size_component": 0.0,
            "marginal_component": 1.3539397686637434e-05
        },
        "repaired": {
            "total": 0.00010100874216524913,
            "size_component": 0.00017905503704201077,
            "marginal_component": 2.2962447288487476e-05
        }
    },
    "dataset_name": "census",
    "timestamp": "2026-05-03T17:57:54.908277",
    "experiment_id": "d5e044f7",
    "experiment_name": "grid_census_classic_vc",
    "metadata": {
        "loader": "FileLoader",
        "synthesizer": "CoNoise",
        "obtainer": "TopKObtainer",
        "repairer": "ClassicVCRepairer",
        "synthesizer_params": {
            "num_of_iterations": 200,
            "seed": 42
        },
        "obtainer_params": {
            "selection_budget": 0.5,
            "generation_budget": 0.5,
            "k": 20,
            "utility_function": {}
        },
        "repairer_params": {}
    }
}