{
    "runtimes": {
        "loading": 1.2810251712799072,
        "synthesizing": 19.439980268478394,
        "marginals_obtaining": 8.36534857749939,
        "repairing": 1146.081206560135
    },
    "deletion_ratio": {
        "before": 3395604,
        "after": 3394990,
        "ratio": 0.0001808220275391359
    },
    "marginals_error": {
        "synthetic_avg": 0.0025770065490790628,
        "repaired_avg": 0.002715663497414592
    },
    "tvd_2way": {
        "synthetic_avg": 2.753560191353161e-05,
        "repaired_avg": 5.328995742696764e-05
    },
    "ml_accuracy": {
        "private_gold_standard": {
            "logistic_regression": 0.620176852188889,
            "random_forest": 0.643125346771885,
            "mlp": 0.6227763897085762
        },
        "synthetic": {
            "logistic_regression": 0.6201783246809699,
            "random_forest": 0.6431226962861394,
            "mlp": 0.6222289171528835
        },
        "repaired": {
            "logistic_regression": 0.6201709622205652,
            "random_forest": 0.6431197513019775,
            "mlp": 0.6226329689798928
        }
    },
    "violations": {
        "private": 0,
        "synthetic": 118469774,
        "repaired": 0
    },
    "loss_function": {
        "synthetic": {
            "total": 7.86917409522029e-06,
            "size_component": 0.0,
            "marginal_component": 1.573834819044058e-05
        },
        "repaired": {
            "total": 0.00010226878403420505,
            "size_component": 0.0001808220275391359,
            "marginal_component": 2.3715540529274195e-05
        }
    },
    "dataset_name": "census",
    "timestamp": "2026-05-03T17:51:03.151417",
    "experiment_id": "eb031f54",
    "experiment_name": "grid_census_classic_vc",
    "metadata": {
        "loader": "FileLoader",
        "synthesizer": "CoNoise",
        "obtainer": "TopKObtainer",
        "repairer": "ClassicVCRepairer",
        "synthesizer_params": {
            "num_of_iterations": 200,
            "seed": 44
        },
        "obtainer_params": {
            "selection_budget": 0.5,
            "generation_budget": 0.5,
            "k": 20,
            "utility_function": {}
        },
        "repairer_params": {}
    }
}