dataset,experiment_name,experiment_id,timestamp,meta_loader,meta_synthesizer,meta_obtainer,meta_repairer,meta_synthesizer_params_model_path,meta_synthesizer_params_size,meta_synthesizer_params_seed,meta_obtainer_params_selection_budget,meta_obtainer_params_generation_budget,meta_obtainer_params_k,meta_obtainer_params_seed,meta_repairer_params_alpha,repairer,synthesizer,engine,runtime_loading,runtime_synthesizing,runtime_marginals_obtaining,runtime_repairing,deletion_ratio_before,deletion_ratio_after,deletion_ratio_ratio,marginals_error_synthetic_avg,marginals_error_repaired_avg,tvd_2way_synthetic_avg,tvd_2way_repaired_avg,ml_accuracy_synthetic_logistic_regression,ml_accuracy_synthetic_random_forest,ml_accuracy_synthetic_mlp,ml_accuracy_repaired_logistic_regression,ml_accuracy_repaired_random_forest,ml_accuracy_repaired_mlp,violations_private,violations_synthetic,violations_repaired,loss_function_synthetic_total,loss_function_synthetic_size_component,loss_function_synthetic_marginal_component,loss_function_repaired_total,loss_function_repaired_size_component,loss_function_repaired_marginal_component,marginal_generation_quality_avg_relative_error,marginal_selection_quality_precision_at_k,marginal_selection_quality_overlap_count,marginal_selection_quality_k,meta_repairer_params_use_marginals
adult,may_2026_batch,126fb5cd,2026-05-08T11:43:55.391951,FileLoader,SmartNoiseModelLoader,TopKObtainer,ILPRepairer,models/adult_aim.pkl,1000,44,0.5,0.5,20,42,0.5,ILPRepairer,SmartNoiseModelLoader,aim,0.1616334915161132,1.2663166522979736,0.7907629013061523,1.097980260848999,1000,956,0.044,0.34129355315918,0.3185359352785555,0.0729666083639958,0.0769553886133964,0.8187215920723967,0.8386224970312436,0.8076860079439826,0.8178002538798576,0.8385815486671307,0.8071946275746283,0,12837,0,0.0068736260134872,0.0,0.0137472520269745,0.0276717431682989,0.044,0.0113434863365979,,,,,False
adult,may_2026_batch,1985bfd9,2026-05-08T10:26:03.332907,FileLoader,SmartNoiseModelLoader,TopKObtainer,ILPRepairer,models/adult_patectgan.pkl,1000,44,0.5,0.5,20,42,0.5,ILPRepairer,SmartNoiseModelLoader,patectgan,0.140324592590332,0.5604062080383301,0.6448726654052734,2615.830085992813,1000,38,0.962,150.47034271823014,5055314.778226113,0.7363726991406693,0.8468021636746134,0.3954383522378281,0.4298554522746816,0.514966627083248,0.6973301666598419,0.675074730764506,0.6231726792514639,0,260429,0,0.3302925220274613,0.0,0.6605850440549226,0.8135069957116718,0.962,0.6650139914233437,,,,,False
adult,may_2026_batch,2529a573,2026-05-08T09:42:41.347953,FileLoader,SmartNoiseModelLoader,TopKObtainer,ILPRepairer,models/adult_mst.pkl,1000,42,0.5,0.5,20,42,0.5,ILPRepairer,SmartNoiseModelLoader,mst,0.1812641620635986,3.346107721328736,0.7392106056213379,1.0903816223144531,1000,981,0.019,0.2710010524952168,0.2790689799411325,0.0792839878246864,0.0800930234488508,0.8080750174030548,0.7904057982883583,0.7633184554277057,0.8034069038941895,0.7880512673518693,0.7575447360877933,0,8850,0,0.0131292843650308,0.0,0.0262585687300617,0.02232439139867,0.019,0.02564878279734,,,,,False
adult,may_2026_batch,28edc987,2026-05-08T11:43:49.965193,FileLoader,SmartNoiseModelLoader,TopKObtainer,WeightedVCRepairer,models/adult_aim.pkl,1000,44,0.5,0.5,20,42,0.5,WeightedVCRepairer,SmartNoiseModelLoader,aim,0.1404786109924316,0.8256821632385254,0.5973770618438721,0.2925987243652344,1000,956,0.044,0.34129355315918,0.3185359352785555,0.0729666083639958,0.0769553886133964,0.8187215920723967,0.8386224970312436,0.8076860079439826,0.8178002538798576,0.8385815486671307,0.8071946275746283,0,12837,0,0.0068736260134872,0.0,0.0137472520269745,0.0276717431682989,0.044,0.0113434863365979,,,,,
adult,may_2026_batch,2dd93aeb,2026-05-08T11:43:55.151444,FileLoader,SmartNoiseModelLoader,TopKObtainer,ILPRepairer,models/adult_aim.pkl,1000,42,0.5,0.5,20,42,0.5,ILPRepairer,SmartNoiseModelLoader,aim,0.1622877120971679,1.2672669887542725,0.8028838634490967,0.9112026691436768,1000,955,0.045,0.1952319744086404,0.1815695881618785,0.0702869790051887,0.0720132642481037,0.8202571557266287,0.8460546251177266,0.8081773883133369,0.821178493919168,0.844252897096761,0.8080954915851112,0,9241,0,0.0064048017858941,0.0,0.0128096035717882,0.02798124157647,0.045,0.01096248315294,,,,,False
adult,may_2026_batch,39f96414,2026-05-08T10:46:15.717737,FileLoader,SmartNoiseModelLoader,TopKObtainer,ILPRepairer,models/adult_patectgan.pkl,1000,44,0.5,0.5,20,42,0.5,ILPRepairer,SmartNoiseModelLoader,patectgan,0.181563138961792,2.491356611251831,0.7246882915496826,3821.096470594406,1000,0,1.0,150.47034271823014,6834350.4405492265,0.7363726991406693,0.5,0.3954383522378281,0.4298554522746816,0.514966627083248,0.0,0.0,0.0,0,260429,0,0.3302925220274613,0.0,0.6605850440549226,0.8417175220274613,1.0,0.6834350440549226,,,,,True
adult,may_2026_batch,3c0b7b09,2026-05-08T11:43:49.892100,FileLoader,SmartNoiseModelLoader,TopKObtainer,VanillaVCRepairer,models/adult_aim.pkl,1000,42,0.5,0.5,20,42,,VanillaVCRepairer,SmartNoiseModelLoader,aim,0.1430029869079589,0.8542144298553467,0.6090948581695557,0.2110934257507324,1000,955,0.045,0.1952319744086404,0.1815695881618785,0.0702869790051887,0.0720132642481037,0.8202571557266287,0.8460546251177266,0.8081773883133369,0.821178493919168,0.844252897096761,0.8080954915851112,0,9241,0,0.0064048017858941,0.0,0.0128096035717882,0.02798124157647,0.045,0.01096248315294,,,,,
adult,may_2026_batch,3c944f64,2026-05-08T09:42:41.696953,FileLoader,SmartNoiseModelLoader,TopKObtainer,WeightedVCRepairer,models/adult_patectgan.pkl,1000,44,0.5,0.5,20,42,0.5,WeightedVCRepairer,SmartNoiseModelLoader,patectgan,0.168494701385498,1.3611550331115725,0.7125177383422852,7.573314189910889,1000,31,0.969,150.47034271823014,4363353.694990083,0.7363726991406693,0.8479082336467112,0.3954383522378281,0.4298554522746816,0.514966627083248,0.4081118709307563,0.3275664387207731,0.2514024814708652,0,260429,0,0.3302925220274613,0.0,0.6605850440549226,0.8141207478339129,0.969,0.6592414956678257,,,,,
adult,may_2026_batch,45a806e6,2026-05-08T09:42:47.940892,FileLoader,SmartNoiseModelLoader,TopKObtainer,ILPRepairer,models/adult_mst.pkl,1000,43,0.5,0.5,20,42,0.5,ILPRepairer,SmartNoiseModelLoader,mst,0.1806659698486328,3.346782922744751,0.7164156436920166,11.747004270553589,1000,986,0.014,0.7144508921081473,0.713722661348811,0.0783841510331662,0.079112370383724,0.8050243642766471,0.7775889603210352,0.740407845706564,0.8064985053847099,0.7800049138036935,0.7515048523811474,0,4235,0,0.0140391243739984,0.0,0.0280782487479968,0.0210727957735927,0.014,0.0281455915471855,,,,,True
adult,may_2026_batch,4eab2fba,2026-05-08T09:42:38.244912,FileLoader,SmartNoiseModelLoader,TopKObtainer,WeightedVCRepairer,models/adult_mst.pkl,1000,43,0.5,0.5,20,42,0.5,WeightedVCRepairer,SmartNoiseModelLoader,mst,0.1629033088684082,2.1857171058654785,0.718839168548584,0.2048485279083252,1000,986,0.014,0.7144508921081473,0.713722661348811,0.0783841510331662,0.079112370383724,0.8050243642766471,0.7775889603210352,0.740407845706564,0.8064985053847099,0.7800049138036935,0.7515048523811474,0,4235,0,0.0140391243739984,0.0,0.0280782487479968,0.0210727957735927,0.014,0.0281455915471855,,,,,
adult,may_2026_batch,595c2046,2026-05-08T11:43:50.306706,FileLoader,SmartNoiseModelLoader,TopKObtainer,WeightedVCRepairer,models/adult_aim.pkl,1000,43,0.5,0.5,20,42,0.5,WeightedVCRepairer,SmartNoiseModelLoader,aim,0.1403748989105224,0.8507895469665527,0.6000795364379883,0.3070182800292969,1000,955,0.045,0.1924278629463277,0.184539487686122,0.0721186734289965,0.0755382611417553,0.819642930264936,0.8431882396298268,0.8022398755169731,0.8196224560828795,0.8426559108963597,0.8061299701076942,0,10376,0,0.0070010768031598,0.0,0.0140021536063197,0.0298611553371913,0.045,0.0147223106743826,,,,,
adult,may_2026_batch,5f3549bd,2026-05-08T11:43:52.329581,FileLoader,SmartNoiseModelLoader,TopKObtainer,VanillaVCRepairer,models/adult_aim.pkl,1000,44,0.5,0.5,20,42,,VanillaVCRepairer,SmartNoiseModelLoader,aim,0.1524999141693115,0.9583868980407716,0.7205531597137451,0.2640600204467773,1000,956,0.044,0.34129355315918,0.3185359352785555,0.0729666083639958,0.0769553886133964,0.8187215920723967,0.8386224970312436,0.8076860079439826,0.8178002538798576,0.8385815486671307,0.8071946275746283,0,12837,0,0.0068736260134872,0.0,0.0137472520269745,0.0276717431682989,0.044,0.0113434863365979,,,,,
adult,may_2026_batch,6676c3ce,2026-05-08T09:42:38.680791,FileLoader,SmartNoiseModelLoader,TopKObtainer,ILPRepairer,models/adult_mst.pkl,1000,44,0.5,0.5,20,42,0.5,ILPRepairer,SmartNoiseModelLoader,mst,0.1836178302764892,3.506492853164673,0.6991949081420898,0.9516890048980712,1000,980,0.02,0.3634678113158104,0.3564704641663879,0.0788144871412387,0.0805740252309573,0.8006838376806846,0.8099791163343024,0.775951025756521,0.8018099176937882,0.8068260922976127,0.7673723434748781,0,12116,0,0.0131988099435539,0.0,0.0263976198871078,0.0231151364741661,0.02,0.0262302729483323,,,,,False
adult,may_2026_batch,6b04b9e3,2026-05-08T10:51:58.912916,FileLoader,SmartNoiseModelLoader,TopKObtainer,ILPRepairer,models/adult_patectgan.pkl,1000,43,0.5,0.5,20,42,0.5,ILPRepairer,SmartNoiseModelLoader,patectgan,0.1815047264099121,2.4908878803253174,0.7372512817382812,4164.559278011322,1000,0,1.0,651476.7768801784,6834686.70126346,0.739424218422474,0.5,0.2846935014946153,0.3440276810941403,0.5429753081364399,0.0,0.0,0.0,0,259076,0,0.330734335063173,0.0,0.661468670126346,0.841734335063173,1.0,0.683468670126346,,,,,True
adult,may_2026_batch,6deeb792,2026-05-08T11:43:52.603666,FileLoader,SmartNoiseModelLoader,TopKObtainer,VanillaVCRepairer,models/adult_aim.pkl,1000,43,0.5,0.5,20,42,,VanillaVCRepairer,SmartNoiseModelLoader,aim,0.1544039249420166,0.966841459274292,0.7250094413757324,0.2446722984313964,1000,955,0.045,0.1924278629463277,0.184539487686122,0.0721186734289965,0.0755382611417553,0.819642930264936,0.8431882396298268,0.8022398755169731,0.8196224560828795,0.8426559108963597,0.8061299701076942,0,10376,0,0.0070010768031598,0.0,0.0140021536063197,0.0298611553371913,0.045,0.0147223106743826,,,,,
adult,may_2026_batch,6f114334,2026-05-08T09:42:40.133835,FileLoader,SmartNoiseModelLoader,TopKObtainer,ClassicVCRepairer,models/adult_mst.pkl,1000,42,0.5,0.5,20,42,,ClassicVCRepairer,SmartNoiseModelLoader,mst,0.1551485061645507,2.19185733795166,0.7186594009399414,0.1615419387817382,1000,964,0.036,0.2710010524952168,0.2765919722241085,0.0792839878246864,0.0807395218731136,0.8080750174030548,0.7904057982883583,0.7633184554277057,0.8022603496990295,0.7875803611645715,0.7617009950452479,0,8850,0,0.0131292843650308,0.0,0.0262585687300617,0.0306205706720848,0.036,0.0252411413441696,,,,,
adult,may_2026_batch,6f414e84,2026-05-08T09:42:39.991982,FileLoader,SmartNoiseModelLoader,TopKObtainer,ClassicVCRepairer,models/adult_patectgan.pkl,1000,43,0.5,0.5,20,42,,ClassicVCRepairer,SmartNoiseModelLoader,patectgan,0.1558320522308349,1.334334135055542,0.7467131614685059,6.976633310317993,1000,4,0.996,651476.7768801784,6441864.255382519,0.739424218422474,0.9421788624544454,0.2846935014946153,0.3440276810941403,0.5429753081364399,0.7015683223455222,0.757913271364809,0.600200646984153,0,259076,0,0.330734335063173,0.0,0.661468670126346,0.833484335063173,0.996,0.670968670126346,,,,,
adult,may_2026_batch,7737c9b3,2026-05-08T11:44:35.042590,FileLoader,SmartNoiseModelLoader,TopKObtainer,ILPRepairer,models/adult_aim.pkl,1000,44,0.5,0.5,20,42,0.5,ILPRepairer,SmartNoiseModelLoader,aim,0.169264554977417,1.2568504810333252,0.7837491035461426,44.72836351394653,1000,956,0.044,0.34129355315918,0.3185359352785555,0.0729666083639958,0.0769553886133964,0.8187215920723967,0.8386224970312436,0.8076860079439826,0.8178002538798576,0.8385815486671307,0.8071946275746283,0,12837,0,0.0068736260134872,0.0,0.0137472520269745,0.0276717431682989,0.044,0.0113434863365979,,,,,True
adult,may_2026_batch,77dd83b5,2026-05-08T09:42:40.740652,FileLoader,SmartNoiseModelLoader,TopKObtainer,VanillaVCRepairer,models/adult_patectgan.pkl,1000,43,0.5,0.5,20,42,,VanillaVCRepairer,SmartNoiseModelLoader,patectgan,0.1663627624511718,1.346081018447876,0.7240595817565918,7.1589674949646,1000,31,0.969,651476.7768801784,4227558.384975774,0.739424218422474,0.8416767669486444,0.2846935014946153,0.3440276810941403,0.5429753081364399,0.2594693092010974,0.2989640063879448,0.2490274763523197,0,259076,0,0.330734335063173,0.0,0.661468670126346,0.8141375608696246,0.969,0.6592751217392493,,,,,
adult,may_2026_batch,785e523d,2026-05-08T11:43:52.120170,FileLoader,SmartNoiseModelLoader,TopKObtainer,ClassicVCRepairer,models/adult_aim.pkl,1000,42,0.5,0.5,20,42,,ClassicVCRepairer,SmartNoiseModelLoader,aim,0.1544089317321777,0.952500581741333,0.7173995971679688,0.2364952564239502,1000,910,0.09,0.1952319744086404,0.1750412298913419,0.0702869790051887,0.0759448622884658,0.8202571557266287,0.8460546251177266,0.8081773883133369,0.8202571557266287,0.8452970803816388,0.8079521723107161,0,9241,0,0.0064048017858941,0.0,0.0128096035717882,0.0500988970806351,0.09,0.0101977941612701,,,,,
adult,may_2026_batch,7f6d840f,2026-05-08T09:42:40.783915,FileLoader,SmartNoiseModelLoader,TopKObtainer,WeightedVCRepairer,models/adult_patectgan.pkl,1000,43,0.5,0.5,20,42,0.5,WeightedVCRepairer,SmartNoiseModelLoader,patectgan,0.1668863296508789,1.3450016975402832,0.7354753017425537,7.630031585693359,1000,31,0.969,651476.7768801784,3234809.187536434,0.739424218422474,0.8426134780754215,0.2846935014946153,0.3440276810941403,0.5429753081364399,0.3694566152082224,0.4840096638139306,0.4157077924736906,0,259076,0,0.330734335063173,0.0,0.661468670126346,0.8117182060309149,0.969,0.6544364120618299,,,,,
adult,may_2026_batch,95888b98,2026-05-08T11:44:16.145267,FileLoader,SmartNoiseModelLoader,TopKObtainer,ILPRepairer,models/adult_aim.pkl,1000,43,0.5,0.5,20,42,0.5,ILPRepairer,SmartNoiseModelLoader,aim,0.1523478031158447,1.177553415298462,0.7194318771362305,26.75861930847168,1000,955,0.045,0.1924278629463277,0.184539487686122,0.0721186734289965,0.0755382611417553,0.819642930264936,0.8431882396298268,0.8022398755169731,0.8196224560828795,0.8426559108963597,0.8061299701076942,0,10376,0,0.0070010768031598,0.0,0.0140021536063197,0.0298611553371913,0.045,0.0147223106743826,,,,,True
adult,may_2026_batch,9605817d,2026-05-08T09:42:38.284353,FileLoader,SmartNoiseModelLoader,TopKObtainer,VanillaVCRepairer,models/adult_mst.pkl,1000,43,0.5,0.5,20,42,,VanillaVCRepairer,SmartNoiseModelLoader,mst,0.1607401371002197,2.1864304542541504,0.718541145324707,0.1820530891418457,1000,986,0.014,0.7144508921081473,0.713722661348811,0.0783841510331662,0.079112370383724,0.8050243642766471,0.7775889603210352,0.740407845706564,0.8064985053847099,0.7800049138036935,0.7515048523811474,0,4235,0,0.0140391243739984,0.0,0.0280782487479968,0.0210727957735927,0.014,0.0281455915471855,,,,,
adult,may_2026_batch,a76cd26e,2026-05-08T11:43:52.921749,FileLoader,SmartNoiseModelLoader,TopKObtainer,ClassicVCRepairer,models/adult_aim.pkl,1000,43,0.5,0.5,20,42,,ClassicVCRepairer,SmartNoiseModelLoader,aim,0.1519665718078613,0.9566237926483154,0.7080550193786621,0.2687749862670898,1000,916,0.084,0.1924278629463277,0.1908012749928699,0.0721186734289965,0.0786668202081309,0.819642930264936,0.8431882396298268,0.8022398755169731,0.8188649113467917,0.8423692723475698,0.8043077679046722,0,10376,0,0.0070010768031598,0.0,0.0140021536063197,0.0488066444887494,0.084,0.0136132889774988,,,,,
adult,may_2026_batch,a76d9138,2026-05-08T09:42:41.768162,FileLoader,SmartNoiseModelLoader,TopKObtainer,WeightedVCRepairer,models/adult_patectgan.pkl,1000,42,0.5,0.5,20,42,0.5,WeightedVCRepairer,SmartNoiseModelLoader,patectgan,0.1747376918792724,1.3267414569854736,0.7133669853210449,7.6233601570129395,1000,27,0.973,427545.89676511567,4919957.583322398,0.7347222839047579,0.8571004066165333,0.3236149215838827,0.4281560951639982,0.3910159289136399,0.3239220343147291,0.6521845952254207,0.3199705171778387,0,263375,0,0.3298524081002023,0.0,0.6597048162004047,0.8078820377298319,0.973,0.642764075459664,,,,,
adult,may_2026_batch,a78d382b,2026-05-08T09:42:40.955662,FileLoader,SmartNoiseModelLoader,TopKObtainer,VanillaVCRepairer,models/adult_patectgan.pkl,1000,44,0.5,0.5,20,42,,VanillaVCRepairer,SmartNoiseModelLoader,patectgan,0.1670508384704589,1.3435115814208984,0.7300426959991455,6.681246519088745,1000,31,0.969,150.47034271823014,6268715.609210866,0.7363726991406693,0.8651908146592123,0.3954383522378281,0.4298554522746816,0.514966627083248,0.2394865075140248,0.2550059375127964,0.2405716391630154,0,260429,0,0.3302925220274613,0.0,0.6605850440549226,0.8246046188016549,0.969,0.6802092376033098,,,,,
adult,may_2026_batch,aa8d4c8b,2026-05-08T09:42:40.853937,FileLoader,SmartNoiseModelLoader,TopKObtainer,VanillaVCRepairer,models/adult_patectgan.pkl,1000,42,0.5,0.5,20,42,,VanillaVCRepairer,SmartNoiseModelLoader,patectgan,0.1653892993927002,1.3446357250213623,0.7108850479125977,6.81596302986145,1000,27,0.973,427545.89676511567,4982597.202254036,0.7347222839047579,0.8721175872357232,0.3236149215838827,0.4281560951639982,0.3910159289136399,0.5529257606158634,0.6193644813889685,0.5519429998771549,0,263375,0,0.3298524081002023,0.0,0.6597048162004047,0.8134375932853876,0.973,0.6538751865707751,,,,,
adult,may_2026_batch,b35e6800,2026-05-08T09:42:40.423293,FileLoader,SmartNoiseModelLoader,TopKObtainer,WeightedVCRepairer,models/adult_mst.pkl,1000,42,0.5,0.5,20,42,0.5,WeightedVCRepairer,SmartNoiseModelLoader,mst,0.1660559177398681,2.1826446056365967,0.7263050079345703,0.2223429679870605,1000,981,0.019,0.2710010524952168,0.2790689799411325,0.0792839878246864,0.0800930234488508,0.8080750174030548,0.7904057982883583,0.7633184554277057,0.8034069038941895,0.7880512673518693,0.7575447360877933,0,8850,0,0.0131292843650308,0.0,0.0262585687300617,0.02232439139867,0.019,0.02564878279734,,,,,
adult,may_2026_batch,b3922491,2026-05-08T10:54:39.779966,FileLoader,SmartNoiseModelLoader,TopKObtainer,ILPRepairer,models/adult_patectgan.pkl,1000,42,0.5,0.5,20,42,0.5,ILPRepairer,SmartNoiseModelLoader,patectgan,0.1806247234344482,2.49466323852539,0.7229382991790771,4324.821677684784,1000,0,1.0,427545.89676511567,6835048.162004048,0.7347222839047579,0.5,0.3236149215838827,0.4281560951639982,0.3910159289136399,0.0,0.0,0.0,0,263375,0,0.3298524081002023,0.0,0.6597048162004047,0.8417524081002024,1.0,0.6835048162004047,,,,,True
adult,may_2026_batch,b3f67448,2026-05-08T12:15:02.574851,FileLoader,SmartNoiseModelLoader,TopKObtainer,ILPRepairer,models/adult_patectgan.pkl,1000,42,0.5,0.5,20,42,0.5,ILPRepairer,SmartNoiseModelLoader,patectgan,0.1816232204437255,2.4912004470825195,0.7375340461730957,9149.000185728071,1000,36,0.964,427545.89676511567,3690103.693986299,0.7347222839047579,0.8468988005595848,0.3236149215838827,0.4281560951639982,0.3910159289136399,0.2952172310716187,0.55179968060276,0.3251300110560583,0,263375,0,0.3298524081002023,0.0,0.6597048162004047,0.8126412969890913,0.964,0.6612825939781825,,,,,False
adult,may_2026_batch,bab8bc78,2026-05-08T09:42:38.718881,FileLoader,SmartNoiseModelLoader,TopKObtainer,WeightedVCRepairer,models/adult_mst.pkl,1000,44,0.5,0.5,20,42,0.5,WeightedVCRepairer,SmartNoiseModelLoader,mst,0.1628694534301757,2.183870553970337,0.706660270690918,0.2602479457855224,1000,980,0.02,0.3634678113158104,0.3564704641663879,0.0788144871412387,0.0805740252309573,0.8006838376806846,0.8099791163343024,0.775951025756521,0.8018099176937882,0.8068260922976127,0.7673723434748781,0,12116,0,0.0131988099435539,0.0,0.0263976198871078,0.0231151364741661,0.02,0.0262302729483323,,,,,
adult,may_2026_batch,c082d71e,2026-05-08T11:41:55.993049,FileLoader,SmartNoiseModelLoader,TopKObtainer,ILPRepairer,models/adult_patectgan.pkl,1000,43,0.5,0.5,20,42,0.5,ILPRepairer,SmartNoiseModelLoader,patectgan,0.1823399066925048,2.492608070373535,0.7359271049499512,7162.843999624252,1000,37,0.963,651476.7768801784,5344391.80387339,0.739424218422474,0.8555137815487514,0.2846935014946153,0.3440276810941403,0.5429753081364399,0.2554154211539249,0.3239425084967856,0.2745383071946276,0,259076,0,0.330734335063173,0.0,0.661468670126346,0.8137748756037135,0.963,0.6645497512074271,,,,,False
adult,may_2026_batch,c0e7199b,2026-05-08T09:42:37.497275,FileLoader,SmartNoiseModelLoader,TopKObtainer,ClassicVCRepairer,models/adult_mst.pkl,1000,44,0.5,0.5,20,42,,ClassicVCRepairer,SmartNoiseModelLoader,mst,0.1653618812561035,2.1747076511383057,0.7286155223846436,0.1611182689666748,1000,960,0.04,0.3634678113158104,0.3721275381058184,0.0788144871412387,0.08187112290489,0.8006838376806846,0.8099791163343024,0.775951025756521,0.8017894435117318,0.8049424675484215,0.7765652512182138,0,12116,0,0.0131988099435539,0.0,0.0263976198871078,0.0332883932768872,0.04,0.0265767865537745,,,,,
adult,may_2026_batch,c2fadf9a,2026-05-08T11:43:50.099286,FileLoader,SmartNoiseModelLoader,TopKObtainer,WeightedVCRepairer,models/adult_aim.pkl,1000,42,0.5,0.5,20,42,0.5,WeightedVCRepairer,SmartNoiseModelLoader,aim,0.1398591995239257,0.8202812671661377,0.5975489616394043,0.2834827899932861,1000,955,0.045,0.1952319744086404,0.1815695881618785,0.0702869790051887,0.0720132642481037,0.8202571557266287,0.8460546251177266,0.8081773883133369,0.821178493919168,0.844252897096761,0.8080954915851112,0,9241,0,0.0064048017858941,0.0,0.0128096035717882,0.02798124157647,0.045,0.01096248315294,,,,,
adult,may_2026_batch,cc2181da,2026-05-08T11:43:55.491206,FileLoader,SmartNoiseModelLoader,TopKObtainer,ILPRepairer,models/adult_aim.pkl,1000,43,0.5,0.5,20,42,0.5,ILPRepairer,SmartNoiseModelLoader,aim,0.1616909503936767,1.288301706314087,0.8017230033874512,1.0096712112426758,1000,955,0.045,0.1924278629463277,0.184539487686122,0.0721186734289965,0.0755382611417553,0.819642930264936,0.8431882396298268,0.8022398755169731,0.8196224560828795,0.8426559108963597,0.8061299701076942,0,10376,0,0.0070010768031598,0.0,0.0140021536063197,0.0298611553371913,0.045,0.0147223106743826,,,,,False
adult,may_2026_batch,d24293a4,2026-05-08T09:42:37.786822,FileLoader,SmartNoiseModelLoader,TopKObtainer,ILPRepairer,models/adult_mst.pkl,1000,43,0.5,0.5,20,42,0.5,ILPRepairer,SmartNoiseModelLoader,mst,0.1810319423675537,3.505183458328247,0.7031254768371582,0.4649055004119873,1000,986,0.014,0.7144508921081473,0.713722661348811,0.0783841510331662,0.079112370383724,0.8050243642766471,0.7775889603210352,0.740407845706564,0.8064985053847099,0.7800049138036935,0.7515048523811474,0,4235,0,0.0140391243739984,0.0,0.0280782487479968,0.0210727957735927,0.014,0.0281455915471855,,,,,False
adult,may_2026_batch,d4860dbe,2026-05-08T09:42:51.764202,FileLoader,SmartNoiseModelLoader,TopKObtainer,ILPRepairer,models/adult_mst.pkl,1000,44,0.5,0.5,20,42,0.5,ILPRepairer,SmartNoiseModelLoader,mst,0.1815783977508545,3.348006248474121,0.7309308052062988,14.352924585342407,1000,980,0.02,0.3634678113158104,0.3564704641663879,0.0788144871412387,0.0805740252309573,0.8006838376806846,0.8099791163343024,0.775951025756521,0.8018099176937882,0.8068260922976127,0.7673723434748781,0,12116,0,0.0131988099435539,0.0,0.0263976198871078,0.0231151364741661,0.02,0.0262302729483323,,,,,True
adult,may_2026_batch,d7e4bee0,2026-05-08T11:44:21.114868,FileLoader,SmartNoiseModelLoader,TopKObtainer,ILPRepairer,models/adult_aim.pkl,1000,42,0.5,0.5,20,42,0.5,ILPRepairer,SmartNoiseModelLoader,aim,0.1519334316253662,1.1608760356903076,0.727532148361206,31.775343894958496,1000,955,0.045,0.1952319744086404,0.1815695881618785,0.0702869790051887,0.0720132642481037,0.8202571557266287,0.8460546251177266,0.8081773883133369,0.821178493919168,0.844252897096761,0.8080954915851112,0,9241,0,0.0064048017858941,0.0,0.0128096035717882,0.02798124157647,0.045,0.01096248315294,,,,,True
adult,may_2026_batch,dd6e250d,2026-05-08T09:42:40.313536,FileLoader,SmartNoiseModelLoader,TopKObtainer,VanillaVCRepairer,models/adult_mst.pkl,1000,42,0.5,0.5,20,42,,VanillaVCRepairer,SmartNoiseModelLoader,mst,0.1614818572998047,2.185335874557495,0.707801103591919,0.1818253993988037,1000,981,0.019,0.2710010524952168,0.2790689799411325,0.0792839878246864,0.0800930234488508,0.8080750174030548,0.7904057982883583,0.7633184554277057,0.8034069038941895,0.7880512673518693,0.7575447360877933,0,8850,0,0.0131292843650308,0.0,0.0262585687300617,0.02232439139867,0.019,0.02564878279734,,,,,
adult,may_2026_batch,df7eb16f,2026-05-08T11:43:51.922718,FileLoader,SmartNoiseModelLoader,TopKObtainer,ClassicVCRepairer,models/adult_aim.pkl,1000,44,0.5,0.5,20,42,,ClassicVCRepairer,SmartNoiseModelLoader,aim,0.1540002822875976,0.9419560432434082,0.7105200290679932,0.2564179897308349,1000,914,0.086,0.34129355315918,0.3098020707069011,0.0729666083639958,0.0809350347525827,0.8187215920723967,0.8386224970312436,0.8076860079439826,0.8160190000409484,0.8406699152368863,0.8081159657671676,0,12837,0,0.0068736260134872,0.0,0.0137472520269745,0.0484967226196812,0.086,0.0109934452393625,,,,,
adult,may_2026_batch,dfb249cc,2026-05-08T09:42:53.256455,FileLoader,SmartNoiseModelLoader,TopKObtainer,ILPRepairer,models/adult_mst.pkl,1000,42,0.5,0.5,20,42,0.5,ILPRepairer,SmartNoiseModelLoader,mst,0.1811871528625488,3.3460044860839844,0.7121610641479492,15.135363101959229,1000,981,0.019,0.2710010524952168,0.2790689799411325,0.0792839878246864,0.0800930234488508,0.8080750174030548,0.7904057982883583,0.7633184554277057,0.8034069038941895,0.7880512673518693,0.7575447360877933,0,8850,0,0.0131292843650308,0.0,0.0262585687300617,0.02232439139867,0.019,0.02564878279734,,,,,True
adult,may_2026_batch,dfd2d4be,2026-05-08T09:42:41.189022,FileLoader,SmartNoiseModelLoader,TopKObtainer,ClassicVCRepairer,models/adult_patectgan.pkl,1000,44,0.5,0.5,20,42,,ClassicVCRepairer,SmartNoiseModelLoader,patectgan,0.1554250717163086,1.3356287479400637,0.7171390056610107,7.311858415603638,1000,2,0.998,150.47034271823014,6191518.444997858,0.7363726991406693,0.9682184146743338,0.3954383522378281,0.4298554522746816,0.514966627083248,0.4042217763400352,0.6503419188403423,0.3332377871504033,0,260429,0,0.3302925220274613,0.0,0.6605850440549226,0.8157175220274613,0.998,0.6334350440549226,,,,,
adult,may_2026_batch,ea0e7cf8,2026-05-08T09:42:38.182171,FileLoader,SmartNoiseModelLoader,TopKObtainer,ClassicVCRepairer,models/adult_mst.pkl,1000,43,0.5,0.5,20,42,,ClassicVCRepairer,SmartNoiseModelLoader,mst,0.1567647457122802,2.190250396728516,0.713752269744873,0.1630656719207763,1000,972,0.028,0.7144508921081473,0.7153550947109155,0.0783841510331662,0.079863006417338,0.8050243642766471,0.7775889603210352,0.740407845706564,0.8065599279308792,0.7804962941730478,0.7425576348224888,0,4235,0,0.0140391243739984,0.0,0.0280782487479968,0.0282103177896362,0.028,0.0284206355792725,,,,,
adult,may_2026_batch,ed588d3c,2026-05-08T09:42:38.875553,FileLoader,SmartNoiseModelLoader,TopKObtainer,VanillaVCRepairer,models/adult_mst.pkl,1000,44,0.5,0.5,20,42,,VanillaVCRepairer,SmartNoiseModelLoader,mst,0.156407356262207,2.1914708614349365,0.7182261943817139,0.1912679672241211,1000,980,0.02,0.3634678113158104,0.3564704641663879,0.0788144871412387,0.0805740252309573,0.8006838376806846,0.8099791163343024,0.775951025756521,0.8018099176937882,0.8068260922976127,0.7673723434748781,0,12116,0,0.0131988099435539,0.0,0.0263976198871078,0.0231151364741661,0.02,0.0262302729483323,,,,,
adult,may_2026_batch,ff0e4321,2026-05-08T09:42:40.486342,FileLoader,SmartNoiseModelLoader,TopKObtainer,ClassicVCRepairer,models/adult_patectgan.pkl,1000,42,0.5,0.5,20,42,,ClassicVCRepairer,SmartNoiseModelLoader,patectgan,0.1535630226135254,1.3363773822784424,0.7278940677642822,6.909767389297485,1000,6,0.994,427545.89676511567,6835048.162004048,0.7347222839047579,0.9515784944391468,0.3236149215838827,0.4281560951639982,0.3910159289136399,0.7565415011670283,0.7605953892142009,0.7144670570410712,0,263375,0,0.3298524081002023,0.0,0.6597048162004047,0.8387524081002024,0.994,0.6835048162004047,,,,,
census,may_2026_batch,0cdb3962,2026-05-08T09:44:02.657720,FileLoader,SmartNoiseModelLoader,TopKObtainer,ILPRepairer,models/census_mst.pkl,1000,44,0.5,0.5,20,42,0.5,ILPRepairer,SmartNoiseModelLoader,mst,1.5457556247711182,4.158845663070679,4.900207996368408,7.950136661529541,1000,999,0.001,0.213210736465905,0.2134660236261369,0.1032848680234797,0.1033242220779106,0.6203562017243471,0.5749477854308099,0.5659823701468133,0.6203238068985665,0.5751642417667078,0.5654080982352477,0,2,0,0.0078715102958757,0.0,0.0157430205917514,0.0083565203058857,0.001,0.0157130406117714,,,,,True
census,may_2026_batch,1df339eb,2026-05-08T11:45:09.963308,FileLoader,SmartNoiseModelLoader,TopKObtainer,VanillaVCRepairer,models/census_aim.pkl,1000,44,0.5,0.5,20,42,,VanillaVCRepairer,SmartNoiseModelLoader,aim,1.3271276950836182,1.0711519718170166,5.11497950553894,0.0191805362701416,1000,999,0.001,0.3062058630017711,0.3068552897704072,0.1057952771120711,0.1058995530532847,0.6180726610052291,0.5776786692441168,0.5761031027175136,0.6181021108468479,0.577342941049663,0.5783159638167465,0,5,0,0.0042998737974348,0.0,0.0085997475948696,0.0048376115351725,0.001,0.008675223070345,,,,,
census,may_2026_batch,1e15b3b3,2026-05-08T09:43:59.834753,FileLoader,SmartNoiseModelLoader,TopKObtainer,ILPRepairer,models/census_mst.pkl,1000,43,0.5,0.5,20,42,0.5,ILPRepairer,SmartNoiseModelLoader,mst,1.545748949050903,4.157520294189453,4.911236047744751,8.4783296585083,1000,998,0.002,0.2444987622250928,0.2432694293307374,0.0969730668577036,0.0969989175615863,0.6192285672887651,0.5708407105186588,0.5662321048037403,0.619255072146222,0.5726159469714371,0.5620929295642249,0,9,0,0.0057560328840024,0.0,0.0115120657680048,0.0068075358900144,0.002,0.0116150717800289,,,,,True
census,may_2026_batch,22d0aaac,2026-05-08T09:43:57.345411,FileLoader,SmartNoiseModelLoader,TopKObtainer,WeightedVCRepairer,models/census_mst.pkl,1000,43,0.5,0.5,20,42,0.5,WeightedVCRepairer,SmartNoiseModelLoader,mst,1.3097739219665527,3.6294453144073486,5.021568298339844,0.0253393650054931,1000,998,0.002,0.2444987622250928,0.2432694293307374,0.0969730668577036,0.0969989175615863,0.6192285672887651,0.5708407105186588,0.5662321048037403,0.619255072146222,0.5726159469714371,0.5620929295642249,0,9,0,0.0057560328840024,0.0,0.0115120657680048,0.0068075358900144,0.002,0.0116150717800289,,,,,
census,may_2026_batch,255ae886,2026-05-08T11:45:09.943647,FileLoader,SmartNoiseModelLoader,TopKObtainer,WeightedVCRepairer,models/census_aim.pkl,1000,44,0.5,0.5,20,42,0.5,WeightedVCRepairer,SmartNoiseModelLoader,aim,1.3329970836639404,1.0813851356506348,5.124414682388306,0.0246989727020263,1000,999,0.001,0.3062058630017711,0.3068552897704072,0.1057952771120711,0.1058995530532847,0.6180726610052291,0.5776786692441168,0.5761031027175136,0.6181021108468479,0.577342941049663,0.5783159638167465,0,5,0,0.0042998737974348,0.0,0.0085997475948696,0.0048376115351725,0.001,0.008675223070345,,,,,
census,may_2026_batch,266a3e79,2026-05-08T09:43:58.818888,FileLoader,SmartNoiseModelLoader,TopKObtainer,ClassicVCRepairer,models/census_mst.pkl,1000,42,0.5,0.5,20,42,,ClassicVCRepairer,SmartNoiseModelLoader,mst,1.2992897033691406,3.640271663665772,5.062811851501465,0.0227246284484863,1000,994,0.006,0.2330544920446255,0.2356304086331445,0.1021022901122409,0.102573624930797,0.6195277776796116,0.5727340408363284,0.5606010005878188,0.6195224767081202,0.5720578724727619,0.5607712206723752,0,62,0,0.0080803321731967,0.0,0.0161606643463935,0.0114651913281263,0.006,0.0169303826562527,,,,,
census,may_2026_batch,33c534ee,2026-05-08T11:45:10.147696,FileLoader,SmartNoiseModelLoader,TopKObtainer,VanillaVCRepairer,models/census_aim.pkl,1000,43,0.5,0.5,20,42,,VanillaVCRepairer,SmartNoiseModelLoader,aim,1.3441941738128662,1.0480327606201172,5.129509210586548,0.016003131866455,1000,1000,0.0,0.1842230986974175,0.1842230986974175,0.1033375301040488,0.1033375301040488,0.6185032176896953,0.5786234201632464,0.5684484998839676,0.6185032176896953,0.5786234201632464,0.5684484998839676,0,0,0,0.0045837553283862,0.0,0.0091675106567724,0.0045837553283862,0.0,0.0091675106567724,,,,,
census,may_2026_batch,368640b4,2026-05-08T09:44:16.379261,FileLoader,SmartNoiseModelLoader,TopKObtainer,WeightedVCRepairer,models/census_patectgan.pkl,1000,44,0.5,0.5,20,42,0.5,WeightedVCRepairer,SmartNoiseModelLoader,patectgan,1.1212997436523438,11.36281394958496,4.373516798019409,3.084865093231201,1000,152,0.848,59066.48155897328,198816.5208487994,0.6359688535530056,0.7045434595099175,0.0107733410609717,0.0223677437062743,0.0442183481937234,0.0534658929604276,0.0853677283923567,0.0775844297509368,0,59546,0,0.1195764910895862,0.0,0.2391529821791725,0.5325436235401088,0.848,0.2170872470802174,,,,,
census,may_2026_batch,3cef9ad7,2026-05-08T11:45:11.742007,FileLoader,SmartNoiseModelLoader,TopKObtainer,ILPRepairer,models/census_aim.pkl,1000,44,0.5,0.5,20,42,0.5,ILPRepairer,SmartNoiseModelLoader,aim,1.3260259628295898,1.3685238361358645,5.48683762550354,0.0652761459350586,1000,999,0.001,0.3062058630017711,0.3068552897704072,0.1057952771120711,0.1058995530532847,0.6180726610052291,0.5776786692441168,0.5761031027175136,0.6181021108468479,0.577342941049663,0.5783159638167465,0,5,0,0.0042998737974348,0.0,0.0085997475948696,0.0048376115351725,0.001,0.008675223070345,,,,,False
census,may_2026_batch,3e2625dd,2026-05-08T09:44:21.420148,FileLoader,SmartNoiseModelLoader,TopKObtainer,VanillaVCRepairer,models/census_patectgan.pkl,1000,43,0.5,0.5,20,42,,VanillaVCRepairer,SmartNoiseModelLoader,patectgan,1.0394225120544434,10.971326351165771,4.750779390335083,2.18241286277771,1000,157,0.843,22.878071518589632,202575.51595148584,0.6455746184520591,0.722444946720649,0.0438516976655699,0.0450267463461581,0.0099593474386294,0.0820519707245014,0.0342728421806547,0.0449451702848742,0,57249,0,0.120909049091777,0.0,0.2418180981835541,0.54150602361407,0.843,0.24001204722814,,,,,
census,may_2026_batch,45cfcd59,2026-05-08T09:44:53.082008,FileLoader,SmartNoiseModelLoader,TopKObtainer,ILPRepairer,models/census_patectgan.pkl,1000,44,0.5,0.5,20,42,0.5,ILPRepairer,SmartNoiseModelLoader,patectgan,1.1335217952728271,11.44362497329712,4.819594383239746,28.28878259658813,1000,154,0.846,59066.48155897328,531471.9369295465,0.6359688535530056,0.720500535261526,0.0107733410609717,0.0223677437062743,0.0442183481937234,0.0198568502098595,0.0306351977439065,0.0197905880662173,0,59546,0,0.1195764910895862,0.0,0.2391529821791725,0.5360570377574703,0.846,0.2261140755149406,,,,,False
census,may_2026_batch,4adcebca,2026-05-08T09:44:09.590971,FileLoader,SmartNoiseModelLoader,TopKObtainer,ClassicVCRepairer,models/census_patectgan.pkl,1000,44,0.5,0.5,20,42,,ClassicVCRepairer,SmartNoiseModelLoader,patectgan,1.0322182178497314,9.829187393188477,4.7681379318237305,2.2609589099884038,1000,28,0.972,59066.48155897328,1221512.2675230606,0.6359688535530056,0.8123805027600032,0.0107733410609717,0.0223677437062743,0.0442183481937234,0.0040826315436075,0.0064636512384836,0.0090128295290027,0,59546,0,0.1195764910895862,0.0,0.2391529821791725,0.5974336611340937,0.972,0.2228673222681874,,,,,
census,may_2026_batch,4d9e42c1,2026-05-08T09:43:50.955701,FileLoader,SmartNoiseModelLoader,TopKObtainer,ILPRepairer,models/census_mst.pkl,1000,43,0.5,0.5,20,42,0.5,ILPRepairer,SmartNoiseModelLoader,mst,1.545626163482666,4.159294128417969,4.897083282470703,0.4212100505828857,1000,998,0.002,0.2444987622250928,0.2432694293307374,0.0969730668577036,0.0969989175615863,0.6192285672887651,0.5708407105186588,0.5662321048037403,0.619255072146222,0.5726159469714371,0.5620929295642249,0,9,0,0.0057560328840024,0.0,0.0115120657680048,0.0068075358900144,0.002,0.0116150717800289,,,,,False
census,may_2026_batch,510e1112,2026-05-08T09:43:56.735736,FileLoader,SmartNoiseModelLoader,TopKObtainer,ILPRepairer,models/census_mst.pkl,1000,44,0.5,0.5,20,42,0.5,ILPRepairer,SmartNoiseModelLoader,mst,1.545630693435669,4.159729719161987,4.877364635467529,0.4412379264831543,1000,999,0.001,0.213210736465905,0.2134660236261369,0.1032848680234797,0.1033242220779106,0.6203562017243471,0.5749477854308099,0.5659823701468133,0.6203238068985665,0.5751642417667078,0.5654080982352477,0,2,0,0.0078715102958757,0.0,0.0157430205917514,0.0083565203058857,0.001,0.0157130406117714,,,,,False
census,may_2026_batch,587fb8ea,2026-05-08T11:45:09.944181,FileLoader,SmartNoiseModelLoader,TopKObtainer,ClassicVCRepairer,models/census_aim.pkl,1000,42,0.5,0.5,20,42,,ClassicVCRepairer,SmartNoiseModelLoader,aim,1.3359699249267578,1.0712831020355225,5.112859725952148,0.0192213058471679,1000,998,0.002,0.2791694059109461,0.2781609415782579,0.1023504059534453,0.1025494071991721,0.6185400299917188,0.5802284365314684,0.5747007012596286,0.6185479814489557,0.5790804817051693,0.574096685008028,0,7,0,0.0046064371005848,0.0,0.0092128742011697,0.0056152547358554,0.002,0.0092305094717108,,,,,
census,may_2026_batch,5e4e8e4c,2026-05-08T09:43:56.081142,FileLoader,SmartNoiseModelLoader,TopKObtainer,ClassicVCRepairer,models/census_mst.pkl,1000,44,0.5,0.5,20,42,,ClassicVCRepairer,SmartNoiseModelLoader,mst,1.224862813949585,3.712421178817749,4.814820766448975,0.0233974456787109,1000,998,0.002,0.213210736465905,0.211760805439878,0.1032848680234797,0.1032984225661864,0.6203562017243471,0.5749477854308099,0.5659823701468133,0.6203220399080693,0.575934060626622,0.5689102734005497,0,2,0,0.0078715102958757,0.0,0.0157430205917514,0.0087914000754348,0.002,0.0155828001508696,,,,,
census,may_2026_batch,62e22dd6,2026-05-08T09:44:46.960645,FileLoader,SmartNoiseModelLoader,TopKObtainer,ILPRepairer,models/census_patectgan.pkl,1000,43,0.5,0.5,20,42,0.5,ILPRepairer,SmartNoiseModelLoader,patectgan,1.0827555656433103,11.440967082977297,4.6300859451293945,24.752222776412964,1000,159,0.841,22.878071518589632,686680.3338547486,0.6455746184520591,0.7347840872240361,0.0438516976655699,0.0450267463461581,0.0099593474386294,0.0116965935957196,0.0119645871544502,0.0147950114324285,0,57249,0,0.120909049091777,0.0,0.2418180981835541,0.5412711560100161,0.841,0.2415423120200321,,,,,False
census,may_2026_batch,66c780a4,2026-05-08T09:43:58.450117,FileLoader,SmartNoiseModelLoader,TopKObtainer,ClassicVCRepairer,models/census_mst.pkl,1000,43,0.5,0.5,20,42,,ClassicVCRepairer,SmartNoiseModelLoader,mst,1.3037772178649902,3.63439679145813,4.935234308242798,0.020576000213623,1000,996,0.004,0.2444987622250928,0.2433247806057172,0.0969730668577036,0.0973056925858544,0.6192285672887651,0.5708407105186588,0.5662321048037403,0.6192762760321875,0.569977241162397,0.5597602076096034,0,9,0,0.0057560328840024,0.0,0.0115120657680048,0.007859245735408,0.004,0.0117184914708161,,,,,
census,may_2026_batch,6d50f89a,2026-05-08T11:45:01.430244,FileLoader,SmartNoiseModelLoader,TopKObtainer,WeightedVCRepairer,models/census_aim.pkl,1000,42,0.5,0.5,20,42,0.5,WeightedVCRepairer,SmartNoiseModelLoader,aim,1.3572049140930176,1.1208138465881348,6.307508945465088,0.0364723205566406,1000,999,0.001,0.2791694059109461,0.2782902395815091,0.1023504059534453,0.1022809513313706,0.6185400299917188,0.5802284365314684,0.5747007012596286,0.6185297225471521,0.5810783589605855,0.5757276172368745,0,7,0,0.0046064371005848,0.0,0.0092128742011697,0.0050733039674517,0.001,0.0091466079349034,,,,,
census,may_2026_batch,6d55cdfa,2026-05-08T09:44:13.115483,FileLoader,SmartNoiseModelLoader,TopKObtainer,WeightedVCRepairer,models/census_patectgan.pkl,1000,42,0.5,0.5,20,42,0.5,WeightedVCRepairer,SmartNoiseModelLoader,patectgan,1.2377588748931885,9.301278591156006,4.406074047088623,3.573796033859253,1000,147,0.853,59071.69126130125,412522.398026722,0.6452003018777052,0.6968385494995839,0.0176872803778061,0.0203227467042682,0.0179231736091723,0.0244910772869863,0.0213299312876295,0.0175132318138393,0,59229,0,0.1204540425591857,0.0,0.2409080851183715,0.5355764915387776,0.853,0.2181529830775551,,,,,
census,may_2026_batch,71cc1f02,2026-05-08T11:45:12.302999,FileLoader,SmartNoiseModelLoader,TopKObtainer,ILPRepairer,models/census_aim.pkl,1000,42,0.5,0.5,20,42,0.5,ILPRepairer,SmartNoiseModelLoader,aim,1.337977170944214,1.3652877807617188,5.364827156066895,0.0375888347625732,1000,999,0.001,0.2791694059109461,0.2782902395815091,0.1023504059534453,0.1022809513313706,0.6185400299917188,0.5802284365314684,0.5747007012596286,0.6185297225471521,0.5810783589605855,0.5757276172368745,0,7,0,0.0046064371005848,0.0,0.0092128742011697,0.0050733039674517,0.001,0.0091466079349034,,,,,False
census,may_2026_batch,7b1958d1,2026-05-08T09:47:32.338888,FileLoader,SmartNoiseModelLoader,TopKObtainer,ILPRepairer,models/census_patectgan.pkl,1000,42,0.5,0.5,20,42,0.5,ILPRepairer,SmartNoiseModelLoader,patectgan,1.1184961795806885,11.436725616455078,4.010710000991821,208.1079180240631,1000,148,0.852,59071.69126130125,412523.1171753488,0.6452003018777052,0.7087313863185699,0.0176872803778061,0.0203227467042682,0.0179231736091723,0.0116285644615803,0.0277234919030605,0.0237810416055582,0,59229,0,0.1204540425591857,0.0,0.2409080851183715,0.5392580966132398,0.852,0.2265161932264796,,,,,False
census,may_2026_batch,855657c3,2026-05-08T11:45:09.766308,FileLoader,SmartNoiseModelLoader,TopKObtainer,VanillaVCRepairer,models/census_aim.pkl,1000,42,0.5,0.5,20,42,,VanillaVCRepairer,SmartNoiseModelLoader,aim,1.3310654163360596,1.0719869136810305,5.276502370834351,0.0207264423370361,1000,999,0.001,0.2791694059109461,0.2782902395815091,0.1023504059534453,0.1022809513313706,0.6185400299917188,0.5802284365314684,0.5747007012596286,0.6185297225471521,0.5810783589605855,0.5757276172368745,0,7,0,0.0046064371005848,0.0,0.0092128742011697,0.0050733039674517,0.001,0.0091466079349034,,,,,
census,may_2026_batch,8f844631,2026-05-08T09:44:14.447360,FileLoader,SmartNoiseModelLoader,TopKObtainer,VanillaVCRepairer,models/census_patectgan.pkl,1000,44,0.5,0.5,20,42,,VanillaVCRepairer,SmartNoiseModelLoader,patectgan,0.9884729385375975,11.27883768081665,4.157174110412598,2.03277325630188,1000,154,0.846,59066.48155897328,198816.9579259986,0.6359688535530056,0.7147962925824959,0.0107733410609717,0.0223677437062743,0.0442183481937234,0.015018830228731,0.0311435020102461,0.0478082838870492,0,59546,0,0.1195764910895862,0.0,0.2391529821791725,0.5339466481470807,0.846,0.2218932962941614,,,,,
census,may_2026_batch,94a1be81,2026-05-08T11:45:18.262736,FileLoader,SmartNoiseModelLoader,TopKObtainer,ILPRepairer,models/census_aim.pkl,1000,42,0.5,0.5,20,42,0.5,ILPRepairer,SmartNoiseModelLoader,aim,1.3336398601531982,1.3622066974639893,5.302191019058228,9.628928184509276,1000,999,0.001,0.2791694059109461,0.2782902395815091,0.1023504059534453,0.1022809513313706,0.6185400299917188,0.5802284365314684,0.5747007012596286,0.6185297225471521,0.5810783589605855,0.5757276172368745,0,7,0,0.0046064371005848,0.0,0.0092128742011697,0.0050733039674517,0.001,0.0091466079349034,,,,,True
census,may_2026_batch,97051cdb,2026-05-08T11:45:18.009134,FileLoader,SmartNoiseModelLoader,TopKObtainer,ILPRepairer,models/census_aim.pkl,1000,44,0.5,0.5,20,42,0.5,ILPRepairer,SmartNoiseModelLoader,aim,1.326143741607666,1.368372678756714,5.400779724121094,8.003176927566528,1000,999,0.001,0.3062058630017711,0.3068552897704072,0.1057952771120711,0.1058995530532847,0.6180726610052291,0.5776786692441168,0.5761031027175136,0.6181021108468479,0.577342941049663,0.5783159638167465,0,5,0,0.0042998737974348,0.0,0.0085997475948696,0.0048376115351725,0.001,0.008675223070345,,,,,True
census,may_2026_batch,9d8a6ecc,2026-05-08T09:43:59.275210,FileLoader,SmartNoiseModelLoader,TopKObtainer,VanillaVCRepairer,models/census_mst.pkl,1000,44,0.5,0.5,20,42,,VanillaVCRepairer,SmartNoiseModelLoader,mst,1.2951250076293943,3.628325939178467,5.041958570480347,0.0186574459075927,1000,999,0.001,0.213210736465905,0.2134660236261369,0.1032848680234797,0.1033242220779106,0.6203562017243471,0.5749477854308099,0.5659823701468133,0.6203238068985665,0.5751642417667078,0.5654080982352477,0,2,0,0.0078715102958757,0.0,0.0157430205917514,0.0083565203058857,0.001,0.0157130406117714,,,,,
census,may_2026_batch,a6392e7d,2026-05-08T09:43:58.485843,FileLoader,SmartNoiseModelLoader,TopKObtainer,VanillaVCRepairer,models/census_mst.pkl,1000,42,0.5,0.5,20,42,,VanillaVCRepairer,SmartNoiseModelLoader,mst,1.2953376770019531,3.645167827606201,4.887726783752441,0.0228140354156494,1000,997,0.003,0.2330544920446255,0.2346149940159743,0.1021022901122409,0.102309629090661,0.6195277776796116,0.5727340408363284,0.5606010005878188,0.6195263051875307,0.5730582835925508,0.5607320523830223,0,62,0,0.0080803321731967,0.0,0.0161606643463935,0.0098348707890443,0.003,0.0166697415780886,,,,,
census,may_2026_batch,b9a425ac,2026-05-08T09:44:01.884390,FileLoader,SmartNoiseModelLoader,TopKObtainer,ILPRepairer,models/census_mst.pkl,1000,42,0.5,0.5,20,42,0.5,ILPRepairer,SmartNoiseModelLoader,mst,1.5489282608032229,4.154702186584473,4.879098892211914,8.614263772964478,1000,997,0.003,0.2330544920446255,0.2346149940159743,0.1021022901122409,0.102309629090661,0.6195277776796116,0.5727340408363284,0.5606010005878188,0.6195263051875307,0.5730582835925508,0.5607320523830223,0,62,0,0.0080803321731967,0.0,0.0161606643463935,0.0098348707890443,0.003,0.0166697415780886,,,,,True
census,may_2026_batch,bee0c46e,2026-05-08T09:44:09.267764,FileLoader,SmartNoiseModelLoader,TopKObtainer,ClassicVCRepairer,models/census_patectgan.pkl,1000,42,0.5,0.5,20,42,,ClassicVCRepairer,SmartNoiseModelLoader,patectgan,1.0428156852722168,10.266934871673584,4.679029941558838,2.2238011360168457,1000,24,0.976,59071.69126130125,986660.0962228822,0.6452003018777052,0.81149920498049,0.0176872803778061,0.0203227467042682,0.0179231736091723,0.0111782763832296,0.0191795038526282,0.0084456255794256,0,59229,0,0.1204540425591857,0.0,0.2409080851183715,0.6055373758925191,0.976,0.2350747517850381,,,,,
census,may_2026_batch,c3ba2472,2026-05-08T09:43:55.572123,FileLoader,SmartNoiseModelLoader,TopKObtainer,ILPRepairer,models/census_mst.pkl,1000,42,0.5,0.5,20,42,0.5,ILPRepairer,SmartNoiseModelLoader,mst,1.5480461120605469,4.155369281768799,4.930679321289063,0.3886830806732178,1000,997,0.003,0.2330544920446255,0.2346149940159743,0.1021022901122409,0.102309629090661,0.6195277776796116,0.5727340408363284,0.5606010005878188,0.6195263051875307,0.5730582835925508,0.5607320523830223,0,62,0,0.0080803321731967,0.0,0.0161606643463935,0.0098348707890443,0.003,0.0166697415780886,,,,,False
census,may_2026_batch,c931ae1d,2026-05-08T11:45:10.063181,FileLoader,SmartNoiseModelLoader,TopKObtainer,ClassicVCRepairer,models/census_aim.pkl,1000,43,0.5,0.5,20,42,,ClassicVCRepairer,SmartNoiseModelLoader,aim,1.3030099868774414,1.065464973449707,5.098590135574341,0.0167057514190673,1000,1000,0.0,0.1842230986974175,0.1842230986974175,0.1033375301040488,0.1033375301040488,0.6185032176896953,0.5786234201632464,0.5684484998839676,0.6185032176896953,0.5786234201632464,0.5684484998839676,0,0,0,0.0045837553283862,0.0,0.0091675106567724,0.0045837553283862,0.0,0.0091675106567724,,,,,
census,may_2026_batch,c9df24f4,2026-05-08T09:44:04.931210,FileLoader,SmartNoiseModelLoader,TopKObtainer,ClassicVCRepairer,models/census_patectgan.pkl,1000,43,0.5,0.5,20,42,,ClassicVCRepairer,SmartNoiseModelLoader,patectgan,0.9620025157928468,10.443175792694092,4.414473295211792,2.185335397720337,1000,32,0.968,22.878071518589632,959965.3098528445,0.6455746184520591,0.7873431143830167,0.0438516976655699,0.0450267463461581,0.0099593474386294,0.0235445593773596,0.0193638598611616,0.0276804951342971,0,57249,0,0.120909049091777,0.0,0.2418180981835541,0.5929590490917771,0.968,0.2179180981835541,,,,,
census,may_2026_batch,cb029e25,2026-05-08T09:43:59.208129,FileLoader,SmartNoiseModelLoader,TopKObtainer,WeightedVCRepairer,models/census_mst.pkl,1000,42,0.5,0.5,20,42,0.5,WeightedVCRepairer,SmartNoiseModelLoader,mst,1.2942702770233154,3.648151159286499,5.122985601425171,0.0288424491882324,1000,997,0.003,0.2330544920446255,0.2346149940159743,0.1021022901122409,0.102309629090661,0.6195277776796116,0.5727340408363284,0.5606010005878188,0.6195263051875307,0.5730582835925508,0.5607320523830223,0,62,0,0.0080803321731967,0.0,0.0161606643463935,0.0098348707890443,0.003,0.0166697415780886,,,,,
census,may_2026_batch,ccca9d2b,2026-05-08T11:45:12.636197,FileLoader,SmartNoiseModelLoader,TopKObtainer,ClassicVCRepairer,models/census_aim.pkl,1000,44,0.5,0.5,20,42,,ClassicVCRepairer,SmartNoiseModelLoader,aim,1.2317144870758057,1.0269379615783691,5.356913089752197,0.0214142799377441,1000,998,0.002,0.3062058630017711,0.3051567285403084,0.1057952771120711,0.1058506505762404,0.6180726610052291,0.5776786692441168,0.5761031027175136,0.6181262597169752,0.5784275787164816,0.5766608827177727,0,5,0,0.0042998737974348,0.0,0.0085997475948696,0.0052752244988376,0.002,0.0085504489976752,,,,,
census,may_2026_batch,cf2563b7,2026-05-08T11:45:14.300507,FileLoader,SmartNoiseModelLoader,TopKObtainer,ILPRepairer,models/census_aim.pkl,1000,43,0.5,0.5,20,42,0.5,ILPRepairer,SmartNoiseModelLoader,aim,1.332143783569336,1.368565559387207,5.38970685005188,3.1648600101470947,1000,1000,0.0,0.1842230986974175,0.1842230986974175,0.1033375301040488,0.1033375301040488,0.6185032176896953,0.5786234201632464,0.5684484998839676,0.6185032176896953,0.5786234201632464,0.5684484998839676,0,0,0,0.0045837553283862,0.0,0.0091675106567724,0.0045837553283862,0.0,0.0091675106567724,,,,,True
census,may_2026_batch,e3d9f304,2026-05-08T11:45:09.588908,FileLoader,SmartNoiseModelLoader,TopKObtainer,WeightedVCRepairer,models/census_aim.pkl,1000,43,0.5,0.5,20,42,0.5,WeightedVCRepairer,SmartNoiseModelLoader,aim,1.3414287567138672,1.0484678745269775,5.15205979347229,0.0164179801940917,1000,1000,0.0,0.1842230986974175,0.1842230986974175,0.1033375301040488,0.1033375301040488,0.6185032176896953,0.5786234201632464,0.5684484998839676,0.6185032176896953,0.5786234201632464,0.5684484998839676,0,0,0,0.0045837553283862,0.0,0.0091675106567724,0.0045837553283862,0.0,0.0091675106567724,,,,,
census,may_2026_batch,e4330555,2026-05-08T09:43:58.433906,FileLoader,SmartNoiseModelLoader,TopKObtainer,VanillaVCRepairer,models/census_mst.pkl,1000,43,0.5,0.5,20,42,,VanillaVCRepairer,SmartNoiseModelLoader,mst,1.2945218086242676,3.643642902374268,4.925997257232666,0.0205674171447753,1000,998,0.002,0.2444987622250928,0.2432694293307374,0.0969730668577036,0.0969989175615863,0.6192285672887651,0.5708407105186588,0.5662321048037403,0.619255072146222,0.5726159469714371,0.5620929295642249,0,9,0,0.0057560328840024,0.0,0.0115120657680048,0.0068075358900144,0.002,0.0116150717800289,,,,,
census,may_2026_batch,eba20075,2026-05-08T09:44:14.974797,FileLoader,SmartNoiseModelLoader,TopKObtainer,VanillaVCRepairer,models/census_patectgan.pkl,1000,42,0.5,0.5,20,42,,VanillaVCRepairer,SmartNoiseModelLoader,patectgan,1.026824951171875,11.35206174850464,4.100624322891235,2.0197763442993164,1000,147,0.853,59071.69126130125,563636.6810995676,0.6452003018777052,0.707044424095262,0.0176872803778061,0.0203227467042682,0.0179231736091723,0.0333110103533863,0.0276157054827359,0.0220602873597745,0,59229,0,0.1204540425591857,0.0,0.2409080851183715,0.5444200289537435,0.853,0.2358400579074871,,,,,
census,may_2026_batch,ec130a8e,2026-05-08T11:45:12.839289,FileLoader,SmartNoiseModelLoader,TopKObtainer,ILPRepairer,models/census_aim.pkl,1000,43,0.5,0.5,20,42,0.5,ILPRepairer,SmartNoiseModelLoader,aim,1.32621169090271,1.3656270503997805,5.34244966506958,0.0339369773864746,1000,1000,0.0,0.1842230986974175,0.1842230986974175,0.1033375301040488,0.1033375301040488,0.6185032176896953,0.5786234201632464,0.5684484998839676,0.6185032176896953,0.5786234201632464,0.5684484998839676,0,0,0,0.0045837553283862,0.0,0.0091675106567724,0.0045837553283862,0.0,0.0091675106567724,,,,,False
census,may_2026_batch,ec290275,2026-05-08T09:43:59.324518,FileLoader,SmartNoiseModelLoader,TopKObtainer,WeightedVCRepairer,models/census_mst.pkl,1000,44,0.5,0.5,20,42,0.5,WeightedVCRepairer,SmartNoiseModelLoader,mst,1.2874910831451416,3.6444320678710938,5.017380714416504,0.0232322216033935,1000,999,0.001,0.213210736465905,0.2134660236261369,0.1032848680234797,0.1033242220779106,0.6203562017243471,0.5749477854308099,0.5659823701468133,0.6203238068985665,0.5751642417667078,0.5654080982352477,0,2,0,0.0078715102958757,0.0,0.0157430205917514,0.0083565203058857,0.001,0.0157130406117714,,,,,
census,may_2026_batch,f6010801,2026-05-08T09:44:23.701994,FileLoader,SmartNoiseModelLoader,TopKObtainer,WeightedVCRepairer,models/census_patectgan.pkl,1000,43,0.5,0.5,20,42,0.5,WeightedVCRepairer,SmartNoiseModelLoader,patectgan,1.0877280235290527,11.343863487243652,4.718782186508179,3.350219488143921,1000,157,0.843,22.878071518589632,531473.8109239761,0.6455746184520591,0.7178263990044897,0.0438516976655699,0.0450267463461581,0.0099593474386294,0.0179652868826871,0.0284167411747659,0.0165042802399808,0,57249,0,0.120909049091777,0.0,0.2418180981835541,0.5383213102382739,0.843,0.2336426204765477,,,,,
compas,may_2026_batch,00bba315,2026-05-08T09:43:29.675330,FileLoader,SmartNoiseModelLoader,TopKObtainer,ClassicVCRepairer,models/compas_patectgan.pkl,1000,44,0.5,0.5,20,42,,ClassicVCRepairer,SmartNoiseModelLoader,patectgan,0.187535285949707,0.5070145130157471,0.7240633964538574,4.120726108551025,1000,2,0.998,4.608585789838349,5444820.577108324,0.576558903108268,0.8430719470261209,0.0149675976183427,0.0340307246948912,0.0196059080890818,0.0012006973913615,0.000444093555709,0.0015461034902463,0,312318,0,0.2924774384676255,0.0,0.5849548769352511,0.8113274384676255,0.998,0.6246548769352509,,,,,
compas,may_2026_batch,07a20ba7,2026-05-08T09:43:28.127135,FileLoader,SmartNoiseModelLoader,TopKObtainer,ILPRepairer,models/compas_mst.pkl,1000,43,0.5,0.5,20,42,0.5,ILPRepairer,SmartNoiseModelLoader,mst,0.1665568351745605,0.767115592956543,0.6709496974945068,3.510770797729492,1000,995,0.005,0.4607724979658489,0.458554688411079,0.0325558215440523,0.0331365304257591,0.5659067732491201,0.605447547616698,0.5280272377380835,0.5627816704496859,0.6061548077239383,0.5385374518898648,0,1098,0,0.0221476401376529,0.0,0.0442952802753059,0.024758192901472,0.005,0.0445163858029441,,,,,True
compas,may_2026_batch,11661e07,2026-05-08T09:43:07.421918,FileLoader,SmartNoiseModelLoader,TopKObtainer,WeightedVCRepairer,models/compas_mst.pkl,1000,42,0.5,0.5,20,42,0.5,WeightedVCRepairer,SmartNoiseModelLoader,mst,0.2066090106964111,0.8936095237731934,0.6786661148071289,0.0449974536895751,1000,992,0.008,0.4066745257945854,0.4037913771683673,0.0305260868681825,0.030634831946606,0.5953156353827429,0.5978486134412316,0.5300503306029803,0.6042304023158657,0.599394716931478,0.5229448337116352,0,2186,0,0.0213331228907855,0.0,0.042666245781571,0.025395219664979,0.008,0.0427904393299581,,,,,
compas,may_2026_batch,137df686,2026-05-08T09:43:21.922985,FileLoader,SmartNoiseModelLoader,TopKObtainer,ILPRepairer,models/compas_mst.pkl,1000,44,0.5,0.5,20,42,0.5,ILPRepairer,SmartNoiseModelLoader,mst,0.1695129871368408,0.8527529239654541,0.6509990692138672,0.2007126808166504,1000,993,0.007,0.3317306152436434,0.337398638417178,0.0294412214604582,0.0294624387799134,0.6047567354189283,0.6367643672489227,0.5602322444817264,0.5953649791111549,0.6426198230204941,0.5592947136418961,0,1949,0,0.0196630416242231,0.0,0.0393260832484462,0.0235546327621888,0.007,0.0401092655243777,,,,,False
compas,may_2026_batch,150530ac,2026-05-08T11:44:00.542700,FileLoader,SmartNoiseModelLoader,TopKObtainer,ILPRepairer,models/compas_aim.pkl,1000,43,0.5,0.5,20,42,0.5,ILPRepairer,SmartNoiseModelLoader,aim,0.2257249355316162,1.3017334938049316,0.6796526908874512,9.897302865982056,1000,989,0.011,0.0770269513278828,0.0772129951844226,0.0193840894050307,0.0196844533868583,0.672357643343531,0.7025724530412185,0.6705483733017533,0.6756143294187309,0.6986742984966611,0.6665021875719596,0,3148,0,0.0070199718626034,0.0,0.0140399437252069,0.0124378181720069,0.011,0.0138756363440138,,,,,True
compas,may_2026_batch,209b3fdb,2026-05-08T11:43:50.873906,FileLoader,SmartNoiseModelLoader,TopKObtainer,ILPRepairer,models/compas_aim.pkl,1000,44,0.5,0.5,20,42,0.5,ILPRepairer,SmartNoiseModelLoader,aim,0.2312133312225341,1.315282106399536,0.7076818943023682,0.4264199733734131,1000,992,0.008,0.1012713678699158,0.100907524276819,0.0179543976872304,0.0179106561768641,0.6763051416165006,0.7064870554952466,0.6731142471791836,0.6759761834270864,0.7135596565676503,0.672357643343531,0,2402,0,0.0061297121446659,0.0,0.0122594242893318,0.0101768895640207,0.008,0.0123537791280415,,,,,False
compas,may_2026_batch,311e4b84,2026-05-08T09:43:25.633600,FileLoader,SmartNoiseModelLoader,TopKObtainer,VanillaVCRepairer,models/compas_patectgan.pkl,1000,43,0.5,0.5,20,42,,VanillaVCRepairer,SmartNoiseModelLoader,patectgan,0.1842730045318603,0.5010004043579102,0.8600997924804688,3.750882863998413,1000,77,0.923,4.433337544905815,4.728006828873849,0.574711683627364,0.5899332376338929,0.0116944636336721,0.0271719464456067,0.0497878219678278,0.0192111582617849,0.0162011908286456,0.0090299022994177,0,310514,0,0.2936700992899106,0.0,0.5873401985798213,0.7386184759132874,0.923,0.5542369518265747,,,,,
compas,may_2026_batch,331fa54f,2026-05-08T11:43:52.364132,FileLoader,SmartNoiseModelLoader,TopKObtainer,ILPRepairer,models/compas_aim.pkl,1000,43,0.5,0.5,20,42,0.5,ILPRepairer,SmartNoiseModelLoader,aim,0.2295162677764892,1.286522626876831,0.8284912109375,0.4584274291992187,1000,989,0.011,0.0770269513278828,0.0780300927794056,0.0193840894050307,0.0193085142724193,0.672357643343531,0.7025724530412185,0.6705483733017533,0.6735254449159512,0.702539557222277,0.6632126056778184,0,3148,0,0.0070199718626034,0.0,0.0140399437252069,0.0125136523479421,0.011,0.0140273046958843,,,,,False
compas,may_2026_batch,34e32a42,2026-05-08T09:43:25.649475,FileLoader,SmartNoiseModelLoader,TopKObtainer,WeightedVCRepairer,models/compas_patectgan.pkl,1000,44,0.5,0.5,20,42,0.5,WeightedVCRepairer,SmartNoiseModelLoader,patectgan,0.179570198059082,0.5341787338256836,0.6747572422027588,4.584295988082886,1000,77,0.923,4.608585789838349,4.288443131263458,0.576558903108268,0.5993774821233592,0.0149675976183427,0.0340307246948912,0.0196059080890818,0.0895095233395835,0.0792295799203921,0.0569426625875851,0,312318,0,0.2924774384676255,0.0,0.5849548769352511,0.744768996909184,0.923,0.5665379938183679,,,,,
compas,may_2026_batch,3616f1e5,2026-05-08T11:43:55.403605,FileLoader,SmartNoiseModelLoader,TopKObtainer,VanillaVCRepairer,models/compas_aim.pkl,1000,43,0.5,0.5,20,42,,VanillaVCRepairer,SmartNoiseModelLoader,aim,0.2232444286346435,1.6695916652679443,0.832589864730835,0.0436570644378662,1000,989,0.011,0.0770269513278828,0.0772129951844226,0.0193840894050307,0.0196844533868583,0.672357643343531,0.7025724530412185,0.6705483733017533,0.6756143294187309,0.6986742984966611,0.6665021875719596,0,3148,0,0.0070199718626034,0.0,0.0140399437252069,0.0124378181720069,0.011,0.0138756363440138,,,,,
compas,may_2026_batch,3f953d27,2026-05-08T09:44:07.437796,FileLoader,SmartNoiseModelLoader,TopKObtainer,ILPRepairer,models/compas_patectgan.pkl,1000,44,0.5,0.5,20,42,0.5,ILPRepairer,SmartNoiseModelLoader,patectgan,0.2278993129730224,0.555039644241333,1.0184061527252195,33.010629415512085,1000,97,0.903,4.608585789838349,5.71326935333879,0.576558903108268,0.6071247381525728,0.0149675976183427,0.0340307246948912,0.0196059080890818,0.0015789993091878,0.0030428632520806,0.0014145202144807,0,312318,0,0.2924774384676255,0.0,0.5849548769352511,0.7448841394985534,0.903,0.5867682789971067,,,,,False
compas,may_2026_batch,3fae21df,2026-05-08T09:43:25.950413,FileLoader,SmartNoiseModelLoader,TopKObtainer,ILPRepairer,models/compas_mst.pkl,1000,42,0.5,0.5,20,42,0.5,ILPRepairer,SmartNoiseModelLoader,mst,0.1640436649322509,0.8504014015197754,0.6552190780639648,0.155470609664917,1000,992,0.008,0.4066745257945854,0.4037913771683673,0.0305260868681825,0.0307309613653275,0.5953156353827429,0.5978486134412316,0.5300503306029803,0.596318957860456,0.5981940195401164,0.5231257607158131,0,2186,0,0.0213331228907855,0.0,0.042666245781571,0.025395219664979,0.008,0.0427904393299581,,,,,False
compas,may_2026_batch,42a7ca4a,2026-05-08T09:43:23.678408,FileLoader,SmartNoiseModelLoader,TopKObtainer,ClassicVCRepairer,models/compas_mst.pkl,1000,44,0.5,0.5,20,42,,ClassicVCRepairer,SmartNoiseModelLoader,mst,0.1728653907775879,0.8494524955749512,0.8600420951843262,0.0453624725341796,1000,986,0.014,0.3317306152436434,0.3362244054442591,0.0294412214604582,0.0299361666858189,0.6047567354189283,0.6367643672489227,0.5602322444817264,0.5934899174314945,0.6395276160400013,0.5590479949998355,0,1949,0,0.0196630416242231,0.0,0.0393260832484462,0.0273503641394361,0.014,0.0407007282788722,,,,,
compas,may_2026_batch,4566fa3a,2026-05-08T09:43:06.602324,FileLoader,SmartNoiseModelLoader,TopKObtainer,VanillaVCRepairer,models/compas_mst.pkl,1000,42,0.5,0.5,20,42,,VanillaVCRepairer,SmartNoiseModelLoader,mst,0.1641223430633545,0.7848489284515381,0.663135290145874,0.034419298171997,1000,992,0.008,0.4066745257945854,0.4037913771683673,0.0305260868681825,0.030634831946606,0.5953156353827429,0.5978486134412316,0.5300503306029803,0.6042304023158657,0.599394716931478,0.5229448337116352,0,2186,0,0.0213331228907855,0.0,0.042666245781571,0.025395219664979,0.008,0.0427904393299581,,,,,
compas,may_2026_batch,4871cf75,2026-05-08T11:43:56.979268,FileLoader,SmartNoiseModelLoader,TopKObtainer,ILPRepairer,models/compas_aim.pkl,1000,44,0.5,0.5,20,42,0.5,ILPRepairer,SmartNoiseModelLoader,aim,0.2262086868286132,1.293065071105957,0.8296647071838379,6.986127853393555,1000,992,0.008,0.1012713678699158,0.100907524276819,0.0179543976872304,0.0179106561768641,0.6763051416165006,0.7064870554952466,0.6731142471791836,0.6759761834270864,0.7135596565676503,0.672357643343531,0,2402,0,0.0061297121446659,0.0,0.0122594242893318,0.0101768895640207,0.008,0.0123537791280415,,,,,True
compas,may_2026_batch,488af4d0,2026-05-08T09:43:31.992440,FileLoader,SmartNoiseModelLoader,TopKObtainer,ILPRepairer,models/compas_mst.pkl,1000,42,0.5,0.5,20,42,0.5,ILPRepairer,SmartNoiseModelLoader,mst,0.1625642776489257,0.7970621585845947,0.6402602195739746,7.093191146850586,1000,992,0.008,0.4066745257945854,0.4037913771683673,0.0305260868681825,0.0307309613653275,0.5953156353827429,0.5978486134412316,0.5300503306029803,0.596318957860456,0.5981940195401164,0.5231257607158131,0,2186,0,0.0213331228907855,0.0,0.042666245781571,0.025395219664979,0.008,0.0427904393299581,,,,,True
compas,may_2026_batch,4ba4b87f,2026-05-08T11:43:56.260583,FileLoader,SmartNoiseModelLoader,TopKObtainer,VanillaVCRepairer,models/compas_aim.pkl,1000,42,0.5,0.5,20,42,,VanillaVCRepairer,SmartNoiseModelLoader,aim,0.215240478515625,1.6950714588165283,0.8403348922729492,0.0360050201416015,1000,991,0.009,0.0738317505994177,0.0733447947564637,0.0196033903495277,0.0193142443652603,0.6709266752195796,0.7048422645481759,0.6673739267739071,0.6733445179117734,0.7091187210105595,0.6671765518602586,0,1923,0,0.0068279854112618,0.0,0.0136559708225237,0.0111403214354798,0.009,0.0132806428709596,,,,,
compas,may_2026_batch,516f35d4,2026-05-08T09:46:40.421245,FileLoader,SmartNoiseModelLoader,TopKObtainer,ILPRepairer,models/compas_patectgan.pkl,1000,43,0.5,0.5,20,42,0.5,ILPRepairer,SmartNoiseModelLoader,patectgan,0.1681103706359863,0.5398950576782227,0.7164955139160156,191.40501403808597,1000,87,0.913,4.433337544905815,4.555556557697683,0.574711683627364,0.5972152313046489,0.0116944636336721,0.0271719464456067,0.0497878219678278,0.0303628408829237,0.0236520938188756,0.0166452843843547,0,310514,0,0.2936700992899106,0.0,0.5873401985798213,0.7426272831979566,0.913,0.5722545663959131,,,,,False
compas,may_2026_batch,56287742,2026-05-08T09:43:24.351033,FileLoader,SmartNoiseModelLoader,TopKObtainer,WeightedVCRepairer,models/compas_patectgan.pkl,1000,43,0.5,0.5,20,42,0.5,WeightedVCRepairer,SmartNoiseModelLoader,patectgan,0.1677429676055908,0.4905719757080078,0.650249719619751,4.624907732009888,1000,82,0.918,4.433337544905815,4.23385736389991,0.574711683627364,0.5842236206799639,0.0116944636336721,0.0271719464456067,0.0497878219678278,0.0099180894108358,0.0132076713049771,0.0024836343300766,0,310514,0,0.2936700992899106,0.0,0.5873401985798213,0.7338853431923497,0.918,0.5497706863846993,,,,,
compas,may_2026_batch,56999bb2,2026-05-08T09:43:26.047877,FileLoader,SmartNoiseModelLoader,TopKObtainer,ClassicVCRepairer,models/compas_mst.pkl,1000,43,0.5,0.5,20,42,,ClassicVCRepairer,SmartNoiseModelLoader,mst,0.1729171276092529,0.8642549514770508,0.6719529628753662,0.0278425216674804,1000,990,0.01,0.4607724979658489,0.4551682383919558,0.0325558215440523,0.033687722013794,0.5659067732491201,0.605447547616698,0.5280272377380835,0.5646896279482878,0.6163196157768348,0.535280765814665,0,1098,0,0.0221476401376529,0.0,0.0442952802753059,0.027268852258865,0.01,0.0445377045177301,,,,,
compas,may_2026_batch,5fef4a07,2026-05-08T09:43:12.200196,FileLoader,SmartNoiseModelLoader,TopKObtainer,VanillaVCRepairer,models/compas_mst.pkl,1000,44,0.5,0.5,20,42,,VanillaVCRepairer,SmartNoiseModelLoader,mst,0.1705331802368164,0.7854197025299072,0.6657602787017822,0.0367212295532226,1000,993,0.007,0.3317306152436434,0.337398638417178,0.0294412214604582,0.0294624387799134,0.6047567354189283,0.6367643672489227,0.5602322444817264,0.5953649791111549,0.6426198230204941,0.5592947136418961,0,1949,0,0.0196630416242231,0.0,0.0393260832484462,0.0235546327621888,0.007,0.0401092655243777,,,,,
compas,may_2026_batch,722b78b3,2026-05-08T09:43:25.823762,FileLoader,SmartNoiseModelLoader,TopKObtainer,ClassicVCRepairer,models/compas_patectgan.pkl,1000,43,0.5,0.5,20,42,,ClassicVCRepairer,SmartNoiseModelLoader,patectgan,0.1697256565093994,0.4939696788787842,0.6665070056915283,3.297522783279419,1000,2,0.998,4.433337544905815,6172609.800207431,0.574711683627364,0.8540534663485453,0.0116944636336721,0.0271719464456067,0.0497878219678278,0.0140629625974538,0.0114806408105529,0.0134543899470377,0,310514,0,0.2936700992899106,0.0,0.5873401985798213,0.8369950992899107,0.998,0.6759901985798212,,,,,
compas,may_2026_batch,72c4c517,2026-05-08T11:43:55.962610,FileLoader,SmartNoiseModelLoader,TopKObtainer,WeightedVCRepairer,models/compas_aim.pkl,1000,43,0.5,0.5,20,42,0.5,WeightedVCRepairer,SmartNoiseModelLoader,aim,0.2161731719970703,1.6605000495910645,0.8339512348175049,0.0650923252105712,1000,989,0.011,0.0770269513278828,0.0772129951844226,0.0193840894050307,0.0196844533868583,0.672357643343531,0.7025724530412185,0.6705483733017533,0.6756143294187309,0.6986742984966611,0.6665021875719596,0,3148,0,0.0070199718626034,0.0,0.0140399437252069,0.0124378181720069,0.011,0.0138756363440138,,,,,
compas,may_2026_batch,87703c9e,2026-05-08T09:45:02.605310,FileLoader,SmartNoiseModelLoader,TopKObtainer,ILPRepairer,models/compas_patectgan.pkl,1000,42,0.5,0.5,20,42,0.5,ILPRepairer,SmartNoiseModelLoader,patectgan,0.1732769012451172,0.4947805404663086,0.703514814376831,92.01586127281188,1000,88,0.912,5.1248547681438215,5.860597722458438,0.579038742566996,0.5954058954848815,0.0356426198230204,0.0372874107700911,0.0168426592980032,0.0092601730320076,0.021332938583506,0.0166617322938254,0,312461,0,0.2960204251071875,0.0,0.592040850214375,0.7517454251071876,0.912,0.5914908502143751,,,,,False
compas,may_2026_batch,891dec9c,2026-05-08T09:43:13.490715,FileLoader,SmartNoiseModelLoader,TopKObtainer,VanillaVCRepairer,models/compas_mst.pkl,1000,43,0.5,0.5,20,42,,VanillaVCRepairer,SmartNoiseModelLoader,mst,0.1625843048095703,1.2069318294525146,0.6566998958587646,0.0279257297515869,1000,995,0.005,0.4607724979658489,0.458554688411079,0.0325558215440523,0.0331365304257591,0.5659067732491201,0.605447547616698,0.5280272377380835,0.5627816704496859,0.6061548077239383,0.5385374518898648,0,1098,0,0.0221476401376529,0.0,0.0442952802753059,0.024758192901472,0.005,0.0445163858029441,,,,,
compas,may_2026_batch,8c9d1129,2026-05-08T11:43:52.383000,FileLoader,SmartNoiseModelLoader,TopKObtainer,ILPRepairer,models/compas_aim.pkl,1000,42,0.5,0.5,20,42,0.5,ILPRepairer,SmartNoiseModelLoader,aim,0.2326183319091797,1.2938172817230225,0.837454080581665,0.5817365646362305,1000,991,0.009,0.0738317505994177,0.0733447947564637,0.0196033903495277,0.0193142443652603,0.6709266752195796,0.7048422645481759,0.6673739267739071,0.6733445179117734,0.7091187210105595,0.6671765518602586,0,1923,0,0.0068279854112618,0.0,0.0136559708225237,0.0111403214354798,0.009,0.0132806428709596,,,,,False
compas,may_2026_batch,8df59f34,2026-05-08T09:43:24.756701,FileLoader,SmartNoiseModelLoader,TopKObtainer,VanillaVCRepairer,models/compas_patectgan.pkl,1000,42,0.5,0.5,20,42,,VanillaVCRepairer,SmartNoiseModelLoader,patectgan,0.2081959247589111,0.5730783939361572,0.8605959415435791,3.8635101318359375,1000,81,0.919,5.1248547681438215,4.910997388897569,0.579038742566996,0.6079780172794068,0.0356426198230204,0.0372874107700911,0.0168426592980032,0.0681272410276653,0.0232573439915786,0.1029310174676798,0,312461,0,0.2960204251071875,0.0,0.592040850214375,0.7497284497985456,0.919,0.5804568995970911,,,,,
compas,may_2026_batch,94a6338c,2026-05-08T09:43:27.434170,FileLoader,SmartNoiseModelLoader,TopKObtainer,ClassicVCRepairer,models/compas_patectgan.pkl,1000,42,0.5,0.5,20,42,,ClassicVCRepairer,SmartNoiseModelLoader,patectgan,0.1753151416778564,0.5961496829986572,0.7941901683807373,3.810133934020996,1000,2,0.998,5.1248547681438215,5326858.289256026,0.579038742566996,0.8380003067051354,0.0356426198230204,0.0372874107700911,0.0168426592980032,0.0003947498272969,0.0035527484456725,0.0003947498272969,0,312461,0,0.2960204251071875,0.0,0.592040850214375,0.7842379310131007,0.998,0.5704758620262015,,,,,
compas,may_2026_batch,9ad939c1,2026-05-08T09:43:26.028219,FileLoader,SmartNoiseModelLoader,TopKObtainer,ILPRepairer,models/compas_mst.pkl,1000,43,0.5,0.5,20,42,0.5,ILPRepairer,SmartNoiseModelLoader,mst,0.1729078292846679,0.8479290008544922,0.6487240791320801,0.1947329044342041,1000,995,0.005,0.4607724979658489,0.458554688411079,0.0325558215440523,0.0331365304257591,0.5659067732491201,0.605447547616698,0.5280272377380835,0.5627816704496859,0.6061548077239383,0.5385374518898648,0,1098,0,0.0221476401376529,0.0,0.0442952802753059,0.024758192901472,0.005,0.0445163858029441,,,,,False
compas,may_2026_batch,aa445a7a,2026-05-08T09:43:24.254312,FileLoader,SmartNoiseModelLoader,TopKObtainer,WeightedVCRepairer,models/compas_patectgan.pkl,1000,42,0.5,0.5,20,42,0.5,WeightedVCRepairer,SmartNoiseModelLoader,patectgan,0.1689090728759765,0.5916998386383057,0.8008532524108887,5.123908042907715,1000,75,0.925,5.1248547681438215,6.417433973271159,0.579038742566996,0.5851485584858634,0.0356426198230204,0.0372874107700911,0.0168426592980032,0.019934866278496,0.0092108293035955,0.0217770321392151,0,312461,0,0.2960204251071875,0.0,0.592040850214375,0.752703758440521,0.925,0.5804075168810419,,,,,
compas,may_2026_batch,ab3cb4c1,2026-05-08T11:43:52.752380,FileLoader,SmartNoiseModelLoader,TopKObtainer,ClassicVCRepairer,models/compas_aim.pkl,1000,43,0.5,0.5,20,42,,ClassicVCRepairer,SmartNoiseModelLoader,aim,0.2314894199371338,1.1911978721618652,0.7972323894500732,0.0446836948394775,1000,978,0.022,0.0770269513278828,0.0772705444324291,0.0193840894050307,0.0201684038888105,0.672357643343531,0.7025724530412185,0.6705483733017533,0.6726537057140037,0.6981315174841277,0.6663212605677818,0,3148,0,0.0070199718626034,0.0,0.0140399437252069,0.0179305035599449,0.022,0.0138610071198899,,,,,
compas,may_2026_batch,b5f9c9c8,2026-05-08T11:43:55.655557,FileLoader,SmartNoiseModelLoader,TopKObtainer,VanillaVCRepairer,models/compas_aim.pkl,1000,44,0.5,0.5,20,42,,VanillaVCRepairer,SmartNoiseModelLoader,aim,0.2193000316619873,1.690157413482666,0.8345217704772949,0.0413849353790283,1000,992,0.008,0.1012713678699158,0.1010740245032379,0.0179543976872304,0.0180410407761153,0.6763051416165006,0.7064870554952466,0.6731142471791836,0.6751373400440804,0.7104674495871575,0.6761242146123227,0,2402,0,0.0061297121446659,0.0,0.0122594242893318,0.0102020911769239,0.008,0.0124041823538479,,,,,
compas,may_2026_batch,be007f93,2026-05-08T09:43:16.502658,FileLoader,SmartNoiseModelLoader,TopKObtainer,ClassicVCRepairer,models/compas_mst.pkl,1000,42,0.5,0.5,20,42,,ClassicVCRepairer,SmartNoiseModelLoader,mst,0.1704554557800293,0.7548601627349854,0.6435596942901611,0.0322563648223876,1000,984,0.016,0.4066745257945854,0.4030758175024488,0.0305260868681825,0.0310939513438272,0.5953156353827429,0.5978486134412316,0.5300503306029803,0.5967301555972236,0.6011546432448436,0.5246225204776472,0,2186,0,0.0213331228907855,0.0,0.042666245781571,0.0296615781753383,0.016,0.0433231563506767,,,,,
compas,may_2026_batch,be471f4b,2026-05-08T11:43:55.801534,FileLoader,SmartNoiseModelLoader,TopKObtainer,ClassicVCRepairer,models/compas_aim.pkl,1000,42,0.5,0.5,20,42,,ClassicVCRepairer,SmartNoiseModelLoader,aim,0.2212238311767578,1.6817946434020996,0.8357908725738525,0.0362751483917236,1000,982,0.018,0.0738317505994177,0.0758663859377169,0.0196033903495277,0.0203447656905538,0.6709266752195796,0.7048422645481759,0.6673739267739071,0.6731142471791836,0.7122438238099937,0.6664528438435475,0,1923,0,0.0068279854112618,0.0,0.0136559708225237,0.016009299056883,0.018,0.014018598113766,,,,,
compas,may_2026_batch,be981795,2026-05-08T09:43:31.226162,FileLoader,SmartNoiseModelLoader,TopKObtainer,VanillaVCRepairer,models/compas_patectgan.pkl,1000,44,0.5,0.5,20,42,,VanillaVCRepairer,SmartNoiseModelLoader,patectgan,0.2344026565551757,0.8090710639953613,0.9530668258666992,5.020933389663696,1000,65,0.935,4.608585789838349,4.500345591299009,0.576558903108268,0.6309824767991447,0.0149675976183427,0.0340307246948912,0.0196059080890818,0.0275009046350208,0.0090792460278298,0.0162505345570577,0,312318,0,0.2924774384676255,0.0,0.5849548769352511,0.7546351307753179,0.935,0.5742702615506355,,,,,
compas,may_2026_batch,cd026d9e,2026-05-08T09:43:24.339331,FileLoader,SmartNoiseModelLoader,TopKObtainer,ILPRepairer,models/compas_mst.pkl,1000,44,0.5,0.5,20,42,0.5,ILPRepairer,SmartNoiseModelLoader,mst,0.1655192375183105,0.7682301998138428,0.6428818702697754,3.7829225063323975,1000,993,0.007,0.3317306152436434,0.337398638417178,0.0294412214604582,0.0294624387799134,0.6047567354189283,0.6367643672489227,0.5602322444817264,0.5953649791111549,0.6426198230204941,0.5592947136418961,0,1949,0,0.0196630416242231,0.0,0.0393260832484462,0.0235546327621888,0.007,0.0401092655243777,,,,,True
compas,may_2026_batch,d6da80d2,2026-05-08T09:43:06.094875,FileLoader,SmartNoiseModelLoader,TopKObtainer,WeightedVCRepairer,models/compas_mst.pkl,1000,43,0.5,0.5,20,42,0.5,WeightedVCRepairer,SmartNoiseModelLoader,mst,0.1641750335693359,0.8574578762054443,0.6596980094909668,0.0349147319793701,1000,995,0.005,0.4607724979658489,0.458554688411079,0.0325558215440523,0.0331365304257591,0.5659067732491201,0.605447547616698,0.5280272377380835,0.5627816704496859,0.6061548077239383,0.5385374518898648,0,1098,0,0.0221476401376529,0.0,0.0442952802753059,0.024758192901472,0.005,0.0445163858029441,,,,,
compas,may_2026_batch,da7d0165,2026-05-08T11:43:56.010051,FileLoader,SmartNoiseModelLoader,TopKObtainer,WeightedVCRepairer,models/compas_aim.pkl,1000,44,0.5,0.5,20,42,0.5,WeightedVCRepairer,SmartNoiseModelLoader,aim,0.2180314064025879,1.6786582469940186,0.8337514400482178,0.0592403411865234,1000,992,0.008,0.1012713678699158,0.100907524276819,0.0179543976872304,0.0179106561768641,0.6763051416165006,0.7064870554952466,0.6731142471791836,0.6759761834270864,0.7135596565676503,0.672357643343531,0,2402,0,0.0061297121446659,0.0,0.0122594242893318,0.0101768895640207,0.008,0.0123537791280415,,,,,
compas,may_2026_batch,e7175ad3,2026-05-08T09:43:03.370158,FileLoader,SmartNoiseModelLoader,TopKObtainer,WeightedVCRepairer,models/compas_mst.pkl,1000,44,0.5,0.5,20,42,0.5,WeightedVCRepairer,SmartNoiseModelLoader,mst,0.1640565395355224,0.8547821044921875,0.8230853080749512,0.0603086948394775,1000,993,0.007,0.3317306152436434,0.337398638417178,0.0294412214604582,0.0294624387799134,0.6047567354189283,0.6367643672489227,0.5602322444817264,0.5953649791111549,0.6426198230204941,0.5592947136418961,0,1949,0,0.0196630416242231,0.0,0.0393260832484462,0.0235546327621888,0.007,0.0401092655243777,,,,,
compas,may_2026_batch,edc0a8a7,2026-05-08T11:43:56.128650,FileLoader,SmartNoiseModelLoader,TopKObtainer,WeightedVCRepairer,models/compas_aim.pkl,1000,42,0.5,0.5,20,42,0.5,WeightedVCRepairer,SmartNoiseModelLoader,aim,0.2168264389038086,1.6764824390411377,0.8282871246337891,0.0527431964874267,1000,991,0.009,0.0738317505994177,0.0733447947564637,0.0196033903495277,0.0193142443652603,0.6709266752195796,0.7048422645481759,0.6673739267739071,0.6733445179117734,0.7091187210105595,0.6671765518602586,0,1923,0,0.0068279854112618,0.0,0.0136559708225237,0.0111403214354798,0.009,0.0132806428709596,,,,,
compas,may_2026_batch,f73b333e,2026-05-08T11:43:58.499581,FileLoader,SmartNoiseModelLoader,TopKObtainer,ILPRepairer,models/compas_aim.pkl,1000,42,0.5,0.5,20,42,0.5,ILPRepairer,SmartNoiseModelLoader,aim,0.2266662120819091,1.2944180965423584,0.8239471912384033,8.614379644393921,1000,991,0.009,0.0738317505994177,0.0733447947564637,0.0196033903495277,0.0193142443652603,0.6709266752195796,0.7048422645481759,0.6673739267739071,0.6733445179117734,0.7091187210105595,0.6671765518602586,0,1923,0,0.0068279854112618,0.0,0.0136559708225237,0.0111403214354798,0.009,0.0132806428709596,,,,,True
compas,may_2026_batch,fc49f602,2026-05-08T11:43:52.000974,FileLoader,SmartNoiseModelLoader,TopKObtainer,ClassicVCRepairer,models/compas_aim.pkl,1000,44,0.5,0.5,20,42,,ClassicVCRepairer,SmartNoiseModelLoader,aim,0.226541519165039,1.173264503479004,0.7809839248657227,0.042072057723999,1000,984,0.016,0.1012713678699158,0.100028306694583,0.0179543976872304,0.0183793618758602,0.6763051416165006,0.7064870554952466,0.6731142471791836,0.6786571926708116,0.7064541596763051,0.6746274548504885,0,2402,0,0.0061297121446659,0.0,0.0122594242893318,0.0141740210877553,0.016,0.0123480421755107,,,,,
tax,may_2026_batch,0071d603,2026-05-08T09:52:55.121510,FileLoader,SmartNoiseModelLoader,TopKObtainer,ILPRepairer,models/tax_mst.pkl,1000,44,0.5,0.5,20,42,0.5,ILPRepairer,SmartNoiseModelLoader,mst,0.8493318557739258,0.6187586784362793,1.9209227561950684,410.5805106163025,1000,705,0.295,0.6290096182530236,0.6806270148684141,0.1323284031673961,0.1948633140970079,0.3236491284215579,0.593278395055555,0.3456141052694742,0.3276074846736206,0.6077596983728536,0.4004400396035643,0,2539,0,0.0339739096987202,0.0,0.0679478193974405,0.1936228770665371,0.295,0.0922457541330743,,,,,True
tax,may_2026_batch,030bf725,2026-05-08T11:46:14.425931,FileLoader,SmartNoiseModelLoader,TopKObtainer,ClassicVCRepairer,models/tax_aim.pkl,1000,44,0.5,0.5,20,42,,ClassicVCRepairer,SmartNoiseModelLoader,aim,1.125938892364502,1.881528377532959,2.0304267406463623,0.1779806613922119,1000,832,0.168,0.1142396069676672,0.1217040420542428,0.111446117094983,0.1414017623498508,0.3333039973597624,0.6901501135102159,0.5060945485093659,0.3376223860147413,0.6904021361922573,0.5344400996089648,0,541,0,0.0078977109893849,0.0,0.0157954219787698,0.0930230466774496,0.168,0.0180460933548993,,,,,
tax,may_2026_batch,04f51b4c,2026-05-08T09:46:41.334286,FileLoader,SmartNoiseModelLoader,TopKObtainer,WeightedVCRepairer,models/tax_patectgan.pkl,1000,44,0.5,0.5,20,42,0.5,WeightedVCRepairer,SmartNoiseModelLoader,patectgan,0.8433904647827148,1.2203271389007568,1.9136903285980225,8.307505369186401,1000,106,0.894,435215.19854895753,435178.3541133557,0.581543604202156,0.6175183465673336,0.0310337930413737,0.0159814383294496,0.0106259563360702,0.0258013221189907,0.0316208458761288,0.0485613705233471,0,8338,0,0.1660515051894199,0.0,0.3321030103788398,0.5964741466988539,0.894,0.2989482933977078,,,,,
tax,may_2026_batch,05f3b1d2,2026-05-08T11:46:20.940400,FileLoader,SmartNoiseModelLoader,TopKObtainer,WeightedVCRepairer,models/tax_aim.pkl,1000,43,0.5,0.5,20,42,0.5,WeightedVCRepairer,SmartNoiseModelLoader,aim,1.0604925155639648,1.1301209926605225,1.8755240440368648,0.192457914352417,1000,882,0.118,0.23611851218524,0.2324373906932753,0.1093851199385722,0.1222703495695564,0.3211819063715734,0.6789631066796011,0.5115650408536768,0.3251802662239602,0.692990369133222,0.5307427668490164,0,677,0,0.0051254767274312,0.0,0.0102509534548624,0.0643291325091922,0.118,0.0106582650183845,,,,,
tax,may_2026_batch,08206e35,2026-05-08T09:58:34.431825,FileLoader,SmartNoiseModelLoader,TopKObtainer,ILPRepairer,models/tax_mst.pkl,1000,43,0.5,0.5,20,42,0.5,ILPRepairer,SmartNoiseModelLoader,mst,0.8422181606292725,0.6065578460693359,1.8997268676757808,754.7787606716156,1000,687,0.313,0.6123556459099196,0.8038696803250373,0.1360630409514634,0.2011602404801909,0.3127391465231871,0.6100219019711774,0.3429088617975618,0.3164644818033623,0.6266013941254713,0.395353581822364,0,2609,0,0.0343881779978692,0.0,0.0687763559957385,0.2073802370918826,0.313,0.1017604741837652,,,,,True
tax,may_2026_batch,19f2555c,2026-05-08T11:46:43.861947,FileLoader,SmartNoiseModelLoader,TopKObtainer,ILPRepairer,models/tax_aim.pkl,1000,42,0.5,0.5,20,42,0.5,ILPRepairer,SmartNoiseModelLoader,aim,1.216525316238403,2.76364803314209,1.9038841724395752,36.961333990097046,1000,897,0.103,0.366451366033604,0.3107813492567641,0.1105918657679191,0.1229245023851973,0.3288865997939814,0.6882699442949866,0.5186526787410867,0.3345601104099369,0.6923623126081347,0.5195187566881019,0,585,0,0.0043770818210516,0.0,0.0087541636421032,0.054704123783394,0.103,0.0064082475667881,,,,,True
tax,may_2026_batch,1ae3a512,2026-05-08T11:46:20.026233,FileLoader,SmartNoiseModelLoader,TopKObtainer,ClassicVCRepairer,models/tax_aim.pkl,1000,42,0.5,0.5,20,42,,ClassicVCRepairer,SmartNoiseModelLoader,aim,1.0415549278259275,1.1307103633880615,1.872720718383789,0.1219613552093505,1000,834,0.166,0.366451366033604,0.2655739346282718,0.1105918657679191,0.1369341118398498,0.3288865997939814,0.6882699442949866,0.5186526787410867,0.332952965766919,0.6894420497844806,0.5216069446250162,0,585,0,0.0043770818210516,0.0,0.0087541636421032,0.0861900385283849,0.166,0.0063800770567698,,,,,
tax,may_2026_batch,1c4080cb,2026-05-08T09:46:28.909763,FileLoader,SmartNoiseModelLoader,TopKObtainer,ClassicVCRepairer,models/tax_mst.pkl,1000,44,0.5,0.5,20,42,,ClassicVCRepairer,SmartNoiseModelLoader,mst,0.8423416614532471,0.6557071208953857,1.8864941596984863,0.2853200435638428,1000,522,0.478,0.6290096182530236,0.934288955841154,0.1323284031673961,0.2689742964478553,0.3236491284215579,0.593278395055555,0.3456141052694742,0.3250682561430528,0.555610004900441,0.3766508985808722,0,2539,0,0.0339739096987202,0.0,0.0679478193974405,0.3036968967942619,0.478,0.1293937935885239,,,,,
tax,may_2026_batch,1e79e6d0,2026-05-08T09:46:32.777462,FileLoader,SmartNoiseModelLoader,TopKObtainer,ILPRepairer,models/tax_mst.pkl,1000,43,0.5,0.5,20,42,0.5,ILPRepairer,SmartNoiseModelLoader,mst,0.8536772727966309,0.6202151775360107,1.9022393226623533,0.5270605087280273,1000,687,0.313,0.6123556459099196,0.8154355210303464,0.1360630409514634,0.2022772741362992,0.3127391465231871,0.6100219019711774,0.3429088617975618,0.3186296766709003,0.6273684631616846,0.4172395515596404,0,2609,0,0.0343881779978692,0.0,0.0687763559957385,0.2084355500467589,0.313,0.1038711000935177,,,,,False
tax,may_2026_batch,2239ff43,2026-05-08T11:46:20.028386,FileLoader,SmartNoiseModelLoader,TopKObtainer,WeightedVCRepairer,models/tax_aim.pkl,1000,44,0.5,0.5,20,42,0.5,WeightedVCRepairer,SmartNoiseModelLoader,aim,1.040449619293213,1.1259183883666992,1.8806257247924805,0.2007398605346679,1000,899,0.101,0.1142396069676672,0.1118401499214964,0.111446117094983,0.1239700162496765,0.3333039973597624,0.6901501135102159,0.5060945485093659,0.3392515326379374,0.6999069916292466,0.5216559490354132,0,541,0,0.0078977109893849,0.0,0.0157954219787698,0.0580939560459531,0.101,0.0151879120919063,,,,,
tax,may_2026_batch,282b8dcf,2026-05-08T09:46:39.075901,FileLoader,SmartNoiseModelLoader,TopKObtainer,ILPRepairer,models/tax_patectgan.pkl,1000,43,0.5,0.5,20,42,0.5,ILPRepairer,SmartNoiseModelLoader,patectgan,0.8650527000427246,1.437842607498169,1.827554941177368,6.865078926086426,1000,108,0.892,105750.71284970408,1225622.2807083535,0.5791220659859387,0.6678110067971961,0.0519046714204278,0.0251832664939844,0.0265373883649528,0.019986798811893,0.0169155223970157,0.0196777709993899,0,8608,0,0.1640258625643118,0.0,0.3280517251286236,0.6111749366383858,0.892,0.3303498732767718,,,,,False
tax,may_2026_batch,2d542db9,2026-05-08T09:46:07.051963,FileLoader,SmartNoiseModelLoader,TopKObtainer,WeightedVCRepairer,models/tax_mst.pkl,1000,42,0.5,0.5,20,42,0.5,WeightedVCRepairer,SmartNoiseModelLoader,mst,0.8909094333648682,0.9014933109283448,2.2319130897521973,0.7030081748962402,1000,719,0.281,0.4681278007374517,0.5249863361468295,0.1329016464259561,0.1880161307316299,0.2987058835295176,0.616401476132852,0.3709033813043174,0.3089948095328579,0.6223820143812944,0.4028212539128522,0,2336,0,0.0330026381865846,0.0,0.0660052763731693,0.1875953361382109,0.281,0.0941906722764218,,,,,
tax,may_2026_batch,327323b5,2026-05-08T09:54:01.278516,FileLoader,SmartNoiseModelLoader,TopKObtainer,ILPRepairer,models/tax_mst.pkl,1000,42,0.5,0.5,20,42,0.5,ILPRepairer,SmartNoiseModelLoader,mst,0.8484392166137695,0.6268692016601562,1.8803019523620603,478.63071870803833,1000,722,0.278,0.4681278007374517,0.5254900003941069,0.1329016464259561,0.1858790784553189,0.2987058835295176,0.616401476132852,0.3709033813043174,0.3097068736186257,0.6292106289566061,0.4003940354631917,0,2336,0,0.0330026381865846,0.0,0.0660052763731693,0.1855946792548048,0.278,0.0931893585096096,,,,,True
tax,may_2026_batch,33cc9f36,2026-05-08T11:46:21.684596,FileLoader,SmartNoiseModelLoader,TopKObtainer,WeightedVCRepairer,models/tax_aim.pkl,1000,42,0.5,0.5,20,42,0.5,WeightedVCRepairer,SmartNoiseModelLoader,aim,1.075376272201538,1.126010179519653,2.017151117324829,0.2381105422973632,1000,897,0.103,0.366451366033604,0.3107813492567641,0.1105918657679191,0.123252928171686,0.3288865997939814,0.6882699442949866,0.5186526787410867,0.335157164144773,0.6965436889320039,0.5418597673790642,0,585,0,0.0043770818210516,0.0,0.0087541636421032,0.054704123783394,0.103,0.0064082475667881,,,,,
tax,may_2026_batch,3f1378f0,2026-05-08T11:46:20.326917,FileLoader,SmartNoiseModelLoader,TopKObtainer,VanillaVCRepairer,models/tax_aim.pkl,1000,44,0.5,0.5,20,42,,VanillaVCRepairer,SmartNoiseModelLoader,aim,1.0679559707641602,1.1200213432312012,1.85030198097229,0.1668214797973632,1000,900,0.1,0.1142396069676672,0.1200203500747056,0.111446117094983,0.1249010451064052,0.3333039973597624,0.6901501135102159,0.5060945485093659,0.3365242871858467,0.6896960726465382,0.5077716994529508,0,541,0,0.0078977109893849,0.0,0.0157954219787698,0.0588263747828212,0.1,0.0176527495656425,,,,,
tax,may_2026_batch,4213ffde,2026-05-08T09:46:40.704640,FileLoader,SmartNoiseModelLoader,TopKObtainer,WeightedVCRepairer,models/tax_patectgan.pkl,1000,43,0.5,0.5,20,42,0.5,WeightedVCRepairer,SmartNoiseModelLoader,patectgan,0.8323431015014648,1.1882822513580322,1.9101240634918213,8.563599348068237,1000,103,0.897,105750.71284970408,105713.88661824062,0.5791220659859387,0.5983900320176604,0.0519046714204278,0.0251832664939844,0.0265373883649528,0.0433208988808992,0.0241951775659809,0.0489854086867818,0,8608,0,0.1640258625643118,0.0,0.3280517251286236,0.586627561593438,0.897,0.276255123186876,,,,,
tax,may_2026_batch,443def0b,2026-05-08T09:46:37.295682,FileLoader,SmartNoiseModelLoader,TopKObtainer,ILPRepairer,models/tax_patectgan.pkl,1000,44,0.5,0.5,20,42,0.5,ILPRepairer,SmartNoiseModelLoader,patectgan,0.8491361141204834,1.4587719440460205,1.7950820922851562,6.731662034988403,1000,111,0.889,435215.19854895753,1360825.0848028045,0.581543604202156,0.6658723657001002,0.0310337930413737,0.0159814383294496,0.0106259563360702,0.0136232260903481,0.0145513096178656,0.0136572291506235,0,8338,0,0.1660515051894199,0.0,0.3321030103788398,0.6114460997840145,0.889,0.333892199568029,,,,,False
tax,may_2026_batch,53b88c85,2026-05-08T09:50:10.447846,FileLoader,SmartNoiseModelLoader,TopKObtainer,ILPRepairer,models/tax_patectgan.pkl,1000,42,0.5,0.5,20,42,0.5,ILPRepairer,SmartNoiseModelLoader,patectgan,0.8222968578338623,1.4239304065704346,1.8500843048095703,247.4966235160828,1000,0,1.0,569765.3468352593,3447035.746551305,0.5851204122259892,0.5,0.0117890610154913,0.0186676800912082,0.015290376133852,0.0,0.0,0.0,0,8567,0,0.1648517873275652,0.0,0.3297035746551305,0.6723517873275653,1.0,0.3447035746551304,,,,,True
tax,may_2026_batch,55353514,2026-05-08T09:46:20.336839,FileLoader,SmartNoiseModelLoader,TopKObtainer,ClassicVCRepairer,models/tax_patectgan.pkl,1000,43,0.5,0.5,20,42,,ClassicVCRepairer,SmartNoiseModelLoader,patectgan,0.8740198612213135,1.4542553424835205,2.2843940258026123,6.837789535522461,1000,36,0.964,105750.71284970408,1837037.1248952437,0.5791220659859387,0.790161904694879,0.0519046714204278,0.0251832664939844,0.0265373883649528,0.0114020261823564,0.0075646808212739,0.0121910971987478,0,8608,0,0.1640258625643118,0.0,0.3280517251286236,0.6460175292309784,0.964,0.3280350584619569,,,,,
tax,may_2026_batch,582d8ec1,2026-05-08T09:45:54.214272,FileLoader,SmartNoiseModelLoader,TopKObtainer,WeightedVCRepairer,models/tax_mst.pkl,1000,44,0.5,0.5,20,42,0.5,WeightedVCRepairer,SmartNoiseModelLoader,mst,0.9859323501586914,0.9494404792785645,1.9657878875732424,0.6682071685791016,1000,705,0.295,0.6290096182530236,0.6833425996689808,0.1323284031673961,0.1951233118860917,0.3236491284215579,0.593278395055555,0.3456141052694742,0.3283415507395665,0.6113670230320729,0.4235921232910962,0,2539,0,0.0339739096987202,0.0,0.0679478193974405,0.1940484089814307,0.295,0.0930968179628615,,,,,
tax,may_2026_batch,5e319d03,2026-05-08T09:46:40.064055,FileLoader,SmartNoiseModelLoader,TopKObtainer,WeightedVCRepairer,models/tax_patectgan.pkl,1000,42,0.5,0.5,20,42,0.5,WeightedVCRepairer,SmartNoiseModelLoader,patectgan,0.8660321235656738,1.1873130798339844,1.9103946685791016,8.22331976890564,1000,106,0.894,569765.3468352593,569748.8117458995,0.5851204122259892,0.6168282299495006,0.0117890610154913,0.0186676800912082,0.015290376133852,0.0165274874738726,0.0129401646148153,0.0140252622736046,0,8567,0,0.1648517873275652,0.0,0.3297035746551305,0.5985970703464332,0.894,0.3031941406928662,,,,,
tax,may_2026_batch,69fdba2e,2026-05-08T09:46:30.804745,FileLoader,SmartNoiseModelLoader,TopKObtainer,ILPRepairer,models/tax_mst.pkl,1000,44,0.5,0.5,20,42,0.5,ILPRepairer,SmartNoiseModelLoader,mst,0.8625626564025879,0.6060771942138672,1.8132202625274656,0.5435502529144287,1000,705,0.295,0.6290096182530236,0.7064461479716672,0.1323284031673961,0.1959619907950896,0.3236491284215579,0.593278395055555,0.3456141052694742,0.3271514436299267,0.5994839535558201,0.4016471482433419,0,2539,0,0.0339739096987202,0.0,0.0679478193974405,0.1951476997615726,0.295,0.0952953995231452,,,,,False
tax,may_2026_batch,6c232a7a,2026-05-08T11:46:19.754707,FileLoader,SmartNoiseModelLoader,TopKObtainer,ClassicVCRepairer,models/tax_aim.pkl,1000,43,0.5,0.5,20,42,,ClassicVCRepairer,SmartNoiseModelLoader,aim,1.0653808116912842,1.1264045238494873,1.880619525909424,0.1481087207794189,1000,800,0.2,0.23611851218524,0.2569388718551875,0.1093851199385722,0.1434621362450398,0.3211819063715734,0.6789631066796011,0.5115650408536768,0.3266734006060545,0.6801052094688522,0.528733586022742,0,677,0,0.0051254767274312,0.0,0.0102509534548624,0.1070289822324984,0.2,0.0140579644649968,,,,,
tax,may_2026_batch,6f2d6d98,2026-05-08T09:46:30.571288,FileLoader,SmartNoiseModelLoader,TopKObtainer,VanillaVCRepairer,models/tax_mst.pkl,1000,44,0.5,0.5,20,42,,VanillaVCRepairer,SmartNoiseModelLoader,mst,0.8153195381164551,0.6293768882751465,1.8338608741760252,0.2853572368621826,1000,705,0.295,0.6290096182530236,0.6879789287449373,0.1323284031673961,0.1962424364449695,0.3236491284215579,0.593278395055555,0.3456141052694742,0.3273884649618466,0.5963996759708374,0.4036153253792841,0,2539,0,0.0339739096987202,0.0,0.0679478193974405,0.1948640118183102,0.295,0.0947280236366203,,,,,
tax,may_2026_batch,7977f7f1,2026-05-08T09:46:22.773442,FileLoader,SmartNoiseModelLoader,TopKObtainer,VanillaVCRepairer,models/tax_patectgan.pkl,1000,44,0.5,0.5,20,42,,VanillaVCRepairer,SmartNoiseModelLoader,patectgan,0.913001537322998,1.7314109802246094,2.0716123580932617,6.75412392616272,1000,106,0.894,435215.19854895753,1610812.7668384232,0.581543604202156,0.6502123168024325,0.0310337930413737,0.0159814383294496,0.0106259563360702,0.0321818963706733,0.0219049714474302,0.0391025192267304,0,8338,0,0.1660515051894199,0.0,0.3321030103788398,0.6113326372648916,0.894,0.3286652745297832,,,,,
tax,may_2026_batch,7bfb6d5c,2026-05-08T09:46:42.866865,FileLoader,SmartNoiseModelLoader,TopKObtainer,VanillaVCRepairer,models/tax_patectgan.pkl,1000,43,0.5,0.5,20,42,,VanillaVCRepairer,SmartNoiseModelLoader,patectgan,0.8673360347747803,1.3059699535369873,2.2515552043914795,7.827785968780518,1000,103,0.897,105750.71284970408,846180.5175770313,0.5791220659859387,0.6521996205656352,0.0519046714204278,0.0251832664939844,0.0265373883649528,0.0734726125351281,0.0595173565620905,0.0528487563880749,0,8608,0,0.1640258625643118,0.0,0.3280517251286236,0.6135693091662535,0.897,0.3301386183325071,,,,,
tax,may_2026_batch,8b26584c,2026-05-08T09:46:04.355349,FileLoader,SmartNoiseModelLoader,TopKObtainer,WeightedVCRepairer,models/tax_mst.pkl,1000,43,0.5,0.5,20,42,0.5,WeightedVCRepairer,SmartNoiseModelLoader,mst,0.9181065559387208,0.8722703456878662,2.4430177211761475,0.722851037979126,1000,685,0.315,0.6123556459099196,0.8417059158468685,0.1360630409514634,0.2017577011776964,0.3127391465231871,0.6100219019711774,0.3429088617975618,0.3164174775729815,0.623719134722125,0.3954315888429959,0,2609,0,0.0343881779978692,0.0,0.0687763559957385,0.2084473861266152,0.315,0.1018947722532304,,,,,
tax,may_2026_batch,94cd1945,2026-05-08T09:46:32.610580,FileLoader,SmartNoiseModelLoader,TopKObtainer,ILPRepairer,models/tax_mst.pkl,1000,42,0.5,0.5,20,42,0.5,ILPRepairer,SmartNoiseModelLoader,mst,0.851320743560791,0.6079797744750977,1.8869397640228271,0.417320966720581,1000,722,0.278,0.4681278007374517,0.5262310322857353,0.1329016464259561,0.1865585280329892,0.2987058835295176,0.616401476132852,0.3709033813043174,0.3103109279835185,0.6376873918652679,0.4026242361812563,0,2336,0,0.0330026381865846,0.0,0.0660052763731693,0.1867373385345832,0.278,0.0954746770691664,,,,,False
tax,may_2026_batch,979504ea,2026-05-08T11:46:20.500765,FileLoader,SmartNoiseModelLoader,TopKObtainer,VanillaVCRepairer,models/tax_aim.pkl,1000,43,0.5,0.5,20,42,,VanillaVCRepairer,SmartNoiseModelLoader,aim,1.0434744358062744,1.1305744647979736,1.8824636936187744,0.170487642288208,1000,881,0.119,0.23611851218524,0.2440613976076561,0.1093851199385722,0.1230482712166505,0.3211819063715734,0.6789631066796011,0.5115650408536768,0.3254022862057585,0.6910191917272555,0.5253362802652238,0,677,0,0.0051254767274312,0.0,0.0102509534548624,0.0654920632130667,0.119,0.0119841264261334,,,,,
tax,may_2026_batch,99424d74,2026-05-08T09:46:19.206876,FileLoader,SmartNoiseModelLoader,TopKObtainer,ClassicVCRepairer,models/tax_patectgan.pkl,1000,42,0.5,0.5,20,42,,ClassicVCRepairer,SmartNoiseModelLoader,patectgan,0.8691396713256836,1.4783704280853271,2.0564544200897217,6.58173680305481,1000,36,0.964,569765.3468352593,1995287.6421079603,0.5851204122259892,0.7884378050814699,0.0117890610154913,0.0186676800912082,0.015290376133852,0.0216259463351701,0.0121700953085777,0.0248292346311168,0,8567,0,0.1648517873275652,0.0,0.3297035746551305,0.6474073428831209,0.964,0.3308146857662416,,,,,
tax,may_2026_batch,a534104a,2026-05-08T09:46:34.045468,FileLoader,SmartNoiseModelLoader,TopKObtainer,ClassicVCRepairer,models/tax_patectgan.pkl,1000,44,0.5,0.5,20,42,,ClassicVCRepairer,SmartNoiseModelLoader,patectgan,0.8281376361846924,1.6014111042022705,2.188103675842285,7.1455466747283936,1000,42,0.958,435215.19854895753,1836853.9714735108,0.581543604202156,0.7747574768501652,0.0310337930413737,0.0159814383294496,0.0106259563360702,0.0112050084507605,0.0127061435529197,0.0106099548959406,0,8338,0,0.1660515051894199,0.0,0.3321030103788398,0.6412324575703723,0.958,0.3244649151407445,,,,,
tax,may_2026_batch,a69fe399,2026-05-08T10:00:35.102723,FileLoader,SmartNoiseModelLoader,TopKObtainer,ILPRepairer,models/tax_patectgan.pkl,1000,43,0.5,0.5,20,42,0.5,ILPRepairer,SmartNoiseModelLoader,patectgan,0.8350121974945068,1.5967955589294434,2.0882742404937744,872.6991102695465,1000,0,1.0,105750.71284970408,3447017.251286236,0.5791220659859387,0.5,0.0519046714204278,0.0251832664939844,0.0265373883649528,0.0,0.0,0.0,0,8608,0,0.1640258625643118,0.0,0.3280517251286236,0.6723508625643118,1.0,0.3447017251286236,,,,,True
tax,may_2026_batch,adf5aec9,2026-05-08T11:46:15.295703,FileLoader,SmartNoiseModelLoader,TopKObtainer,ILPRepairer,models/tax_aim.pkl,1000,42,0.5,0.5,20,42,0.5,ILPRepairer,SmartNoiseModelLoader,aim,1.223072528839111,2.793037414550781,2.050072193145752,0.4287872314453125,1000,897,0.103,0.366451366033604,0.3156472007875658,0.1105918657679191,0.1238871243859736,0.3288865997939814,0.6882699442949866,0.5186526787410867,0.3365082857457171,0.6972567531077797,0.5318618675680812,0,585,0,0.0043770818210516,0.0,0.0087541636421032,0.0550385719439291,0.103,0.0070771438878583,,,,,False
tax,may_2026_batch,b0ded8df,2026-05-08T11:46:53.728746,FileLoader,SmartNoiseModelLoader,TopKObtainer,ILPRepairer,models/tax_aim.pkl,1000,44,0.5,0.5,20,42,0.5,ILPRepairer,SmartNoiseModelLoader,aim,1.216949224472046,2.772765874862671,1.9689509868621824,49.77599811553955,1000,900,0.1,0.1142396069676672,0.1124869694597573,0.111446117094983,0.1239383195722182,0.3333039973597624,0.6901501135102159,0.5060945485093659,0.3365782920462841,0.6968587172845556,0.521474932743947,0,541,0,0.0078977109893849,0.0,0.0157954219787698,0.0576874858939324,0.1,0.0153749717878648,,,,,True
tax,may_2026_batch,c4437eaa,2026-05-08T11:46:14.128569,FileLoader,SmartNoiseModelLoader,TopKObtainer,ILPRepairer,models/tax_aim.pkl,1000,44,0.5,0.5,20,42,0.5,ILPRepairer,SmartNoiseModelLoader,aim,1.2384581565856934,2.7534074783325195,2.006638288497925,0.4535577297210693,1000,900,0.1,0.1142396069676672,0.1223473541633538,0.111446117094983,0.1253878157676166,0.3333039973597624,0.6901501135102159,0.5060945485093659,0.3364822834055065,0.6924593213389205,0.5146533187986919,0,541,0,0.0078977109893849,0.0,0.0157954219787698,0.0590485970050435,0.1,0.018097194010087,,,,,False
tax,may_2026_batch,c86b4ad1,2026-05-08T11:46:58.548884,FileLoader,SmartNoiseModelLoader,TopKObtainer,ILPRepairer,models/tax_aim.pkl,1000,43,0.5,0.5,20,42,0.5,ILPRepairer,SmartNoiseModelLoader,aim,1.205498456954956,2.757145881652832,2.0386712551116943,56.54971671104431,1000,882,0.118,0.23611851218524,0.2325882622351072,0.1093851199385722,0.1219973950464813,0.3211819063715734,0.6789631066796011,0.5115650408536768,0.3247732295906632,0.6924963246692202,0.5225530297726796,0,677,0,0.0051254767274312,0.0,0.0102509534548624,0.0643291325091922,0.118,0.0106582650183845,,,,,True
tax,may_2026_batch,c913dbd2,2026-05-08T09:46:29.734389,FileLoader,SmartNoiseModelLoader,TopKObtainer,ClassicVCRepairer,models/tax_mst.pkl,1000,43,0.5,0.5,20,42,,ClassicVCRepairer,SmartNoiseModelLoader,mst,0.8385417461395264,0.6672754287719727,1.9001059532165527,0.2755250930786133,1000,500,0.5,0.6123556459099196,1.0187451937703127,0.1360630409514634,0.2852305124127839,0.3127391465231871,0.6100219019711774,0.3429088617975618,0.3114670320328829,0.5404576411877069,0.375774819733776,0,2609,0,0.0343881779978692,0.0,0.0687763559957385,0.3219316926959583,0.5,0.1438633853919166,,,,,
tax,may_2026_batch,d4fb2905,2026-05-08T09:46:20.057882,FileLoader,SmartNoiseModelLoader,TopKObtainer,VanillaVCRepairer,models/tax_patectgan.pkl,1000,42,0.5,0.5,20,42,,VanillaVCRepairer,SmartNoiseModelLoader,patectgan,0.952244758605957,3.3230960369110107,2.018593072891236,6.520241022109985,1000,106,0.894,569765.3468352593,951829.1953864556,0.5851204122259892,0.6514774621120513,0.0117890610154913,0.0186676800912082,0.015290376133852,0.0132281905371483,0.01892470322329,0.0188236941324719,0,8567,0,0.1648517873275652,0.0,0.3297035746551305,0.6136914099690747,0.894,0.3333828199381493,,,,,
tax,may_2026_batch,d679d88e,2026-05-08T09:46:28.160390,FileLoader,SmartNoiseModelLoader,TopKObtainer,VanillaVCRepairer,models/tax_mst.pkl,1000,43,0.5,0.5,20,42,,VanillaVCRepairer,SmartNoiseModelLoader,mst,0.8557202816009521,0.6255087852478027,1.7739160060882568,0.3029861450195312,1000,685,0.315,0.6123556459099196,0.7978801795671696,0.1360630409514634,0.2037090442762719,0.3127391465231871,0.6100219019711774,0.3429088617975618,0.3165084857637187,0.6194347491274215,0.4006300567051034,0,2609,0,0.0343881779978692,0.0,0.0687763559957385,0.2094692839368342,0.315,0.1039385678736684,,,,,
tax,may_2026_batch,d9f3ce5f,2026-05-08T09:46:28.054416,FileLoader,SmartNoiseModelLoader,TopKObtainer,ClassicVCRepairer,models/tax_mst.pkl,1000,42,0.5,0.5,20,42,,ClassicVCRepairer,SmartNoiseModelLoader,mst,0.8342173099517822,0.622474193572998,1.8093645572662356,0.257033109664917,1000,548,0.452,0.4681278007374517,0.6554618579386255,0.1329016464259561,0.2550055971988007,0.2987058835295176,0.616401476132852,0.3709033813043174,0.3041143702933264,0.5774189677070937,0.3859107319658769,0,2336,0,0.0330026381865846,0.0,0.0660052763731693,0.2924001415756088,0.452,0.1328002831512175,,,,,
tax,may_2026_batch,da17dc34,2026-05-08T09:46:06.007394,FileLoader,SmartNoiseModelLoader,TopKObtainer,VanillaVCRepairer,models/tax_mst.pkl,1000,42,0.5,0.5,20,42,,VanillaVCRepairer,SmartNoiseModelLoader,mst,0.9787635803222656,0.9669950008392334,2.84695053100586,0.3074822425842285,1000,722,0.278,0.4681278007374517,0.5289078102077985,0.1329016464259561,0.1867345648058155,0.2987058835295176,0.616401476132852,0.3709033813043174,0.3100169015211369,0.6402196197657789,0.407307657689192,0,2336,0,0.0330026381865846,0.0,0.0660052763731693,0.1862179479528657,0.278,0.0944358959057315,,,,,
tax,may_2026_batch,e90accc2,2026-05-08T11:46:14.382432,FileLoader,SmartNoiseModelLoader,TopKObtainer,ILPRepairer,models/tax_aim.pkl,1000,43,0.5,0.5,20,42,0.5,ILPRepairer,SmartNoiseModelLoader,aim,1.2045657634735107,2.769054889678955,2.051673889160156,0.4545276165008545,1000,882,0.118,0.23611851218524,0.2356883281719516,0.1093851199385722,0.1228609625634762,0.3211819063715734,0.6789631066796011,0.5115650408536768,0.3229660669460251,0.6883319498754888,0.5440289626066346,0,677,0,0.0051254767274312,0.0,0.0102509534548624,0.0647480865408884,0.118,0.0114961730817768,,,,,False
tax,may_2026_batch,f0e9e0a3,2026-05-08T09:46:35.802032,FileLoader,SmartNoiseModelLoader,TopKObtainer,ILPRepairer,models/tax_patectgan.pkl,1000,42,0.5,0.5,20,42,0.5,ILPRepairer,SmartNoiseModelLoader,patectgan,0.8270032405853271,1.3756499290466309,1.8491489887237549,6.781151056289673,1000,110,0.89,569765.3468352593,1110536.5332187233,0.5851204122259892,0.6653247352867819,0.0117890610154913,0.0186676800912082,0.015290376133852,0.0181366322969067,0.0170425338280445,0.0141022692042283,0,8567,0,0.1648517873275652,0.0,0.3297035746551305,0.6093972418730198,0.89,0.3287944837460396,,,,,False
tax,may_2026_batch,f448a860,2026-05-08T11:46:21.375372,FileLoader,SmartNoiseModelLoader,TopKObtainer,VanillaVCRepairer,models/tax_aim.pkl,1000,42,0.5,0.5,20,42,,VanillaVCRepairer,SmartNoiseModelLoader,aim,1.0713729858398438,1.130720138549805,1.94490385055542,0.1198933124542236,1000,897,0.103,0.366451366033604,0.3186820097004202,0.1105918657679191,0.1253258260232148,0.3288865997939814,0.6882699442949866,0.5186526787410867,0.3348161334520106,0.6983538518466662,0.5417447570281325,0,585,0,0.0043770818210516,0.0,0.0087541636421032,0.0555123735046872,0.103,0.0080247470093745,,,,,
tax,may_2026_batch,f9b4effa,2026-05-08T09:49:40.342696,FileLoader,SmartNoiseModelLoader,TopKObtainer,ILPRepairer,models/tax_patectgan.pkl,1000,44,0.5,0.5,20,42,0.5,ILPRepairer,SmartNoiseModelLoader,patectgan,0.8339605331420898,1.4132697582244873,1.8228974342346191,217.15746593475345,1000,0,1.0,435215.19854895753,3447030.1037883973,0.581543604202156,0.5,0.0310337930413737,0.0159814383294496,0.0106259563360702,0.0,0.0,0.0,0,8338,0,0.1660515051894199,0.0,0.3321030103788398,0.6723515051894199,1.0,0.3447030103788397,,,,,True
