dataset,experiment_name,experiment_id,timestamp,meta_loader,meta_synthesizer,meta_obtainer,meta_repairer,meta_synthesizer_params_model_path,meta_synthesizer_params_size,meta_synthesizer_params_seed,meta_obtainer_params_selection_budget,meta_obtainer_params_generation_budget,meta_obtainer_params_k,meta_obtainer_params_seed,meta_repairer_params_alpha,repairer,synthesizer,engine,runtime_loading,runtime_synthesizing,runtime_marginals_obtaining,runtime_repairing,deletion_ratio_before,deletion_ratio_after,deletion_ratio_ratio,marginals_error_synthetic_avg,marginals_error_repaired_avg,tvd_2way_synthetic_avg,tvd_2way_repaired_avg,ml_accuracy_synthetic_logistic_regression,ml_accuracy_synthetic_random_forest,ml_accuracy_synthetic_mlp,ml_accuracy_repaired_logistic_regression,ml_accuracy_repaired_random_forest,ml_accuracy_repaired_mlp,violations_private,violations_synthetic,violations_repaired,loss_function_synthetic_total,loss_function_synthetic_size_component,loss_function_synthetic_marginal_component,loss_function_repaired_total,loss_function_repaired_size_component,loss_function_repaired_marginal_component
adult,weighted_updated_alpha_v4_adult_aim_a0.0,c2bc3902,2026-05-15T05:45:06.995114,FileLoader,SmartNoiseModelLoader,TopKObtainer,WeightedVCRepairer,models/adult_aim.pkl,50000,42,0.5,0.5,20,42,0.0,WeightedVCRepairer,SmartNoiseModelLoader,aim,0.3053715229034424,4.609825611114502,1.7454979419708252,65804.79485321045,50000,99,0.99802,0.5618976177615916,0.13450469115502234,0.03196359620233171,0.2693441697004204,0.8231235412145285,0.8441914745505917,0.84689406658204,0.7848982433151795,0.8072560501207977,0.7780803406903894,0,27382463,0,0.008695139627177415,0.0,0.008695139627177415,0.012367890447823531,0.99802,0.012367890447823531
adult,weighted_updated_alpha_v4_adult_aim_a0.05,bffad687,2026-05-14T18:25:03.236159,FileLoader,SmartNoiseModelLoader,TopKObtainer,WeightedVCRepairer,models/adult_aim.pkl,50000,42,0.5,0.5,20,42,0.05,WeightedVCRepairer,SmartNoiseModelLoader,aim,0.3048079013824463,4.622618675231934,1.7498061656951904,24977.45393514633,50000,6922,0.86156,0.5618976177615916,0.09757952476784881,0.03196359620233171,0.15174739874602855,0.8231235412145285,0.8441914745505917,0.84689406658204,0.8249662175996069,0.8465664796691372,0.8342614962532247,0,27382463,0,0.008260382645818545,0.0,0.008695139627177415,0.056990563925813885,0.86156,0.014644804132435666
adult,weighted_updated_alpha_v4_adult_aim_a0.1,c502ad3a,2026-05-15T00:38:25.330209,FileLoader,SmartNoiseModelLoader,TopKObtainer,WeightedVCRepairer,models/adult_aim.pkl,50000,42,0.5,0.5,20,42,0.1,WeightedVCRepairer,SmartNoiseModelLoader,aim,0.18337631225585938,2.6587038040161133,1.0960824489593506,22281.250519752502,50000,6922,0.86156,0.5618976177615916,0.06652710305620538,0.03196359620233171,0.14580463034338814,0.8231235412145285,0.8441914745505917,0.84689406658204,0.8247614757790426,0.8483477335080464,0.8316612751320585,0,27382463,0,0.007825625664459674,0.0,0.008695139627177415,0.09527319167642989,0.86156,0.010130212973810981
adult,weighted_updated_alpha_v4_adult_aim_a0.15,7424e741,2026-05-15T06:28:22.173860,FileLoader,SmartNoiseModelLoader,TopKObtainer,WeightedVCRepairer,models/adult_aim.pkl,50000,42,0.5,0.5,20,42,0.15,WeightedVCRepairer,SmartNoiseModelLoader,aim,0.19040584564208984,2.6111655235290527,1.0306832790374756,20877.474053144455,50000,6922,0.86156,0.5618976177615916,0.06533202393498293,0.03196359620233171,0.14545134485442748,0.8231235412145285,0.8441914745505917,0.84689406658204,0.8247000532328733,0.8474059211334507,0.8307604111215757,0,27382463,0,0.007390868683100803,0.0,0.008695139627177415,0.13772802399220047,0.86156,0.009992969402588798
adult,weighted_updated_alpha_v4_adult_aim_a0.25,e131361e,2026-05-14T18:23:35.331428,FileLoader,SmartNoiseModelLoader,TopKObtainer,WeightedVCRepairer,models/adult_aim.pkl,50000,42,0.5,0.5,20,42,0.25,WeightedVCRepairer,SmartNoiseModelLoader,aim,0.28440380096435547,4.606084108352661,1.7724647521972656,24884.011389017105,50000,7912,0.84176,0.5618976177615916,0.21784593357213838,0.03196359620233171,0.1550189810425162,0.8231235412145285,0.8441914745505917,0.84689406658204,0.8252938045125098,0.8456656156586544,0.833606322427419,0,27382463,0,0.006521354720383061,0.0,0.008695139627177415,0.2286189424349577,0.84176,0.024238589913276938
adult,weighted_updated_alpha_v4_adult_aim_a0.3,c1851b5d,2026-05-14T17:59:38.540649,FileLoader,SmartNoiseModelLoader,TopKObtainer,WeightedVCRepairer,models/adult_aim.pkl,50000,42,0.5,0.5,20,42,0.3,WeightedVCRepairer,SmartNoiseModelLoader,aim,0.28519129753112793,4.617661714553833,1.7842693328857422,23424.11290693283,50000,25723,0.48554,0.5618976177615916,6.267877644014262,0.03196359620233171,0.06895509119597859,0.8231235412145285,0.8441914745505917,0.84689406658204,0.8235125506736006,0.8479587240489742,0.8439457843659146,0,27382463,0,0.00608659773902419,0.0,0.008695139627177415,0.14914141530059644,0.48554,0.004970593286566304
adult,weighted_updated_alpha_v4_adult_aim_a0.35,e91dedae,2026-05-14T23:25:33.972521,FileLoader,SmartNoiseModelLoader,TopKObtainer,WeightedVCRepairer,models/adult_aim.pkl,50000,42,0.5,0.5,20,42,0.35,WeightedVCRepairer,SmartNoiseModelLoader,aim,0.1961987018585205,2.744182586669922,1.168360948562622,19393.054274320602,50000,34584,0.30832,0.5618976177615916,0.30040209018153075,0.03196359620233171,0.05363369199049355,0.8231235412145285,0.8441914745505917,0.84689406658204,0.8247410015969862,0.8442119487326482,0.8437819909094632,0,27382463,0,0.00565184075766532,0.0,0.008695139627177415,0.10943003054634055,0.30832,0.0023354316097547127
adult,weighted_updated_alpha_v4_adult_aim_a0.4,733118c3,2026-05-14T23:48:14.272625,FileLoader,SmartNoiseModelLoader,TopKObtainer,WeightedVCRepairer,models/adult_aim.pkl,50000,42,0.5,0.5,20,42,0.4,WeightedVCRepairer,SmartNoiseModelLoader,aim,0.1939704418182373,2.796285629272461,1.0333521366119385,19321.098271131516,50000,34124,0.31752,0.5618976177615916,0.2929206089565101,0.03196359620233171,0.053965441662952286,0.8231235412145285,0.8441914745505917,0.84689406658204,0.8245567339584784,0.8436591458171246,0.8448261741943409,0,27382463,0,0.005217083776306449,0.0,0.008695139627177415,0.1283414314704084,0.31752,0.002222385784014008
adult,weighted_updated_alpha_v4_adult_aim_a0.45,3f56e834,2026-05-15T03:10:28.197963,FileLoader,SmartNoiseModelLoader,TopKObtainer,WeightedVCRepairer,models/adult_aim.pkl,50000,42,0.5,0.5,20,42,0.45,WeightedVCRepairer,SmartNoiseModelLoader,aim,0.20544171333312988,2.7841804027557373,1.154179334640503,13413.610402345657,50000,35382,0.29236,0.5618976177615916,0.31457225982811493,0.03196359620233171,0.05290814241772633,0.8231235412145285,0.8441914745505917,0.84689406658204,0.8247000532328733,0.8439457843659146,0.8442733712788174,0,27382463,0,0.004782326794947579,0.0,0.008695139627177415,0.13315928915720873,0.29236,0.0029041621040158715
adult,weighted_updated_alpha_v4_adult_aim_a0.5,89fc4572,2026-05-14T17:27:15.163405,FileLoader,SmartNoiseModelLoader,TopKObtainer,WeightedVCRepairer,models/adult_aim.pkl,50000,42,0.5,0.5,20,42,0.5,WeightedVCRepairer,SmartNoiseModelLoader,aim,0.31505584716796875,4.607006311416626,1.861994981765747,21461.082102298737,50000,35343,0.29314,0.5618976177615916,0.3157556137941774,0.03196359620233171,0.0535337793138027,0.8231235412145285,0.8441914745505917,0.84689406658204,0.8246181565046476,0.844682854919946,0.8437000941812375,0,27382463,0,0.004347569813588708,0.0,0.008695139627177415,0.1483610492506306,0.29314,0.003582098501261183
adult,weighted_updated_alpha_v4_adult_aim_a0.55,ae4938a0,2026-05-14T17:00:32.344332,FileLoader,SmartNoiseModelLoader,TopKObtainer,WeightedVCRepairer,models/adult_aim.pkl,50000,42,0.5,0.5,20,42,0.55,WeightedVCRepairer,SmartNoiseModelLoader,aim,0.31470584869384766,4.604642629623413,1.8642892837524414,19853.811727046967,50000,39854,0.20292,0.5618976177615916,0.39181870258237284,0.03196359620233171,0.05025540512087415,0.8231235412145285,0.8441914745505917,0.84689406658204,0.8245976823225912,0.843536300724786,0.844682854919946,0,27382463,0,0.003912812832229836,0.0,0.008695139627177415,0.113833113915546,0.20292,0.004949142034546659
adult,weighted_updated_alpha_v4_adult_aim_a0.6,1455e594,2026-05-14T20:38:01.901437,FileLoader,SmartNoiseModelLoader,TopKObtainer,WeightedVCRepairer,models/adult_aim.pkl,50000,42,0.5,0.5,20,42,0.6,WeightedVCRepairer,SmartNoiseModelLoader,aim,0.18642187118530273,2.6580252647399902,1.149085521697998,12968.127672672272,50000,42800,0.144,0.5618976177615916,0.44439238497555944,0.03196359620233171,0.04885805901984122,0.8231235412145285,0.8441914745505917,0.84689406658204,0.8246386306867041,0.8431882396298268,0.8473035502231686,0,27382463,0,0.0034780558508709664,0.0,0.008695139627177415,0.0890125428532605,0.144,0.006531357133151272
adult,weighted_updated_alpha_v4_adult_aim_a0.65,3bb02f2e,2026-05-14T19:19:06.521523,FileLoader,SmartNoiseModelLoader,TopKObtainer,WeightedVCRepairer,models/adult_aim.pkl,50000,42,0.5,0.5,20,42,0.65,WeightedVCRepairer,SmartNoiseModelLoader,aim,0.18181276321411133,2.758878707885742,1.144984245300293,6550.362096786499,50000,46188,0.07624,0.5618976177615916,0.4962736462032341,0.03196359620233171,0.03900215445486222,0.8231235412145285,0.8441914745505917,0.84689406658204,0.8249866917816633,0.8442119487326482,0.8478154047745793,0,27382463,0,0.003043298869512095,0.0,0.008695139627177415,0.0514613075925731,0.07624,0.005443735978780269
adult,weighted_updated_alpha_v4_adult_aim_a0.7,5d25727e,2026-05-14T20:03:35.009284,FileLoader,SmartNoiseModelLoader,TopKObtainer,WeightedVCRepairer,models/adult_aim.pkl,50000,42,0.5,0.5,20,42,0.7,WeightedVCRepairer,SmartNoiseModelLoader,aim,0.2039353847503662,2.7152490615844727,1.1313774585723877,2515.5604848861694,50000,47614,0.04772,0.5618976177615916,0.5682524242405769,0.03196359620233171,0.03465794885825809,0.8231235412145285,0.8441914745505917,0.84689406658204,0.8250071659637197,0.8447647516481717,0.8464436345767986,0,27382463,0,0.002608541888153225,0.0,0.008695139627177415,0.03547784309697791,0.04772,0.0069128103232597
adult,weighted_updated_alpha_v4_adult_aim_a0.75,bf536940,2026-05-14T12:22:36.408374,FileLoader,SmartNoiseModelLoader,TopKObtainer,WeightedVCRepairer,models/adult_aim.pkl,50000,42,0.5,0.5,20,42,0.75,WeightedVCRepairer,SmartNoiseModelLoader,aim,0.3009309768676758,4.6176018714904785,1.7091314792633057,3152.844646215439,50000,47751,0.04498,0.5618976177615916,0.5773140657859429,0.03196359620233171,0.034486666475491735,0.8231235412145285,0.8441914745505917,0.84689406658204,0.8248638466893248,0.8452766061995823,0.8462593669382908,0,27382463,0,0.002173784906794354,0.0,0.008695139627177415,0.03552402220935667,0.04498,0.0071560888374266746
adult,weighted_updated_alpha_v4_adult_aim_a0.8,3541b92c,2026-05-14T12:22:29.558779,FileLoader,SmartNoiseModelLoader,TopKObtainer,WeightedVCRepairer,models/adult_aim.pkl,50000,42,0.5,0.5,20,42,0.8,WeightedVCRepairer,SmartNoiseModelLoader,aim,0.2996399402618408,4.609584331512451,1.7187221050262451,3134.7157118320465,50000,47774,0.04452,0.5618976177615916,0.5783951227965061,0.03196359620233171,0.03444128947886644,0.8231235412145285,0.8441914745505917,0.84689406658204,0.8248024241431555,0.8451332869251873,0.8456041931124851,0,27382463,0,0.0017390279254354826,0.0,0.008695139627177415,0.037058521587355946,0.04452,0.007212607936779737
adult,weighted_updated_alpha_v4_adult_aim_a0.85,7812f0f3,2026-05-14T13:07:28.705614,FileLoader,SmartNoiseModelLoader,TopKObtainer,WeightedVCRepairer,models/adult_aim.pkl,50000,42,0.5,0.5,20,42,0.85,WeightedVCRepairer,SmartNoiseModelLoader,aim,0.18879342079162598,2.9485275745391846,1.2687902450561523,2482.4990487098694,50000,47776,0.04448,0.5618976177615916,0.5785308434063363,0.03196359620233171,0.034434356602560896,0.8231235412145285,0.8441914745505917,0.84689406658204,0.8248024241431555,0.8456656156586544,0.8452356578354695,0,27382463,0,0.0013042709440766124,0.0,0.008695139627177415,0.038890628010399206,0.04448,0.007217520069328012
adult,weighted_updated_alpha_v4_adult_aim_a0.9,0a5ee834,2026-05-14T13:07:10.956365,FileLoader,SmartNoiseModelLoader,TopKObtainer,WeightedVCRepairer,models/adult_aim.pkl,50000,42,0.5,0.5,20,42,0.9,WeightedVCRepairer,SmartNoiseModelLoader,aim,0.19885730743408203,2.903621196746826,1.2548797130584717,2477.9094638824463,50000,47792,0.04416,0.5618976177615916,0.5738007338801516,0.03196359620233171,0.03436780905637136,0.8231235412145285,0.8441914745505917,0.84689406658204,0.8248024241431555,0.8459317800253879,0.8465664796691372,0,27382463,0,0.0008695139627177413,0.0,0.008695139627177415,0.04046549543211462,0.04416,0.00721495432114618
adult,weighted_updated_alpha_v4_adult_aim_a0.95,c04df7f3,2026-05-14T13:37:10.230306,FileLoader,SmartNoiseModelLoader,TopKObtainer,WeightedVCRepairer,models/adult_aim.pkl,50000,42,0.5,0.5,20,42,0.95,WeightedVCRepairer,SmartNoiseModelLoader,aim,0.19765448570251465,2.799212694168091,1.2065472602844238,1702.4318509101868,50000,47792,0.04416,0.5618976177615916,0.5738007338801516,0.03196359620233171,0.03436780905637136,0.8231235412145285,0.8441914745505917,0.84689406658204,0.8248024241431555,0.8459317800253879,0.8465664796691372,0,27382463,0,0.00043475698135887113,0.0,0.008695139627177415,0.04231274771605731,0.04416,0.00721495432114618
adult,weighted_updated_alpha_v4_adult_aim_a1.0,8e40985c,2026-05-14T12:20:47.715210,FileLoader,SmartNoiseModelLoader,TopKObtainer,WeightedVCRepairer,models/adult_aim.pkl,50000,42,0.5,0.5,20,42,1.0,WeightedVCRepairer,SmartNoiseModelLoader,aim,0.29576587677001953,4.360922813415527,1.7168357372283936,3063.197290420532,50000,47792,0.04416,0.5618976177615916,0.5738007338801516,0.03196359620233171,0.03436780905637136,0.8231235412145285,0.8441914745505917,0.84689406658204,0.8248024241431555,0.8459522542074445,0.8465664796691372,0,27382463,0,0.0,0.0,0.008695139627177415,0.04416,0.04416,0.00721495432114618
adult,weighted_updated_alpha_v4_adult_mst_a0.0,d601c596,2026-05-14T23:43:00.035973,FileLoader,SmartNoiseModelLoader,TopKObtainer,WeightedVCRepairer,models/adult_mst.pkl,50000,42,0.5,0.5,20,42,0.0,WeightedVCRepairer,SmartNoiseModelLoader,mst,0.2962191104888916,3.3438098430633545,1.6139190196990967,44072.0886862278,50000,316,0.99368,0.33346408259926064,0.09510412279639181,0.045026131764036,0.19177814358974576,0.8085254494082962,0.7945825314278695,0.8038368617173743,0.7900782113754555,0.7896892019163835,0.7633594037918185,0,17006489,0,0.022942192590152198,0.0,0.022942192590152198,0.011351194593163683,0.99368,0.011351194593163683
adult,weighted_updated_alpha_v4_adult_mst_a0.05,4df6b861,2026-05-14T20:04:18.682708,FileLoader,SmartNoiseModelLoader,TopKObtainer,WeightedVCRepairer,models/adult_mst.pkl,50000,42,0.5,0.5,20,42,0.05,WeightedVCRepairer,SmartNoiseModelLoader,mst,0.2125685214996338,2.1271772384643555,1.1742579936981201,27697.188832998276,50000,10481,0.79038,0.33346408259926064,0.3980501884998117,0.045026131764036,0.14664191382232075,0.8085254494082962,0.7945825314278695,0.8038368617173743,0.8010523729577004,0.7674542402031039,0.7674951885672168,0,17006489,0,0.02179508296064459,0.0,0.022942192590152198,0.06828652047233205,0.79038,0.03028160049719164
adult,weighted_updated_alpha_v4_adult_mst_a0.1,4148cebe,2026-05-15T03:08:34.432076,FileLoader,SmartNoiseModelLoader,TopKObtainer,WeightedVCRepairer,models/adult_mst.pkl,50000,42,0.5,0.5,20,42,0.1,WeightedVCRepairer,SmartNoiseModelLoader,mst,0.1784045696258545,1.7906849384307861,1.038130283355713,25347.085340976715,50000,10481,0.79038,0.33346408259926064,0.3980501884998117,0.045026131764036,0.14664191382232075,0.8085254494082962,0.7945825314278695,0.8038368617173743,0.8010523729577004,0.7674542402031039,0.7674951885672168,0,17006489,0,0.02064797333113698,0.0,0.022942192590152198,0.10629144044747248,0.79038,0.03028160049719164
adult,weighted_updated_alpha_v4_adult_mst_a0.15,8aeaa8d0,2026-05-15T05:27:06.652969,FileLoader,SmartNoiseModelLoader,TopKObtainer,WeightedVCRepairer,models/adult_mst.pkl,50000,42,0.5,0.5,20,42,0.15,WeightedVCRepairer,SmartNoiseModelLoader,mst,0.18814492225646973,1.7791409492492676,1.029285192489624,20578.066971302032,50000,10464,0.79072,0.33346408259926064,0.40803684026082704,0.045026131764036,0.14691951984843893,0.8085254494082962,0.7945825314278695,0.8038368617173743,0.8008885795012489,0.7646083288972606,0.7592236190164203,0,17006489,0,0.01950086370162937,0.0,0.022942192590152198,0.14458918642113167,0.79072,0.030566101671919622
adult,weighted_updated_alpha_v4_adult_mst_a0.2,4b35b9ea,2026-05-14T19:40:35.495963,FileLoader,SmartNoiseModelLoader,TopKObtainer,WeightedVCRepairer,models/adult_mst.pkl,50000,42,0.5,0.5,20,42,0.2,WeightedVCRepairer,SmartNoiseModelLoader,mst,0.30162930488586426,3.440540313720703,1.6402013301849365,29508.34328699112,50000,10211,0.79578,0.33346408259926064,0.3815859258162229,0.045026131764036,0.14640908453899415,0.8085254494082962,0.7945825314278695,0.8038368617173743,0.7991482740264526,0.7628884976045207,0.7696859260472544,0,17006489,0,0.01835375407212176,0.0,0.022942192590152198,0.18317886150221616,0.79578,0.03002857687777017
adult,weighted_updated_alpha_v4_adult_mst_a0.25,e5674a14,2026-05-14T19:38:50.772917,FileLoader,SmartNoiseModelLoader,TopKObtainer,WeightedVCRepairer,models/adult_mst.pkl,50000,42,0.5,0.5,20,42,0.25,WeightedVCRepairer,SmartNoiseModelLoader,mst,0.29940366744995117,3.4365904331207275,1.6398460865020752,29405.095729351044,50000,10791,0.78418,0.33346408259926064,0.3658937493883794,0.045026131764036,0.14536901776211902,0.8085254494082962,0.7945825314278695,0.8038368617173743,0.8024036689734245,0.7646492772613734,0.7641578968920192,0,17006489,0,0.017206644442614147,0.0,0.022942192590152198,0.21806762220356424,0.78418,0.02936349627141898
adult,weighted_updated_alpha_v4_adult_mst_a0.3,6a2f57c7,2026-05-15T02:34:47.060328,FileLoader,SmartNoiseModelLoader,TopKObtainer,WeightedVCRepairer,models/adult_mst.pkl,50000,42,0.5,0.5,20,42,0.3,WeightedVCRepairer,SmartNoiseModelLoader,mst,0.38434386253356934,2.5863468647003174,1.9159095287322998,24799.972406864166,50000,25598,0.48804,0.33346408259926064,0.00136093386531752,0.045026131764036,0.08253714533539497,0.8085254494082962,0.7945825314278695,0.8038368617173743,0.8228369026657385,0.8058433315589042,0.8214241841038451,0,17006489,0,0.016059534813106537,0.0,0.022942192590152198,0.14651872942709393,0.48804,0.00015247061013420245
adult,weighted_updated_alpha_v4_adult_mst_a0.35,9416a6f9,2026-05-15T02:35:07.076319,FileLoader,SmartNoiseModelLoader,TopKObtainer,WeightedVCRepairer,models/adult_mst.pkl,50000,42,0.5,0.5,20,42,0.35,WeightedVCRepairer,SmartNoiseModelLoader,mst,0.19277548789978027,1.6698215007781982,1.0676474571228027,24717.88205265999,50000,25654,0.48692,0.33346408259926064,0.000917979224241354,0.045026131764036,0.08231423308961716,0.8085254494082962,0.7945825314278695,0.8038368617173743,0.8226116866631178,0.8059457024691864,0.8118832152655502,0,17006489,0,0.01491242518359893,0.0,0.022942192590152198,0.1704658709746646,0.48692,6.749380717630195e-05
adult,weighted_updated_alpha_v4_adult_mst_a0.45,e058a1ee,2026-05-14T19:10:06.485206,FileLoader,SmartNoiseModelLoader,TopKObtainer,WeightedVCRepairer,models/adult_mst.pkl,50000,42,0.5,0.5,20,42,0.45,WeightedVCRepairer,SmartNoiseModelLoader,mst,0.3043503761291504,3.4458537101745605,1.6190528869628906,27670.178397893906,50000,26240,0.4752,0.33346408259926064,0.0009115988616181835,0.045026131764036,0.08180807020204667,0.8085254494082962,0.7945825314278695,0.8038368617173743,0.8228983252119078,0.806314237746202,0.8226116866631178,0,17006489,0,0.01261820592458371,0.0,0.022942192590152198,0.21387923379725904,0.4752,7.133417683459804e-05
adult,weighted_updated_alpha_v4_adult_mst_a0.5,d74b75ed,2026-05-14T19:03:48.845852,FileLoader,SmartNoiseModelLoader,TopKObtainer,WeightedVCRepairer,models/adult_mst.pkl,50000,42,0.5,0.5,20,42,0.5,WeightedVCRepairer,SmartNoiseModelLoader,mst,0.3049798011779785,3.4379632472991943,1.620279312133789,27275.805997610092,50000,28258,0.43484,0.33346408259926064,0.001142700503317566,0.045026131764036,0.07943462431412791,0.8085254494082962,0.7945825314278695,0.8038368617173743,0.8233692313992056,0.7977150812825028,0.8141967978379264,0,17006489,0,0.011471096295076099,0.0,0.022942192590152198,0.21746127534680282,0.43484,8.255069360561663e-05
adult,weighted_updated_alpha_v4_adult_mst_a0.55,9cc11c20,2026-05-15T00:02:55.686757,FileLoader,SmartNoiseModelLoader,TopKObtainer,WeightedVCRepairer,models/adult_mst.pkl,50000,42,0.5,0.5,20,42,0.55,WeightedVCRepairer,SmartNoiseModelLoader,mst,0.19993019104003906,2.0320053100585938,1.1503641605377197,17862.630861997604,50000,29059,0.41882,0.33346408259926064,0.005986221447767231,0.045026131764036,0.0793427632842403,0.8085254494082962,0.7945825314278695,0.8038368617173743,0.8233692313992056,0.7937021415994431,0.808853036321199,0,17006489,0,0.010323986665568488,0.0,0.022942192590152198,0.23066507182315718,0.41882,0.0006979373847936747
adult,weighted_updated_alpha_v4_adult_mst_a0.6,99cdc5fe,2026-05-14T19:45:32.884209,FileLoader,SmartNoiseModelLoader,TopKObtainer,WeightedVCRepairer,models/adult_mst.pkl,50000,42,0.5,0.5,20,42,0.6,WeightedVCRepairer,SmartNoiseModelLoader,mst,0.19591808319091797,1.7617499828338623,1.075385332107544,1979.465639591217,50000,48236,0.03528,0.33346408259926064,0.308490639878485,0.045026131764036,0.047011694173430596,0.8085254494082962,0.7945825314278695,0.8038368617173743,0.8086278203185783,0.7956881372589165,0.807747430490152,0,17006489,0,0.00917687703606088,0.0,0.022942192590152198,0.02977115646221562,0.03528,0.021507891155539045
adult,weighted_updated_alpha_v4_adult_mst_a0.65,c1dd0e71,2026-05-14T19:59:27.454585,FileLoader,SmartNoiseModelLoader,TopKObtainer,WeightedVCRepairer,models/adult_mst.pkl,50000,42,0.5,0.5,20,42,0.65,WeightedVCRepairer,SmartNoiseModelLoader,mst,0.18033790588378906,1.7578129768371582,1.0327954292297363,682.7643220424652,50000,48887,0.02226,0.33346408259926064,0.3293128740267319,0.045026131764036,0.04583601137256807,0.8085254494082962,0.7945825314278695,0.8038368617173743,0.8087506654109168,0.7943777896073052,0.8022194013349166,0,17006489,0,0.008029767406553269,0.0,0.022942192590152198,0.02227823731573158,0.02226,0.022312106616375938
adult,weighted_updated_alpha_v4_adult_mst_a0.7,96422a9f,2026-05-14T11:48:17.448911,FileLoader,SmartNoiseModelLoader,TopKObtainer,WeightedVCRepairer,models/adult_mst.pkl,50000,42,0.5,0.5,20,42,0.7,WeightedVCRepairer,SmartNoiseModelLoader,mst,0.26148462295532227,2.0219228267669678,1.5113191604614258,1068.5897171497345,50000,49071,0.01858,0.33346408259926064,0.333868531438488,0.045026131764036,0.045534634740764364,0.8085254494082962,0.7945825314278695,0.8038368617173743,0.8086482945006347,0.7946030056099259,0.79681421727202,0,17006489,0,0.006882657777045661,0.0,0.022942192590152198,0.019791307229879308,0.01858,0.02261769076626436
adult,weighted_updated_alpha_v4_adult_mst_a0.75,a9cc74b2,2026-05-14T11:48:04.123585,FileLoader,SmartNoiseModelLoader,TopKObtainer,WeightedVCRepairer,models/adult_mst.pkl,50000,42,0.5,0.5,20,42,0.75,WeightedVCRepairer,SmartNoiseModelLoader,mst,0.2606625556945801,3.1718692779541016,1.5915937423706055,1064.9573819637299,50000,49116,0.01768,0.33346408259926064,0.33461065799906947,0.045026131764036,0.0454235378638671,0.8085254494082962,0.7945825314278695,0.8038368617173743,0.8086073461365219,0.7954629212562958,0.8029769460710044,0,17006489,0,0.0057355481475380495,0.0,0.022942192590152198,0.018920521252025386,0.01768,0.022642085008101543
adult,weighted_updated_alpha_v4_adult_mst_a0.8,14040a19,2026-05-14T12:06:45.614475,FileLoader,SmartNoiseModelLoader,TopKObtainer,WeightedVCRepairer,models/adult_mst.pkl,50000,42,0.5,0.5,20,42,0.8,WeightedVCRepairer,SmartNoiseModelLoader,mst,0.23240375518798828,1.8544278144836426,1.3530497550964355,950.5188255310059,50000,49180,0.0164,0.33346408259926064,0.33566126724542256,0.045026131764036,0.04533712717440867,0.8085254494082962,0.7945825314278695,0.8038368617173743,0.8085868719544654,0.7945006346996437,0.8077883788542648,0,17006489,0,0.004588438518030438,0.0,0.022942192590152198,0.017658349782772205,0.0164,0.02269174891386102
adult,weighted_updated_alpha_v4_adult_mst_a0.85,277ee3aa,2026-05-14T12:06:47.758243,FileLoader,SmartNoiseModelLoader,TopKObtainer,WeightedVCRepairer,models/adult_mst.pkl,50000,42,0.5,0.5,20,42,0.85,WeightedVCRepairer,SmartNoiseModelLoader,mst,0.21906661987304688,1.8992199897766113,1.3476686477661133,938.008544921875,50000,49180,0.0164,0.33346408259926064,0.33566126724542256,0.045026131764036,0.04533712717440867,0.8085254494082962,0.7945825314278695,0.8038368617173743,0.8085868719544654,0.7945006346996437,0.8077883788542648,0,17006489,0,0.0034413288885228304,0.0,0.022942192590152198,0.017343762337079155,0.0164,0.02269174891386102
adult,weighted_updated_alpha_v4_adult_mst_a0.9,9c2b590f,2026-05-14T12:18:08.058834,FileLoader,SmartNoiseModelLoader,TopKObtainer,WeightedVCRepairer,models/adult_mst.pkl,50000,42,0.5,0.5,20,42,0.9,WeightedVCRepairer,SmartNoiseModelLoader,mst,0.14613747596740723,1.073366641998291,0.724632740020752,602.3288326263428,50000,49180,0.0164,0.33346408259926064,0.33566126724542256,0.045026131764036,0.04533712717440867,0.8085254494082962,0.7945825314278695,0.8038368617173743,0.8085868719544654,0.7945006346996437,0.8077883788542648,0,17006489,0,0.002294219259015219,0.0,0.022942192590152198,0.017029174891386105,0.0164,0.02269174891386102
adult,weighted_updated_alpha_v4_adult_mst_a0.95,b785ff17,2026-05-14T11:47:55.570177,FileLoader,SmartNoiseModelLoader,TopKObtainer,WeightedVCRepairer,models/adult_mst.pkl,50000,42,0.5,0.5,20,42,0.95,WeightedVCRepairer,SmartNoiseModelLoader,mst,0.29270315170288086,3.4572560787200928,1.6175940036773682,1072.8411490917206,50000,49180,0.0164,0.33346408259926064,0.33566126724542256,0.045026131764036,0.04533712717440867,0.8085254494082962,0.7945825314278695,0.8038368617173743,0.8085868719544654,0.7945006346996437,0.8077883788542648,0,17006489,0,0.0011471096295076109,0.0,0.022942192590152198,0.01671458744569305,0.0164,0.02269174891386102
adult,weighted_updated_alpha_v4_adult_mst_a1.0,aa99bdc8,2026-05-14T11:47:54.158842,FileLoader,SmartNoiseModelLoader,TopKObtainer,WeightedVCRepairer,models/adult_mst.pkl,50000,42,0.5,0.5,20,42,1.0,WeightedVCRepairer,SmartNoiseModelLoader,mst,0.29357123374938965,3.4357681274414062,1.6167917251586914,1072.8070755004883,50000,49180,0.0164,0.33346408259926064,0.33566126724542256,0.045026131764036,0.04533712717440867,0.8085254494082962,0.7945825314278695,0.8038368617173743,0.8085868719544654,0.7945006346996437,0.8077883788542648,0,17006489,0,0.0,0.0,0.022942192590152198,0.0164,0.0164,0.02269174891386102
census,weighted_updated_alpha_v4_census_aim_a0.0,016ead4b,2026-05-14T12:26:02.577691,FileLoader,SmartNoiseModelLoader,TopKObtainer,WeightedVCRepairer,models/census_aim.pkl,50000,42,0.5,0.5,20,42,0.0,WeightedVCRepairer,SmartNoiseModelLoader,aim,2.0867815017700195,6.626803398132324,9.41796326637268,2040.5155589580536,50000,21616,0.56768,0.20614981518218714,0.09664548507988038,0.010302879713215762,0.1294186474322157,0.6201082340579173,0.5643755867880943,0.6203559072259309,0.6191475802243136,0.5638089718353495,0.6175151755033862,0,127695,0,0.0007544253861021019,0.0,0.0007544253861021019,0.0024828505642994153,0.56768,0.0024828505642994153
census,weighted_updated_alpha_v4_census_aim_a0.05,18b31fad,2026-05-14T11:58:32.551316,FileLoader,SmartNoiseModelLoader,TopKObtainer,WeightedVCRepairer,models/census_aim.pkl,50000,42,0.5,0.5,20,42,0.05,WeightedVCRepairer,SmartNoiseModelLoader,aim,2.201378583908081,6.481832981109619,9.417883157730103,128.2059383392334,50000,47649,0.04702,0.20614981518218714,0.12494821276994786,0.010302879713215762,0.024266005141411397,0.6201082340579173,0.5643755867880943,0.6203559072259309,0.6200007421360088,0.563933839163813,0.6206241952830778,0,127695,0,0.0007167041167969967,0.0,0.0007544253861021019,0.0027160175096200877,0.04702,0.0003842289574948291
census,weighted_updated_alpha_v4_census_aim_a0.1,977e3f86,2026-05-14T12:08:13.996851,FileLoader,SmartNoiseModelLoader,TopKObtainer,WeightedVCRepairer,models/census_aim.pkl,50000,42,0.5,0.5,20,42,0.1,WeightedVCRepairer,SmartNoiseModelLoader,aim,1.8052124977111816,5.676498174667358,7.828705072402954,118.77338862419128,50000,47649,0.04702,0.20614981518218714,0.12494821276994786,0.010302879713215762,0.024266005141411397,0.6201082340579173,0.5643755867880943,0.6203559072259309,0.6200007421360088,0.563933839163813,0.6206241952830778,0,127695,0,0.0006789828474918917,0.0,0.0007544253861021019,0.005047806061745347,0.04702,0.0003842289574948291
census,weighted_updated_alpha_v4_census_aim_a0.15,79d0575d,2026-05-14T11:40:04.670087,FileLoader,SmartNoiseModelLoader,TopKObtainer,WeightedVCRepairer,models/census_aim.pkl,50000,42,0.5,0.5,20,42,0.15,WeightedVCRepairer,SmartNoiseModelLoader,aim,2.4790008068084717,7.600938558578491,10.731996774673462,125.1871554851532,50000,47649,0.04702,0.20614981518218714,0.12494821276994786,0.010302879713215762,0.024266005141411397,0.6201082340579173,0.5643755867880943,0.6203559072259309,0.6200007421360088,0.563933839163813,0.6206241952830778,0,127695,0,0.0006412615781867866,0.0,0.0007544253861021019,0.007379594613870604,0.04702,0.0003842289574948291
census,weighted_updated_alpha_v4_census_aim_a0.2,24629fed,2026-05-14T11:40:05.272353,FileLoader,SmartNoiseModelLoader,TopKObtainer,WeightedVCRepairer,models/census_aim.pkl,50000,42,0.5,0.5,20,42,0.2,WeightedVCRepairer,SmartNoiseModelLoader,aim,2.4832892417907715,7.600277900695801,10.769468307495117,125.05263304710388,50000,47649,0.04702,0.20614981518218714,0.12494821276994786,0.010302879713215762,0.024266005141411397,0.6201082340579173,0.5643755867880943,0.6203559072259309,0.6200007421360088,0.563933839163813,0.6206241952830778,0,127695,0,0.0006035403088816816,0.0,0.0007544253861021019,0.009711383165995863,0.04702,0.0003842289574948291
census,weighted_updated_alpha_v4_census_aim_a0.25,52582af9,2026-05-14T11:53:12.132815,FileLoader,SmartNoiseModelLoader,TopKObtainer,WeightedVCRepairer,models/census_aim.pkl,50000,42,0.5,0.5,20,42,0.25,WeightedVCRepairer,SmartNoiseModelLoader,aim,2.291969060897827,6.690183401107788,9.979729890823364,149.64739227294922,50000,47651,0.04698,0.20614981518218714,0.12494925884797695,0.010302879713215762,0.02424998578426779,0.6201082340579173,0.5643755867880943,0.6203559072259309,0.6200243020093038,0.5643158036096082,0.6192421142159098,0,127695,0,0.0005658190395765763,0.0,0.0007544253861021019,0.012033067468988993,0.04698,0.00038408995865199037
census,weighted_updated_alpha_v4_census_aim_a0.3,77619874,2026-05-14T11:52:33.117656,FileLoader,SmartNoiseModelLoader,TopKObtainer,WeightedVCRepairer,models/census_aim.pkl,50000,42,0.5,0.5,20,42,0.3,WeightedVCRepairer,SmartNoiseModelLoader,aim,2.2974610328674316,6.705595970153809,10.02897024154663,51.42639660835266,50000,49252,0.01496,0.20614981518218714,0.13521657551448218,0.010302879713215762,0.01370218793815452,0.6201082340579173,0.5643755867880943,0.6203559072259309,0.62007790072105,0.564747243789323,0.6199282955256267,0,127695,0,0.0005280977702714712,0.0,0.0007544253861021019,0.004755403227917861,0.01496,0.0003820046113112302
census,weighted_updated_alpha_v4_census_aim_a0.35,37bc108a,2026-05-14T11:58:02.144408,FileLoader,SmartNoiseModelLoader,TopKObtainer,WeightedVCRepairer,models/census_aim.pkl,50000,42,0.5,0.5,20,42,0.35,WeightedVCRepairer,SmartNoiseModelLoader,aim,3.329875946044922,8.880016088485718,10.84425139427185,4.209923505783081,50000,49865,0.0027,0.20614981518218714,0.19434747389313192,0.010302879713215762,0.010362027896309725,0.6201082340579173,0.5643755867880943,0.6203559072259309,0.6200770172258013,0.5634440882976931,0.6208212147235073,0,127695,0,0.0004903765009663662,0.0,0.0007544253861021019,0.0014157874054083594,0.0027,0.0007242883160128606
census,weighted_updated_alpha_v4_census_aim_a0.4,3c476f1c,2026-05-14T11:38:16.202162,FileLoader,SmartNoiseModelLoader,TopKObtainer,WeightedVCRepairer,models/census_aim.pkl,50000,42,0.5,0.5,20,42,0.4,WeightedVCRepairer,SmartNoiseModelLoader,aim,2.427711009979248,7.590231418609619,10.66330075263977,6.120693206787109,50000,49865,0.0027,0.20614981518218714,0.19434747389313192,0.010302879713215762,0.010362027896309725,0.6201082340579173,0.5643755867880943,0.6203559072259309,0.6200770172258013,0.5634440882976931,0.6208212147235073,0,127695,0,0.0004526552316612611,0.0,0.0007544253861021019,0.0015145729896077164,0.0027,0.0007242883160128606
census,weighted_updated_alpha_v4_census_aim_a0.45,2e05c18c,2026-05-14T11:38:17.265730,FileLoader,SmartNoiseModelLoader,TopKObtainer,WeightedVCRepairer,models/census_aim.pkl,50000,42,0.5,0.5,20,42,0.45,WeightedVCRepairer,SmartNoiseModelLoader,aim,2.4340929985046387,7.594669580459595,10.731463432312012,6.043950080871582,50000,49865,0.0027,0.20614981518218714,0.19434747389313192,0.010302879713215762,0.010362027896309725,0.6201082340579173,0.5643755867880943,0.6203559072259309,0.6200770172258013,0.5634440882976931,0.6208212147235073,0,127695,0,0.00041493396235615606,0.0,0.0007544253861021019,0.0016133585738070735,0.0027,0.0007242883160128606
census,weighted_updated_alpha_v4_census_aim_a0.5,60b4d6ef,2026-05-14T11:49:32.231564,FileLoader,SmartNoiseModelLoader,TopKObtainer,WeightedVCRepairer,models/census_aim.pkl,50000,42,0.5,0.5,20,42,0.5,WeightedVCRepairer,SmartNoiseModelLoader,aim,1.9314615726470947,6.5101940631866455,8.943482875823975,5.809402227401733,50000,49865,0.0027,0.20614981518218714,0.19434747389313192,0.010302879713215762,0.010362027896309725,0.6201082340579173,0.5643755867880943,0.6203559072259309,0.6200770172258013,0.5634440882976931,0.6208212147235073,0,127695,0,0.00037721269305105094,0.0,0.0007544253861021019,0.0017121441580064305,0.0027,0.0007242883160128606
census,weighted_updated_alpha_v4_census_aim_a0.55,38aba1f4,2026-05-14T11:49:30.255687,FileLoader,SmartNoiseModelLoader,TopKObtainer,WeightedVCRepairer,models/census_aim.pkl,50000,42,0.5,0.5,20,42,0.55,WeightedVCRepairer,SmartNoiseModelLoader,aim,1.9123449325561523,6.2801244258880615,8.86430549621582,5.728312253952026,50000,49865,0.0027,0.20614981518218714,0.19434747389313192,0.010302879713215762,0.010362027896309725,0.6201082340579173,0.5643755867880943,0.6203559072259309,0.6200770172258013,0.5634440882976931,0.6208212147235073,0,127695,0,0.0003394914237459458,0.0,0.0007544253861021019,0.0018109297422057875,0.0027,0.0007242883160128606
census,weighted_updated_alpha_v4_census_aim_a0.6,4b1461fe,2026-05-14T11:54:51.536261,FileLoader,SmartNoiseModelLoader,TopKObtainer,WeightedVCRepairer,models/census_aim.pkl,50000,42,0.5,0.5,20,42,0.6,WeightedVCRepairer,SmartNoiseModelLoader,aim,1.397937297821045,4.621191501617432,6.065683841705322,3.0769248008728027,50000,49865,0.0027,0.20614981518218714,0.19434747389313192,0.010302879713215762,0.010362027896309725,0.6201082340579173,0.5643755867880943,0.6203559072259309,0.6200770172258013,0.5634440882976931,0.6208212147235073,0,127695,0,0.0003017701544408408,0.0,0.0007544253861021019,0.0019097153264051444,0.0027,0.0007242883160128606
census,weighted_updated_alpha_v4_census_aim_a0.65,d7f0189d,2026-05-14T11:38:38.756839,FileLoader,SmartNoiseModelLoader,TopKObtainer,WeightedVCRepairer,models/census_aim.pkl,50000,42,0.5,0.5,20,42,0.65,WeightedVCRepairer,SmartNoiseModelLoader,aim,2.4544804096221924,7.623136520385742,10.82616138458252,5.104334354400635,50000,49868,0.00264,0.20614981518218714,0.1954347742398424,0.010302879713215762,0.010355253552631258,0.6201082340579173,0.5643755867880943,0.6203559072259309,0.6200902696545298,0.564101997759456,0.6201135350294086,0,127695,0,0.0002640488851357356,0.0,0.0007544253861021019,0.0019702116307842477,0.00264,0.0007263189450978508
census,weighted_updated_alpha_v4_census_aim_a0.7,ea95ea50,2026-05-14T11:38:05.943598,FileLoader,SmartNoiseModelLoader,TopKObtainer,WeightedVCRepairer,models/census_aim.pkl,50000,42,0.5,0.5,20,42,0.7,WeightedVCRepairer,SmartNoiseModelLoader,aim,2.4552578926086426,7.660229444503784,10.852782726287842,4.234727144241333,50000,49909,0.00182,0.20614981518218714,0.20413167562252613,0.010302879713215762,0.010257868290486619,0.6201082340579173,0.5643755867880943,0.6203559072259309,0.620082612695709,0.5644972146339797,0.6203865350612144,0,127695,0,0.0002263276158306306,0.0,0.0007544253861021019,0.0014989115525955426,0.00182,0.0007497051753184753
census,weighted_updated_alpha_v4_census_aim_a0.75,f0bfd4fa,2026-05-14T11:49:43.365883,FileLoader,SmartNoiseModelLoader,TopKObtainer,WeightedVCRepairer,models/census_aim.pkl,50000,42,0.5,0.5,20,42,0.75,WeightedVCRepairer,SmartNoiseModelLoader,aim,2.9665334224700928,9.10197639465332,8.581788063049316,3.265869140625,50000,49917,0.00166,0.20614981518218714,0.2055641466772414,0.010302879713215762,0.010269377684168987,0.6201082340579173,0.5643755867880943,0.6203559072259309,0.6200864411751194,0.5635483407370235,0.6199126871095687,0,127695,0,0.00018860634652552547,0.0,0.0007544253861021019,0.0014344454744779265,0.00166,0.000757781897911706
census,weighted_updated_alpha_v4_census_aim_a0.8,86cd97fc,2026-05-14T11:50:07.070716,FileLoader,SmartNoiseModelLoader,TopKObtainer,WeightedVCRepairer,models/census_aim.pkl,50000,42,0.5,0.5,20,42,0.8,WeightedVCRepairer,SmartNoiseModelLoader,aim,2.05824875831604,9.496211528778076,14.21678614616394,5.042583465576172,50000,49917,0.00166,0.20614981518218714,0.2055641466772414,0.010302879713215762,0.010269377684168987,0.6201082340579173,0.5643755867880943,0.6203559072259309,0.6200864411751194,0.5635483407370235,0.6199126871095687,0,127695,0,0.00015088507722042034,0.0,0.0007544253861021019,0.0014795563795823414,0.00166,0.000757781897911706
census,weighted_updated_alpha_v4_census_aim_a0.85,ad4477b6,2026-05-14T11:55:20.343584,FileLoader,SmartNoiseModelLoader,TopKObtainer,WeightedVCRepairer,models/census_aim.pkl,50000,42,0.5,0.5,20,42,0.85,WeightedVCRepairer,SmartNoiseModelLoader,aim,2.924879312515259,7.456492900848389,6.132968425750732,2.2415339946746826,50000,49917,0.00166,0.20614981518218714,0.2055641466772414,0.010302879713215762,0.010269377684168987,0.6201082340579173,0.5643755867880943,0.6203559072259309,0.6200864411751194,0.5635483407370235,0.6199126871095687,0,127695,0,0.0001131638079153153,0.0,0.0007544253861021019,0.0015246672846867559,0.00166,0.000757781897911706
census,weighted_updated_alpha_v4_census_aim_a0.9,04c6e572,2026-05-14T11:38:29.601006,FileLoader,SmartNoiseModelLoader,TopKObtainer,WeightedVCRepairer,models/census_aim.pkl,50000,42,0.5,0.5,20,42,0.9,WeightedVCRepairer,SmartNoiseModelLoader,aim,2.4731802940368652,7.4990575313568115,10.949576139450073,4.255494117736816,50000,49917,0.00166,0.20614981518218714,0.2055641466772414,0.010302879713215762,0.010269377684168987,0.6201082340579173,0.5643755867880943,0.6203559072259309,0.6200864411751194,0.5635483407370235,0.6199126871095687,0,127695,0,7.544253861021017e-05,0.0,0.0007544253861021019,0.0015697781897911706,0.00166,0.000757781897911706
census,weighted_updated_alpha_v4_census_aim_a0.95,fdd7149a,2026-05-14T11:38:26.079880,FileLoader,SmartNoiseModelLoader,TopKObtainer,WeightedVCRepairer,models/census_aim.pkl,50000,42,0.5,0.5,20,42,0.95,WeightedVCRepairer,SmartNoiseModelLoader,aim,2.4743778705596924,7.486154317855835,10.95114254951477,4.266018867492676,50000,49917,0.00166,0.20614981518218714,0.2055641466772414,0.010302879713215762,0.010269377684168987,0.6201082340579173,0.5643755867880943,0.6203559072259309,0.6200864411751194,0.5635483407370235,0.6199126871095687,0,127695,0,3.7721269305105126e-05,0.0,0.0007544253861021019,0.001614889094895585,0.00166,0.000757781897911706
census,weighted_updated_alpha_v4_census_aim_a1.0,592212c3,2026-05-14T11:47:31.219654,FileLoader,SmartNoiseModelLoader,TopKObtainer,WeightedVCRepairer,models/census_aim.pkl,50000,42,0.5,0.5,20,42,1.0,WeightedVCRepairer,SmartNoiseModelLoader,aim,1.7364192008972168,6.19630765914917,8.897756814956665,4.0294389724731445,50000,49917,0.00166,0.20614981518218714,0.2055641466772414,0.010302879713215762,0.010269377684168987,0.6201082340579173,0.5643755867880943,0.6203559072259309,0.6200864411751194,0.5635483407370235,0.6199126871095687,0,127695,0,0.0,0.0,0.0007544253861021019,0.00166,0.00166,0.000757781897911706
census,weighted_updated_alpha_v4_census_mst_a0.0,766310ca,2026-05-14T12:58:51.985095,FileLoader,SmartNoiseModelLoader,TopKObtainer,WeightedVCRepairer,models/census_mst.pkl,50000,42,0.5,0.5,20,42,0.0,WeightedVCRepairer,SmartNoiseModelLoader,mst,1.9694783687591553,1.3675718307495117,8.918379306793213,4569.0322415828705,50000,11785,0.7643,0.16943096306135325,0.015263935948358315,0.027981123662914085,0.15729329455110733,0.6208748134352533,0.5538499188951361,0.6196220171727916,0.6206919299188008,0.5371377227733269,0.5933430400011309,0,185626,0,0.01369644869364981,0.0,0.01369644869364981,0.0027028120962114465,0.7643,0.0027028120962114465
census,weighted_updated_alpha_v4_census_mst_a0.05,3b078eb4,2026-05-14T12:30:26.436618,FileLoader,SmartNoiseModelLoader,TopKObtainer,WeightedVCRepairer,models/census_mst.pkl,50000,42,0.5,0.5,20,42,0.05,WeightedVCRepairer,SmartNoiseModelLoader,mst,2.0906641483306885,1.455667495727539,8.773706912994385,2087.765523672104,50000,36723,0.26554,0.16943096306135325,0.017915712343089092,0.027981123662914085,0.07432229794468982,0.6208748134352533,0.5538499188951361,0.6196220171727916,0.6207584865608593,0.5494730834337573,0.6149745376669364,0,185626,0,0.013011626258967318,0.0,0.01369644869364981,0.015904653120118517,0.26554,0.0027659506527563335
census,weighted_updated_alpha_v4_census_mst_a0.1,55676c68,2026-05-14T12:13:30.142550,FileLoader,SmartNoiseModelLoader,TopKObtainer,WeightedVCRepairer,models/census_mst.pkl,50000,42,0.5,0.5,20,42,0.1,WeightedVCRepairer,SmartNoiseModelLoader,mst,2.4672954082489014,1.6330265998840332,10.716392517089844,2193.517308473587,50000,36724,0.26552,0.16943096306135325,0.017862496767496742,0.027981123662914085,0.07433218467477555,0.6208748134352533,0.5538499188951361,0.6196220171727916,0.620759664554524,0.5492159863164255,0.6156604244782372,0,185626,0,0.012326803824284829,0.0,0.01369644869364981,0.029053520263464257,0.26552,0.0027794669594047314
census,weighted_updated_alpha_v4_census_mst_a0.15,34a20b48,2026-05-14T12:14:01.461314,FileLoader,SmartNoiseModelLoader,TopKObtainer,WeightedVCRepairer,models/census_mst.pkl,50000,42,0.5,0.5,20,42,0.15,WeightedVCRepairer,SmartNoiseModelLoader,mst,2.4690499305725098,1.6670963764190674,10.592931032180786,2191.070248603821,50000,36721,0.26558,0.16943096306135325,0.017950259153759807,0.027981123662914085,0.07433110723127954,0.6208748134352533,0.5538499188951361,0.6196220171727916,0.6207555415766974,0.5494881028529829,0.6142574340235198,0,185626,0,0.011641981389602337,0.0,0.01369644869364981,0.042196327605315234,0.26558,0.0027756795356649803
census,weighted_updated_alpha_v4_census_mst_a0.2,edcd966e,2026-05-14T12:56:45.546770,FileLoader,SmartNoiseModelLoader,TopKObtainer,WeightedVCRepairer,models/census_mst.pkl,50000,42,0.5,0.5,20,42,0.2,WeightedVCRepairer,SmartNoiseModelLoader,mst,2.6111156940460205,2.0025558471679688,10.274848461151123,2124.104271888733,50000,36777,0.26446,0.16943096306135325,0.017588087473056492,0.027981123662914085,0.0743208913036464,0.6208748134352533,0.5538499188951361,0.6196220171727916,0.6207620205418535,0.5500102485448833,0.6166608355980262,0,185626,0,0.010957158954919848,0.0,0.01369644869364981,0.05507548426039385,0.26446,0.002729355325492326
census,weighted_updated_alpha_v4_census_mst_a0.25,854942f1,2026-05-14T12:46:46.766010,FileLoader,SmartNoiseModelLoader,TopKObtainer,WeightedVCRepairer,models/census_mst.pkl,50000,42,0.5,0.5,20,42,0.25,WeightedVCRepairer,SmartNoiseModelLoader,mst,1.7656514644622803,1.1805322170257568,7.5601582527160645,1506.9079732894897,50000,39165,0.2167,0.16943096306135325,0.03011833050026257,0.027981123662914085,0.06955311507973437,0.6208748134352533,0.5538499188951361,0.6196220171727916,0.6207558360751136,0.5540578347769646,0.6160070491140899,0,185626,0,0.010272336520237357,0.0,0.01369644869364981,0.05702760424361621,0.2167,0.0038034723248216136
census,weighted_updated_alpha_v4_census_mst_a0.3,93820c47,2026-05-14T13:04:48.651618,FileLoader,SmartNoiseModelLoader,TopKObtainer,WeightedVCRepairer,models/census_mst.pkl,50000,42,0.5,0.5,20,42,0.3,WeightedVCRepairer,SmartNoiseModelLoader,mst,1.6824893951416016,1.4032835960388184,7.215006589889526,775.1910946369171,50000,46655,0.0669,0.16943096306135325,0.056752971746899784,0.027981123662914085,0.03387044336188897,0.6208748134352533,0.5538499188951361,0.6196220171727916,0.6208650949875192,0.5524024591795745,0.6198926612172679,0,185626,0,0.009587514085554865,0.0,0.01369644869364981,0.02383876509498978,0.0669,0.005383950135699685
census,weighted_updated_alpha_v4_census_mst_a0.35,4f9537db,2026-05-14T11:54:50.850388,FileLoader,SmartNoiseModelLoader,TopKObtainer,WeightedVCRepairer,models/census_mst.pkl,50000,42,0.5,0.5,20,42,0.35,WeightedVCRepairer,SmartNoiseModelLoader,mst,2.60189151763916,1.4817078113555908,10.610584497451782,891.6443011760712,50000,46687,0.06626,0.16943096306135325,0.057094537268566024,0.027981123662914085,0.0338420534737827,0.6208748134352533,0.5538499188951361,0.6196220171727916,0.6208642114922706,0.5533887343753865,0.6177245638772955,0,185626,0,0.008902691650872376,0.0,0.01369644869364981,0.026706183697861315,0.06626,0.00540797491978664
census,weighted_updated_alpha_v4_census_mst_a0.4,4718cb09,2026-05-14T11:54:45.807059,FileLoader,SmartNoiseModelLoader,TopKObtainer,WeightedVCRepairer,models/census_mst.pkl,50000,42,0.5,0.5,20,42,0.4,WeightedVCRepairer,SmartNoiseModelLoader,mst,2.2711405754089355,1.4868955612182617,10.522244453430176,887.123012304306,50000,46688,0.06624,0.16943096306135325,0.05706451081268961,0.027981123662914085,0.033866114724120704,0.6208748134352533,0.5538499188951361,0.6196220171727916,0.620863327997022,0.552698430087843,0.6186045251448637,0,185626,0,0.008217869216189885,0.0,0.01369644869364981,0.02974574773219221,0.06624,0.00541624622032035
census,weighted_updated_alpha_v4_census_mst_a0.45,f446bd05,2026-05-14T12:13:39.976572,FileLoader,SmartNoiseModelLoader,TopKObtainer,WeightedVCRepairer,models/census_mst.pkl,50000,42,0.5,0.5,20,42,0.45,WeightedVCRepairer,SmartNoiseModelLoader,mst,1.8692128658294678,1.3254051208496094,8.630421876907349,411.5598556995392,50000,48344,0.03312,0.16943096306135325,0.08524289376770267,0.027981123662914085,0.033268346552290703,0.6208748134352533,0.5538499188951361,0.6196220171727916,0.6208780529178314,0.5537397764874821,0.6178379457675277,0,185626,0,0.007533046781507396,0.0,0.01369644869364981,0.020296940770563203,0.03312,0.00980534685556946
census,weighted_updated_alpha_v4_census_mst_a0.5,5ee14527,2026-05-14T12:13:59.108813,FileLoader,SmartNoiseModelLoader,TopKObtainer,WeightedVCRepairer,models/census_mst.pkl,50000,42,0.5,0.5,20,42,0.5,WeightedVCRepairer,SmartNoiseModelLoader,mst,1.9980177879333496,1.2895097732543945,8.747490882873535,432.98007583618164,50000,48124,0.03752,0.16943096306135325,0.0805046364795158,0.027981123662914085,0.033118839063016305,0.6208748134352533,0.5538499188951361,0.6196220171727916,0.6208765804257504,0.5546633235206461,0.6185532824204472,0,185626,0,0.006848224346824905,0.0,0.01369644869364981,0.0233477075547621,0.03752,0.009175415109524198
census,weighted_updated_alpha_v4_census_mst_a0.55,bec95959,2026-05-14T12:21:45.605344,FileLoader,SmartNoiseModelLoader,TopKObtainer,WeightedVCRepairer,models/census_mst.pkl,50000,42,0.5,0.5,20,42,0.55,WeightedVCRepairer,SmartNoiseModelLoader,mst,2.7309656143188477,1.2901735305786133,6.935113906860352,191.50537514686584,50000,48381,0.03238,0.16943096306135325,0.08695396251482726,0.027981123662914085,0.033064149098010906,0.6208748134352533,0.5538499188951361,0.6196220171727916,0.6208745189368372,0.5544191843336267,0.6198364120197761,0,185626,0,0.0061634019121424135,0.0,0.01369644869364981,0.022209088909019504,0.03238,0.00977797535337667
census,weighted_updated_alpha_v4_census_mst_a0.6,6bec3b3a,2026-05-14T11:45:31.510587,FileLoader,SmartNoiseModelLoader,TopKObtainer,WeightedVCRepairer,models/census_mst.pkl,50000,42,0.5,0.5,20,42,0.6,WeightedVCRepairer,SmartNoiseModelLoader,mst,2.3960816860198975,1.625666618347168,10.352857828140259,256.4744942188263,50000,48882,0.02236,0.16943096306135325,0.11747106091423128,0.027981123662914085,0.031617244872965314,0.6208748134352533,0.5538499188951361,0.6196220171727916,0.6208771694225829,0.5539724302362702,0.6198399460007704,0,185626,0,0.005478579477459924,0.0,0.01369644869364981,0.017700368431405617,0.02236,0.010710921078514042
census,weighted_updated_alpha_v4_census_mst_a0.65,e08ecf01,2026-05-14T11:40:38.018744,FileLoader,SmartNoiseModelLoader,TopKObtainer,WeightedVCRepairer,models/census_mst.pkl,50000,42,0.5,0.5,20,42,0.65,WeightedVCRepairer,SmartNoiseModelLoader,mst,2.425729274749756,1.6066622734069824,10.379178762435913,20.84575343132019,50000,49715,0.0057,0.16943096306135325,0.1630790044134764,0.027981123662914085,0.028428321681728524,0.6208748134352533,0.5538502133935523,0.6196220171727916,0.6208745189368372,0.553356339549606,0.6188401238778137,0,185626,0,0.004793757042777433,0.0,0.01369644869364981,0.008345551134097962,0.0057,0.013258717525994177
census,weighted_updated_alpha_v4_census_mst_a0.7,2fef25f6,2026-05-14T11:54:13.123168,FileLoader,SmartNoiseModelLoader,TopKObtainer,WeightedVCRepairer,models/census_mst.pkl,50000,42,0.5,0.5,20,42,0.7,WeightedVCRepairer,SmartNoiseModelLoader,mst,3.1757893562316895,2.0225021839141846,13.240790843963623,21.844589710235596,50000,49833,0.00334,0.16943096306135325,0.16852806665736975,0.027981123662914085,0.02806432035573599,0.6208748134352533,0.5538499188951361,0.6196220171727916,0.6208771694225829,0.5542993234782383,0.6197610204252322,0,185626,0,0.004108934608094943,0.0,0.01369644869364981,0.006430702045335328,0.00334,0.01364234015111776
census,weighted_updated_alpha_v4_census_mst_a0.75,14848142,2026-05-14T11:59:06.486457,FileLoader,SmartNoiseModelLoader,TopKObtainer,WeightedVCRepairer,models/census_mst.pkl,50000,42,0.5,0.5,20,42,0.75,WeightedVCRepairer,SmartNoiseModelLoader,mst,3.116401195526123,2.226996421813965,12.621429204940796,19.948196172714233,50000,49848,0.00304,0.16943096306135325,0.1692844192388754,0.027981123662914085,0.02804915612458612,0.6208748134352533,0.5538499188951361,0.6196220171727916,0.6208754024320857,0.5536970742171349,0.620194227595444,0,185626,0,0.0034241121734124524,0.0,0.01369644869364981,0.0057048328843737756,0.00304,0.013699331537495104
census,weighted_updated_alpha_v4_census_mst_a0.8,324a2d57,2026-05-14T12:02:23.249292,FileLoader,SmartNoiseModelLoader,TopKObtainer,WeightedVCRepairer,models/census_mst.pkl,50000,42,0.5,0.5,20,42,0.8,WeightedVCRepairer,SmartNoiseModelLoader,mst,3.1471195220947266,2.2736399173736572,12.681308269500732,19.32858180999756,50000,49848,0.00304,0.16943096306135325,0.1692844192388754,0.027981123662914085,0.02804915612458612,0.6208748134352533,0.5538499188951361,0.6196220171727916,0.6208754024320857,0.5536970742171349,0.620194227595444,0,185626,0,0.002739289738729961,0.0,0.01369644869364981,0.00517186630749902,0.00304,0.013699331537495104
census,weighted_updated_alpha_v4_census_mst_a0.85,8a59e821,2026-05-14T11:40:34.161326,FileLoader,SmartNoiseModelLoader,TopKObtainer,WeightedVCRepairer,models/census_mst.pkl,50000,42,0.5,0.5,20,42,0.85,WeightedVCRepairer,SmartNoiseModelLoader,mst,2.4511499404907227,1.6495599746704102,10.701925277709961,14.325109720230103,50000,49848,0.00304,0.16943096306135325,0.1692844192388754,0.027981123662914085,0.02804915612458612,0.6208748134352533,0.5538499188951361,0.6196220171727916,0.6208754024320857,0.5536970742171349,0.620194227595444,0,185626,0,0.0020544673040474716,0.0,0.01369644869364981,0.004638899730624266,0.00304,0.013699331537495104
census,weighted_updated_alpha_v4_census_mst_a0.9,e301fd43,2026-05-14T11:40:35.685679,FileLoader,SmartNoiseModelLoader,TopKObtainer,WeightedVCRepairer,models/census_mst.pkl,50000,42,0.5,0.5,20,42,0.9,WeightedVCRepairer,SmartNoiseModelLoader,mst,2.4462549686431885,1.6643695831298828,10.734779834747314,14.17514967918396,50000,49848,0.00304,0.16943096306135325,0.1692844192388754,0.027981123662914085,0.02804915612458612,0.6208748134352533,0.5538499188951361,0.6196220171727916,0.6208754024320857,0.5536970742171349,0.620194227595444,0,185626,0,0.0013696448693649806,0.0,0.01369644869364981,0.0041059331537495105,0.00304,0.013699331537495104
census,weighted_updated_alpha_v4_census_mst_a0.95,cedcbb2b,2026-05-14T11:54:09.734176,FileLoader,SmartNoiseModelLoader,TopKObtainer,WeightedVCRepairer,models/census_mst.pkl,50000,42,0.5,0.5,20,42,0.95,WeightedVCRepairer,SmartNoiseModelLoader,mst,2.0010106563568115,1.3052282333374023,9.341172695159912,13.500268697738647,50000,49848,0.00304,0.16943096306135325,0.1692844192388754,0.027981123662914085,0.02804915612458612,0.6208748134352533,0.5538499188951361,0.6196220171727916,0.6208754024320857,0.5536970742171349,0.620194227595444,0,185626,0,0.000684822434682491,0.0,0.01369644869364981,0.0035729665768747558,0.00304,0.013699331537495104
census,weighted_updated_alpha_v4_census_mst_a1.0,013fe7ee,2026-05-14T11:54:10.256862,FileLoader,SmartNoiseModelLoader,TopKObtainer,WeightedVCRepairer,models/census_mst.pkl,50000,42,0.5,0.5,20,42,1.0,WeightedVCRepairer,SmartNoiseModelLoader,mst,1.939469814300537,1.2818963527679443,9.345017910003662,13.364291191101074,50000,49848,0.00304,0.16943096306135325,0.1692844192388754,0.027981123662914085,0.02804915612458612,0.6208748134352533,0.5538499188951361,0.6196220171727916,0.6208754024320857,0.5536970742171349,0.620194227595444,0,185626,0,0.0,0.0,0.01369644869364981,0.00304,0.00304,0.013699331537495104
compas,weighted_updated_alpha_v4_compas_aim_a0.0,be445b93,2026-05-14T14:45:27.338234,FileLoader,SmartNoiseModelLoader,TopKObtainer,WeightedVCRepairer,models/compas_aim.pkl,50000,42,0.5,0.5,20,42,0.0,WeightedVCRepairer,SmartNoiseModelLoader,aim,0.22352910041809082,6.5303955078125,1.2022039890289307,10166.389516353607,50000,1219,0.97562,0.08475945210753512,0.005994278154717694,0.00668536584020759,0.053503846353511346,0.7366031777361097,0.7432810289812165,0.7519490772722787,0.5624691601697425,0.6481463206026514,0.6014178097963749,0,6947938,0,0.004416106647106066,0.0,0.004416106647106066,0.000422223405891339,0.97562,0.000422223405891339
compas,weighted_updated_alpha_v4_compas_aim_a0.05,78d1c8eb,2026-05-14T12:59:04.217468,FileLoader,SmartNoiseModelLoader,TopKObtainer,WeightedVCRepairer,models/compas_aim.pkl,50000,42,0.5,0.5,20,42,0.05,WeightedVCRepairer,SmartNoiseModelLoader,aim,0.4530327320098877,11.373996019363403,2.48329758644104,5136.932234764099,50000,32992,0.34016,0.08475945210753512,0.028816054745886648,0.00668536584020759,0.06519698713039344,0.7366031777361097,0.7432810289812165,0.7519490772722787,0.736981479653936,0.7349912826079805,0.7373268857528208,0,6947938,0,0.004195301314750763,0.0,0.004416106647106066,0.022942913359047384,0.34016,0.006247277220049875
compas,weighted_updated_alpha_v4_compas_aim_a0.1,2d7cef9f,2026-05-14T12:58:32.070406,FileLoader,SmartNoiseModelLoader,TopKObtainer,WeightedVCRepairer,models/compas_aim.pkl,50000,42,0.5,0.5,20,42,0.1,WeightedVCRepairer,SmartNoiseModelLoader,aim,0.4526035785675049,11.368470191955566,2.48695707321167,5137.955766677856,50000,32992,0.34016,0.08475945210753512,0.028816054745886648,0.00668536584020759,0.06519222683534692,0.7366031777361097,0.7432810289812165,0.7519490772722787,0.7349583867890391,0.7344320536859765,0.7312411592486595,0,6947938,0,0.00397449598239546,0.0,0.004416106647106066,0.03963854949804489,0.34016,0.006247277220049875
compas,weighted_updated_alpha_v4_compas_aim_a0.15,e4d36be7,2026-05-14T14:19:08.514666,FileLoader,SmartNoiseModelLoader,TopKObtainer,WeightedVCRepairer,models/compas_aim.pkl,50000,42,0.5,0.5,20,42,0.15,WeightedVCRepairer,SmartNoiseModelLoader,aim,0.44857072830200195,12.675944805145264,2.2139410972595215,4510.41405081749,50000,32992,0.34016,0.08475945210753512,0.028816054745886648,0.00668536584020759,0.06527803995631612,0.7366031777361097,0.7432810289812165,0.7519490772722787,0.7344978453238593,0.7325898878252574,0.7290371393795848,0,6947938,0,0.0037536906500401563,0.0,0.004416106647106066,0.05633418563704239,0.34016,0.006247277220049875
compas,weighted_updated_alpha_v4_compas_aim_a0.2,7fe29c85,2026-05-14T14:12:36.214444,FileLoader,SmartNoiseModelLoader,TopKObtainer,WeightedVCRepairer,models/compas_aim.pkl,50000,42,0.5,0.5,20,42,0.2,WeightedVCRepairer,SmartNoiseModelLoader,aim,0.29111599922180176,7.399694442749023,1.4586105346679688,4117.56179356575,50000,35507,0.28986,0.08475945210753512,0.02093279987509662,0.00668536584020759,0.054423360234912364,0.7366031777361097,0.7432810289812165,0.7519490772722787,0.7303200763183,0.7345965327806836,0.7349254909700977,0,6947938,0,0.003532885317684853,0.0,0.004416106647106066,0.06137481015532162,0.28986,0.004253512694152022
compas,weighted_updated_alpha_v4_compas_aim_a0.25,b5c182cc,2026-05-14T14:53:39.321942,FileLoader,SmartNoiseModelLoader,TopKObtainer,WeightedVCRepairer,models/compas_aim.pkl,50000,42,0.5,0.5,20,42,0.25,WeightedVCRepairer,SmartNoiseModelLoader,aim,0.3033566474914551,7.5203211307525635,1.5888426303863525,2295.239761829376,50000,36019,0.27962,0.08475945210753512,0.019537241462073595,0.00668536584020759,0.05556878279338026,0.7366031777361097,0.7432810289812165,0.7519490772722787,0.7327708148294352,0.7350570742458633,0.7359617092667522,0,6947938,0,0.0033120799853295496,0.0,0.004416106647106066,0.07285200269684394,0.27962,0.003929336929125263
compas,weighted_updated_alpha_v4_compas_aim_a0.3,341796e4,2026-05-14T11:56:26.490933,FileLoader,SmartNoiseModelLoader,TopKObtainer,WeightedVCRepairer,models/compas_aim.pkl,50000,42,0.5,0.5,20,42,0.3,WeightedVCRepairer,SmartNoiseModelLoader,aim,0.45661139488220215,11.494179010391235,2.414638042449951,1340.9113676548004,50000,46884,0.06232,0.08475945210753512,0.0196595773213743,0.00668536584020759,0.016779647109553784,0.7366031777361097,0.7432810289812165,0.7519490772722787,0.7452054343892891,0.7418829566762064,0.7490049014770223,0,6947938,0,0.003091274652974246,0.0,0.004416106647106066,0.019020174168731384,0.06232,0.0004631059553305496
compas,weighted_updated_alpha_v4_compas_aim_a0.35,4de596a7,2026-05-14T11:59:10.745715,FileLoader,SmartNoiseModelLoader,TopKObtainer,WeightedVCRepairer,models/compas_aim.pkl,50000,42,0.5,0.5,20,42,0.35,WeightedVCRepairer,SmartNoiseModelLoader,aim,0.4549119472503662,11.517798900604248,2.4102063179016113,1510.6318922042847,50000,46863,0.06274,0.08475945210753512,0.019641061548630465,0.00668536584020759,0.01693499744381821,0.7366031777361097,0.7432810289812165,0.7519490772722787,0.7445310701009902,0.7417020296720287,0.7485608079213132,0,6947938,0,0.002870469320618943,0.0,0.004416106647106066,0.022260434853234833,0.06274,0.0004637459280535908
compas,weighted_updated_alpha_v4_compas_aim_a0.4,65b2de9f,2026-05-14T12:23:10.966802,FileLoader,SmartNoiseModelLoader,TopKObtainer,WeightedVCRepairer,models/compas_aim.pkl,50000,42,0.5,0.5,20,42,0.4,WeightedVCRepairer,SmartNoiseModelLoader,aim,0.5907964706420898,13.189275741577148,2.973797559738159,1225.3257145881653,50000,47209,0.05582,0.08475945210753512,0.021629129790238975,0.00668536584020759,0.015143667586126315,0.7366031777361097,0.7432810289812165,0.7519490772722787,0.7447448929241094,0.7422119148656205,0.7469653607026547,0,6947938,0,0.0026496639882636398,0.0,0.004416106647106066,0.02267490018858852,0.05582,0.0005781669809808658
compas,weighted_updated_alpha_v4_compas_aim_a0.45,baa4723e,2026-05-14T12:28:10.438146,FileLoader,SmartNoiseModelLoader,TopKObtainer,WeightedVCRepairer,models/compas_aim.pkl,50000,42,0.5,0.5,20,42,0.45,WeightedVCRepairer,SmartNoiseModelLoader,aim,0.3178119659423828,7.881045341491699,1.5419209003448486,1368.6729640960693,50000,47920,0.0416,0.08475945210753512,0.02682196023788721,0.00668536584020759,0.011613704875674003,0.7366031777361097,0.7432810289812165,0.7519490772722787,0.7449422678377579,0.7432645810717458,0.7496299220369091,0,6947938,0,0.0024288586559083366,0.0,0.004416106647106066,0.019214551260641373,0.0416,0.0008991841102570419
compas,weighted_updated_alpha_v4_compas_aim_a0.5,d0a72603,2026-05-14T12:39:02.675023,FileLoader,SmartNoiseModelLoader,TopKObtainer,WeightedVCRepairer,models/compas_aim.pkl,50000,42,0.5,0.5,20,42,0.5,WeightedVCRepairer,SmartNoiseModelLoader,aim,0.5455012321472168,11.625547647476196,2.6371912956237793,755.7929892539978,50000,48196,0.03608,0.08475945210753512,0.029092255843405235,0.00668536584020759,0.011407046507263367,0.7366031777361097,0.7432810289812165,0.7519490772722787,0.7447942366525214,0.7430014145202145,0.7465212671469457,0,6947938,0,0.002208053323553033,0.0,0.004416106647106066,0.01861365557926639,0.03608,0.0011473111585327857
compas,weighted_updated_alpha_v4_compas_aim_a0.55,55bfebb5,2026-05-14T11:49:03.448099,FileLoader,SmartNoiseModelLoader,TopKObtainer,WeightedVCRepairer,models/compas_aim.pkl,50000,42,0.5,0.5,20,42,0.55,WeightedVCRepairer,SmartNoiseModelLoader,aim,0.45586323738098145,11.30038857460022,2.2440946102142334,911.3367340564728,50000,48738,0.02524,0.08475945210753512,0.03684155117582804,0.00668536584020759,0.009879519452614184,0.7366031777361097,0.7432810289812165,0.7519490772722787,0.7439882890884568,0.7435112997138064,0.7478042040856607,0,6947938,0,0.0019872479911977295,0.0,0.004416106647106066,0.014825953797006715,0.02524,0.002097675104459366
compas,weighted_updated_alpha_v4_compas_aim_a0.6,cf67ada9,2026-05-14T11:42:15.000889,FileLoader,SmartNoiseModelLoader,TopKObtainer,WeightedVCRepairer,models/compas_aim.pkl,50000,42,0.5,0.5,20,42,0.6,WeightedVCRepairer,SmartNoiseModelLoader,aim,0.456864595413208,11.245050191879272,2.2776060104370117,518.3331589698792,50000,49187,0.01626,0.08475945210753512,0.06778918344833515,0.00668536584020759,0.008267362324742466,0.7366031777361097,0.7432810289812165,0.7519490772722787,0.739448666074542,0.7428369354255074,0.7470147044310668,0,6947938,0,0.0017664426588424266,0.0,0.004416106647106066,0.011091175942027007,0.01626,0.0033379398550675184
compas,weighted_updated_alpha_v4_compas_aim_a0.65,8334ca73,2026-05-14T11:56:14.122717,FileLoader,SmartNoiseModelLoader,TopKObtainer,WeightedVCRepairer,models/compas_aim.pkl,50000,42,0.5,0.5,20,42,0.65,WeightedVCRepairer,SmartNoiseModelLoader,aim,0.6581082344055176,16.543771266937256,3.845122814178467,381.5730826854706,50000,49426,0.01148,0.08475945210753512,0.08243149746126617,0.00668536584020759,0.007703120101859148,0.7366031777361097,0.7432645810717458,0.7519490772722787,0.7392019474324814,0.7434455080759236,0.7473765584394223,0,6947938,0,0.001545637326487123,0.0,0.004416106647106066,0.008939923026321218,0.01148,0.0042226372180606195
compas,weighted_updated_alpha_v4_compas_aim_a0.7,deec8f57,2026-05-14T12:01:52.251631,FileLoader,SmartNoiseModelLoader,TopKObtainer,WeightedVCRepairer,models/compas_aim.pkl,50000,42,0.5,0.5,20,42,0.7,WeightedVCRepairer,SmartNoiseModelLoader,aim,0.6668953895568848,16.676106452941895,3.924391269683838,365.73676323890686,50000,49507,0.00986,0.08475945210753512,0.08378482859523373,0.00668536584020759,0.00740152527623222,0.7366031777361097,0.7432810289812165,0.7519490772722787,0.7386262706010066,0.7438731537221619,0.7501891509589131,0,6947938,0,0.00132483199413182,0.0,0.004416106647106066,0.00824236803953954,0.00986,0.0044678934651318
compas,weighted_updated_alpha_v4_compas_aim_a0.75,a2588dac,2026-05-14T12:04:50.595530,FileLoader,SmartNoiseModelLoader,TopKObtainer,WeightedVCRepairer,models/compas_aim.pkl,50000,42,0.5,0.5,20,42,0.75,WeightedVCRepairer,SmartNoiseModelLoader,aim,0.4403853416442871,13.412097215652466,2.9145352840423584,313.3839373588562,50000,49519,0.00962,0.08475945210753512,0.08488063776930348,0.00668536584020759,0.007366586062041388,0.7366031777361097,0.7432810289812165,0.7519490772722787,0.7388729892430672,0.7435277476232771,0.7518997335438665,0,6947938,0,0.0011040266617765165,0.0,0.004416106647106066,0.008339179380934819,0.00962,0.004496717523739274
compas,weighted_updated_alpha_v4_compas_aim_a0.8,ea15f212,2026-05-14T11:39:38.728437,FileLoader,SmartNoiseModelLoader,TopKObtainer,WeightedVCRepairer,models/compas_aim.pkl,50000,42,0.5,0.5,20,42,0.8,WeightedVCRepairer,SmartNoiseModelLoader,aim,0.45105528831481934,11.2941153049469,2.427781820297241,266.44167470932007,50000,49458,0.01084,0.08475945210753512,0.08448888472541423,0.00668536584020759,0.007427952155122384,0.7366031777361097,0.7432810289812165,0.7519490772722787,0.7405342280996086,0.74336326852857,0.7468337774268891,0,6947938,0,0.0008832213294212131,0.0,0.004416106647106066,0.009563358091926773,0.01084,0.0044567904596338635
compas,weighted_updated_alpha_v4_compas_aim_a0.85,2361f547,2026-05-14T11:38:53.021843,FileLoader,SmartNoiseModelLoader,TopKObtainer,WeightedVCRepairer,models/compas_aim.pkl,50000,42,0.5,0.5,20,42,0.85,WeightedVCRepairer,SmartNoiseModelLoader,aim,0.45019078254699707,11.308530569076538,2.4219634532928467,266.0594720840454,50000,49519,0.00962,0.08475945210753512,0.08488063776930348,0.00668536584020759,0.007366586062041388,0.7366031777361097,0.7432810289812165,0.7519490772722787,0.7388729892430672,0.7435277476232771,0.7518997335438665,0,6947938,0,0.00066241599706591,0.0,0.004416106647106066,0.008851507628560892,0.00962,0.004496717523739274
compas,weighted_updated_alpha_v4_compas_aim_a0.9,787f1e4a,2026-05-14T11:51:22.299457,FileLoader,SmartNoiseModelLoader,TopKObtainer,WeightedVCRepairer,models/compas_aim.pkl,50000,42,0.5,0.5,20,42,0.9,WeightedVCRepairer,SmartNoiseModelLoader,aim,0.4890904426574707,13.160795211791992,2.94976806640625,259.06918716430664,50000,49519,0.00962,0.08475945210753512,0.08488063776930348,0.00668536584020759,0.007366586062041388,0.7366031777361097,0.7432810289812165,0.7519490772722787,0.7388729892430672,0.7435277476232771,0.7518997335438665,0,6947938,0,0.00044161066471060654,0.0,0.004416106647106066,0.009107671752373928,0.00962,0.004496717523739274
compas,weighted_updated_alpha_v4_compas_aim_a0.95,8db35178,2026-05-14T11:51:59.697351,FileLoader,SmartNoiseModelLoader,TopKObtainer,WeightedVCRepairer,models/compas_aim.pkl,50000,42,0.5,0.5,20,42,0.95,WeightedVCRepairer,SmartNoiseModelLoader,aim,0.34830451011657715,8.990478992462158,1.8734595775604248,271.4842059612274,50000,49519,0.00962,0.08475945210753512,0.08488063776930348,0.00668536584020759,0.007366586062041388,0.7366031777361097,0.7432810289812165,0.7519490772722787,0.7388729892430672,0.7435277476232771,0.7518997335438665,0,6947938,0,0.00022080533235530351,0.0,0.004416106647106066,0.009363835876186964,0.00962,0.004496717523739274
compas,weighted_updated_alpha_v4_compas_aim_a1.0,0e16dd37,2026-05-14T11:57:46.964089,FileLoader,SmartNoiseModelLoader,TopKObtainer,WeightedVCRepairer,models/compas_aim.pkl,50000,42,0.5,0.5,20,42,1.0,WeightedVCRepairer,SmartNoiseModelLoader,aim,0.6529898643493652,13.585744380950928,2.9230175018310547,171.9103353023529,50000,49519,0.00962,0.08475945210753512,0.08488063776930348,0.00668536584020759,0.007366586062041388,0.7366031777361097,0.7432810289812165,0.7519490772722787,0.7388729892430672,0.7435277476232771,0.7518997335438665,0,6947938,0,0.0,0.0,0.004416106647106066,0.00962,0.00962,0.004496717523739274
compas,weighted_updated_alpha_v4_compas_mst_a0.0,853d3e62,2026-05-14T14:49:10.403454,FileLoader,SmartNoiseModelLoader,TopKObtainer,WeightedVCRepairer,models/compas_mst.pkl,50000,42,0.5,0.5,20,42,0.0,WeightedVCRepairer,SmartNoiseModelLoader,mst,0.43912720680236816,3.5021579265594482,2.316192865371704,11905.437751531601,50000,5235,0.8953,0.3908288819637019,0.228676019343169,0.023823658972915124,0.11044007627926632,0.7146945623211289,0.703049442415869,0.7369650317444653,0.6248231849731899,0.672078028882529,0.6773249120036843,0,3849595,0,0.043865814590085636,0.0,0.043865814590085636,0.07511587493420492,0.8953,0.07511587493420492
compas,weighted_updated_alpha_v4_compas_mst_a0.05,c5030f25,2026-05-14T13:51:05.693785,FileLoader,SmartNoiseModelLoader,TopKObtainer,WeightedVCRepairer,models/compas_mst.pkl,50000,42,0.5,0.5,20,42,0.05,WeightedVCRepairer,SmartNoiseModelLoader,mst,0.4370121955871582,3.5141665935516357,2.310610055923462,8381.626376867294,50000,19750,0.605,0.3908288819637019,0.0009702095097886467,0.023823658972915124,0.07844610386255937,0.7146945623211289,0.703049442415869,0.7369650317444653,0.6786571926708116,0.6803842231652357,0.6846606796276193,0,3849595,0,0.04167252386058135,0.0,0.043865814590085636,0.030416619899927572,0.605,0.00017538936834481482
compas,weighted_updated_alpha_v4_compas_mst_a0.1,bb6f256d,2026-05-14T16:04:15.476900,FileLoader,SmartNoiseModelLoader,TopKObtainer,WeightedVCRepairer,models/compas_mst.pkl,50000,42,0.5,0.5,20,42,0.1,WeightedVCRepairer,SmartNoiseModelLoader,mst,0.277313232421875,2.0082075595855713,1.4948313236236572,7720.980024814606,50000,19750,0.605,0.3908288819637019,0.0009702095097886467,0.023823658972915124,0.08225897174675356,0.7146945623211289,0.703049442415869,0.7369650317444653,0.6835422217836113,0.6673410309549657,0.687029178591401,0,3849595,0,0.039479233131077075,0.0,0.043865814590085636,0.060657850431510334,0.605,0.00017538936834481482
compas,weighted_updated_alpha_v4_compas_mst_a0.15,0a13f2b5,2026-05-14T17:00:03.032986,FileLoader,SmartNoiseModelLoader,TopKObtainer,WeightedVCRepairer,models/compas_mst.pkl,50000,42,0.5,0.5,20,42,0.15,WeightedVCRepairer,SmartNoiseModelLoader,mst,0.2852895259857178,1.9745302200317383,1.4881792068481445,7575.72780418396,50000,19750,0.605,0.3908288819637019,0.0009702095097886467,0.023823658972915124,0.08196105015015358,0.7146945623211289,0.703049442415869,0.7369650317444653,0.6889535839994737,0.6694299154577453,0.6877528866081121,0,3849595,0,0.03728594240157279,0.0,0.043865814590085636,0.09089908096309308,0.605,0.00017538936834481482
compas,weighted_updated_alpha_v4_compas_mst_a0.2,f5b49455,2026-05-14T17:38:43.039610,FileLoader,SmartNoiseModelLoader,TopKObtainer,WeightedVCRepairer,models/compas_mst.pkl,50000,42,0.5,0.5,20,42,0.2,WeightedVCRepairer,SmartNoiseModelLoader,mst,0.28431105613708496,1.9546737670898438,1.498162031173706,5516.439546108246,50000,19770,0.6046,0.3908288819637019,0.0005563035740624723,0.023823658972915124,0.08070648231477402,0.7146945623211289,0.703049442415869,0.7369650317444653,0.6881476364354091,0.6766012039869732,0.6914701141484917,0,3849595,0,0.03509265167206851,0.0,0.043865814590085636,0.12099584913817134,0.6046,9.481142271415243e-05
compas,weighted_updated_alpha_v4_compas_mst_a0.25,bfb86c4c,2026-05-14T13:00:28.167266,FileLoader,SmartNoiseModelLoader,TopKObtainer,WeightedVCRepairer,models/compas_mst.pkl,50000,42,0.5,0.5,20,42,0.25,WeightedVCRepairer,SmartNoiseModelLoader,mst,0.43854522705078125,3.5184431076049805,2.217219114303589,5291.719881296158,50000,34549,0.30902,0.3908288819637019,0.07725075218036662,0.023823658972915124,0.05560774004817818,0.7146945623211289,0.703049442415869,0.7369650317444653,0.7042007960788184,0.6647093654396526,0.7048093687292345,0,3849595,0,0.032899360942564224,0.0,0.043865814590085636,0.08009921915657306,0.30902,0.00379229220876407
compas,weighted_updated_alpha_v4_compas_mst_a0.3,c5683ffb,2026-05-14T12:07:39.525541,FileLoader,SmartNoiseModelLoader,TopKObtainer,WeightedVCRepairer,models/compas_mst.pkl,50000,42,0.5,0.5,20,42,0.3,WeightedVCRepairer,SmartNoiseModelLoader,mst,0.4367697238922119,3.503032922744751,2.214887857437134,2092.6575734615326,50000,34734,0.30532,0.3908288819637019,0.21952235208891188,0.023823658972915124,0.09279304924575896,0.7146945623211289,0.703049442415869,0.7369650317444653,0.614066252179348,0.6070758906542978,0.6311885259383533,0,3849595,0,0.030706070213059943,0.0,0.043865814590085636,0.12022490872478295,0.30532,0.04089844103540423
compas,weighted_updated_alpha_v4_compas_mst_a0.35,31c5ae81,2026-05-14T12:44:43.549385,FileLoader,SmartNoiseModelLoader,TopKObtainer,WeightedVCRepairer,models/compas_mst.pkl,50000,42,0.5,0.5,20,42,0.35,WeightedVCRepairer,SmartNoiseModelLoader,mst,0.3334627151489258,1.9183692932128906,1.570204257965088,1902.0014674663544,50000,34810,0.3038,0.3908288819637019,0.21938683640009718,0.023823658972915124,0.09208934428100989,0.7146945623211289,0.703049442415869,0.7369650317444653,0.6148886476528833,0.6221257278199941,0.635629461495444,0,3849595,0,0.028512779483555663,0.0,0.043865814590085636,0.13278411774276702,0.3038,0.04069864268118005
compas,weighted_updated_alpha_v4_compas_mst_a0.4,25055196,2026-05-14T13:27:53.410963,FileLoader,SmartNoiseModelLoader,TopKObtainer,WeightedVCRepairer,models/compas_mst.pkl,50000,42,0.5,0.5,20,42,0.4,WeightedVCRepairer,SmartNoiseModelLoader,mst,0.31188058853149414,2.069883108139038,1.66225004196167,2279.375214099884,50000,34652,0.30696,0.3908288819637019,0.21701016214496655,0.023823658972915124,0.0950753807338678,0.7146945623211289,0.703049442415869,0.7369650317444653,0.6087700253297806,0.6110069410177966,0.6364847527879206,0,3849595,0,0.026319488754051382,0.0,0.043865814590085636,0.14695315482442492,0.30696,0.04028192470737487
compas,weighted_updated_alpha_v4_compas_mst_a0.45,bd152891,2026-05-14T13:35:51.280403,FileLoader,SmartNoiseModelLoader,TopKObtainer,WeightedVCRepairer,models/compas_mst.pkl,50000,42,0.5,0.5,20,42,0.45,WeightedVCRepairer,SmartNoiseModelLoader,mst,0.28507018089294434,2.0353949069976807,1.628631353378296,1954.8736972808838,50000,34652,0.30696,0.3908288819637019,0.21701016214496655,0.023823658972915124,0.0950753807338678,0.7146945623211289,0.703049442415869,0.7369650317444653,0.6087700253297806,0.6110069410177966,0.6364847527879206,0,3849595,0,0.024126198024547102,0.0,0.043865814590085636,0.16028705858905617,0.30696,0.04028192470737487
compas,weighted_updated_alpha_v4_compas_mst_a0.5,0546a084,2026-05-14T12:22:56.778181,FileLoader,SmartNoiseModelLoader,TopKObtainer,WeightedVCRepairer,models/compas_mst.pkl,50000,42,0.5,0.5,20,42,0.5,WeightedVCRepairer,SmartNoiseModelLoader,mst,0.45279502868652344,3.4962921142578125,2.3083531856536865,3010.403540611267,50000,34650,0.307,0.3908288819637019,0.21702205336610172,0.023823658972915124,0.09433174958436048,0.7146945623211289,0.703049442415869,0.7369650317444653,0.608128556860423,0.6159577617684793,0.639823678410474,0,3849595,0,0.021932907295042818,0.0,0.043865814590085636,0.17364459349882477,0.307,0.04028918699764954
compas,weighted_updated_alpha_v4_compas_mst_a0.55,a20cc19e,2026-05-14T11:48:54.785254,FileLoader,SmartNoiseModelLoader,TopKObtainer,WeightedVCRepairer,models/compas_mst.pkl,50000,42,0.5,0.5,20,42,0.55,WeightedVCRepairer,SmartNoiseModelLoader,mst,0.45062947273254395,3.481466054916382,2.3064920902252197,928.201176404953,50000,45270,0.0946,0.3908288819637019,0.3074204014407911,0.023823658972915124,0.04263399883525489,0.7146945623211289,0.703049442415869,0.7369650317444653,0.7192999769729267,0.7029178591401033,0.7302378367709464,0,3849595,0,0.019739616565538534,0.0,0.043865814590085636,0.06876596994526021,0.0946,0.037191044322800466
compas,weighted_updated_alpha_v4_compas_mst_a0.6,2f8c11ba,2026-05-14T12:06:37.212306,FileLoader,SmartNoiseModelLoader,TopKObtainer,WeightedVCRepairer,models/compas_mst.pkl,50000,42,0.5,0.5,20,42,0.6,WeightedVCRepairer,SmartNoiseModelLoader,mst,0.33887362480163574,2.4029901027679443,1.9855976104736328,635.8448688983917,50000,45781,0.08438,0.3908288819637019,0.3111049805597899,0.023823658972915124,0.03933225521157085,0.7146945623211289,0.703049442415869,0.7369650317444653,0.72286917332807,0.7013388598309155,0.7411756965689661,0,3849595,0,0.017546325836034254,0.0,0.043865814590085636,0.06530111594546831,0.08438,0.03668278986367075
compas,weighted_updated_alpha_v4_compas_mst_a0.65,baf1b3af,2026-05-14T12:15:11.728022,FileLoader,SmartNoiseModelLoader,TopKObtainer,WeightedVCRepairer,models/compas_mst.pkl,50000,42,0.5,0.5,20,42,0.65,WeightedVCRepairer,SmartNoiseModelLoader,mst,0.3202331066131592,1.9188878536224365,1.687530279159546,156.42755913734436,50000,49282,0.01436,0.3908288819637019,0.3815860153939522,0.023823658972915124,0.025015879933253,0.7146945623211289,0.703049442415869,0.7369650317444653,0.7202704036316984,0.7061416493963617,0.7388565413335965,0,3849595,0,0.015353035106529972,0.0,0.043865814590085636,0.02428265727080902,0.01436,0.04271044934516863
compas,weighted_updated_alpha_v4_compas_mst_a0.7,e25d82d5,2026-05-14T12:23:09.951523,FileLoader,SmartNoiseModelLoader,TopKObtainer,WeightedVCRepairer,models/compas_mst.pkl,50000,42,0.5,0.5,20,42,0.7,WeightedVCRepairer,SmartNoiseModelLoader,mst,0.31795692443847656,2.119462490081787,1.6556384563446045,73.30659341812134,50000,49677,0.00646,0.3908288819637019,0.3926558466924709,0.023823658972915124,0.023822972637849625,0.7146945623211289,0.703049442415869,0.7369650317444653,0.7196947268002237,0.7046613375439982,0.7388565413335965,0,3849595,0,0.013159744377025693,0.0,0.043865814590085636,0.01781460303394942,0.00646,0.0443086767798314
compas,weighted_updated_alpha_v4_compas_mst_a0.75,2ca8222b,2026-05-14T11:36:47.439616,FileLoader,SmartNoiseModelLoader,TopKObtainer,WeightedVCRepairer,models/compas_mst.pkl,50000,42,0.5,0.5,20,42,0.75,WeightedVCRepairer,SmartNoiseModelLoader,mst,0.45525026321411133,3.476182222366333,2.284959316253662,96.03578305244446,50000,49677,0.00646,0.3908288819637019,0.3926558466924709,0.023823658972915124,0.023822972637849625,0.7146945623211289,0.703049442415869,0.7369650317444653,0.7196947268002237,0.7046613375439982,0.7388565413335965,0,3849595,0,0.010966453647521409,0.0,0.043865814590085636,0.01592216919495785,0.00646,0.0443086767798314
compas,weighted_updated_alpha_v4_compas_mst_a0.8,3e5434df,2026-05-14T11:36:47.521185,FileLoader,SmartNoiseModelLoader,TopKObtainer,WeightedVCRepairer,models/compas_mst.pkl,50000,42,0.5,0.5,20,42,0.8,WeightedVCRepairer,SmartNoiseModelLoader,mst,0.45569515228271484,3.4818148612976074,2.2793524265289307,92.44985246658325,50000,49677,0.00646,0.3908288819637019,0.3926558466924709,0.023823658972915124,0.023822972637849625,0.7146945623211289,0.703049442415869,0.7369650317444653,0.7196947268002237,0.7046613375439982,0.7388565413335965,0,3849595,0,0.008773162918017125,0.0,0.043865814590085636,0.014029735355966279,0.00646,0.0443086767798314
compas,weighted_updated_alpha_v4_compas_mst_a0.85,eedecba7,2026-05-14T11:46:34.634635,FileLoader,SmartNoiseModelLoader,TopKObtainer,WeightedVCRepairer,models/compas_mst.pkl,50000,42,0.5,0.5,20,42,0.85,WeightedVCRepairer,SmartNoiseModelLoader,mst,0.3913915157318115,2.3756351470947266,2.0932202339172363,85.12259578704834,50000,49677,0.00646,0.3908288819637019,0.3926558466924709,0.023823658972915124,0.023822972637849625,0.7146945623211289,0.703049442415869,0.7369650317444653,0.7196947268002237,0.7046613375439982,0.7388565413335965,0,3849595,0,0.0065798721885128465,0.0,0.043865814590085636,0.01213730151697471,0.00646,0.0443086767798314
compas,weighted_updated_alpha_v4_compas_mst_a0.9,2f41d100,2026-05-14T11:46:31.086823,FileLoader,SmartNoiseModelLoader,TopKObtainer,WeightedVCRepairer,models/compas_mst.pkl,50000,42,0.5,0.5,20,42,0.9,WeightedVCRepairer,SmartNoiseModelLoader,mst,0.39110779762268066,2.3901476860046387,2.0931124687194824,82.03158330917358,50000,49677,0.00646,0.3908288819637019,0.3926558466924709,0.023823658972915124,0.023822972637849625,0.7146945623211289,0.703049442415869,0.7369650317444653,0.7196947268002237,0.7046613375439982,0.7388565413335965,0,3849595,0,0.004386581459008563,0.0,0.043865814590085636,0.01024486767798314,0.00646,0.0443086767798314
compas,weighted_updated_alpha_v4_compas_mst_a0.95,63255cfa,2026-05-14T11:51:08.231691,FileLoader,SmartNoiseModelLoader,TopKObtainer,WeightedVCRepairer,models/compas_mst.pkl,50000,42,0.5,0.5,20,42,0.95,WeightedVCRepairer,SmartNoiseModelLoader,mst,0.2421870231628418,1.4173362255096436,1.2875370979309082,55.17048406600952,50000,49677,0.00646,0.3908288819637019,0.3926558466924709,0.023823658972915124,0.023822972637849625,0.7146945623211289,0.703049442415869,0.7369650317444653,0.7196947268002237,0.7046613375439982,0.7388565413335965,0,3849595,0,0.002193290729504284,0.0,0.043865814590085636,0.008352433838991572,0.00646,0.0443086767798314
compas,weighted_updated_alpha_v4_compas_mst_a1.0,398862c4,2026-05-14T11:33:50.102591,FileLoader,SmartNoiseModelLoader,TopKObtainer,WeightedVCRepairer,models/compas_mst.pkl,50000,42,0.5,0.5,20,42,1.0,WeightedVCRepairer,SmartNoiseModelLoader,mst,0.40982961654663086,2.804821014404297,1.9843811988830566,69.89176297187805,50000,49677,0.00646,0.3908288819637019,0.3926558466924709,0.023823658972915124,0.023822972637849625,0.7146945623211289,0.703049442415869,0.7369650317444653,0.7196947268002237,0.7046613375439982,0.7388565413335965,0,3849595,0,0.0,0.0,0.043865814590085636,0.00646,0.00646,0.0443086767798314
tax,weighted_updated_alpha_v4_tax_aim_a0.0,a1bf435e,2026-05-14T14:01:23.408481,FileLoader,SmartNoiseModelLoader,TopKObtainer,WeightedVCRepairer,models/tax_aim.pkl,50000,42,0.5,0.5,20,42,0.0,WeightedVCRepairer,SmartNoiseModelLoader,aim,1.4280378818511963,7.824299097061157,3.1417770385742188,8634.272589683533,50000,9833,0.80334,0.015964290213678605,0.28094021667089863,0.008835290815062243,0.28521022856101025,0.3538678481063296,0.8383994559510356,0.8468212139092518,0.3456981128301547,0.6290386134752127,0.5892010280925283,0,1514205,0,0.001259115359207205,0.0,0.001259115359207205,0.09838462362657832,0.80334,0.09838462362657832
tax,weighted_updated_alpha_v4_tax_aim_a0.05,45217d3f,2026-05-14T12:18:35.072457,FileLoader,SmartNoiseModelLoader,TopKObtainer,WeightedVCRepairer,models/tax_aim.pkl,50000,42,0.5,0.5,20,42,0.05,WeightedVCRepairer,SmartNoiseModelLoader,aim,1.4468886852264404,6.6805784702301025,3.2156405448913574,1460.7712614536285,50000,38725,0.2255,0.015964290213678605,0.053816601665977425,0.008835290815062243,0.07342003857960011,0.3538678481063296,0.8383994559510356,0.8468212139092518,0.3668950205518497,0.8652638737486373,0.8517036533287996,0,1514205,0,0.0011961595912468447,0.0,0.001259115359207205,0.019854186463674477,0.2255,0.009030722593341556
tax,weighted_updated_alpha_v4_tax_aim_a0.1,a35bc534,2026-05-14T13:03:24.378977,FileLoader,SmartNoiseModelLoader,TopKObtainer,WeightedVCRepairer,models/tax_aim.pkl,50000,42,0.5,0.5,20,42,0.1,WeightedVCRepairer,SmartNoiseModelLoader,aim,1.4587962627410889,6.5099523067474365,3.2122950553894043,1446.7223043441772,50000,38727,0.22546,0.015964290213678605,0.05312663596550747,0.008835290815062243,0.07298914905442974,0.3538678481063296,0.8383994559510356,0.8468212139092518,0.36724905241471734,0.864773829644668,0.8562820653858847,0,1514205,0,0.0011332038232864847,0.0,0.001259115359207205,0.030434111780515083,0.22546,0.008764568645016759
tax,weighted_updated_alpha_v4_tax_aim_a0.15,c238826f,2026-05-14T13:49:13.034275,FileLoader,SmartNoiseModelLoader,TopKObtainer,WeightedVCRepairer,models/tax_aim.pkl,50000,42,0.5,0.5,20,42,0.15,WeightedVCRepairer,SmartNoiseModelLoader,aim,1.4657807350158691,6.448564291000366,3.2901504039764404,1408.8485255241394,50000,39034,0.21932,0.015964290213678605,0.06060313043939182,0.008835290815062243,0.07430344167773788,0.3538678481063296,0.8383994559510356,0.8468212139092518,0.36855516996529686,0.8642487823904151,0.8552659739376544,0,1514205,0,0.0010702480553261243,0.0,0.001259115359207205,0.042033603081511606,0.21932,0.010747768331190132
tax,weighted_updated_alpha_v4_tax_aim_a0.2,345471c5,2026-05-14T12:17:14.582346,FileLoader,SmartNoiseModelLoader,TopKObtainer,WeightedVCRepairer,models/tax_aim.pkl,50000,42,0.5,0.5,20,42,0.2,WeightedVCRepairer,SmartNoiseModelLoader,aim,2.0537736415863037,8.136128425598145,3.495741367340088,1426.9024987220764,50000,39077,0.21846,0.015964290213678605,0.06231228266298592,0.008835290815062243,0.07438569670663012,0.3538678481063296,0.8383994559510356,0.8468212139092518,0.36895520596853715,0.8643167885109659,0.853663829744677,0,1514205,0,0.0010072922873657641,0.0,0.001259115359207205,0.05270340071223009,0.21846,0.011264250890287613
tax,weighted_updated_alpha_v4_tax_aim_a0.25,742daad6,2026-05-14T12:16:31.485617,FileLoader,SmartNoiseModelLoader,TopKObtainer,WeightedVCRepairer,models/tax_aim.pkl,50000,42,0.5,0.5,20,42,0.25,WeightedVCRepairer,SmartNoiseModelLoader,aim,2.0521750450134277,8.139883041381836,3.492717742919922,1369.5501990318298,50000,39526,0.20948,0.015964290213678605,0.06677195297483365,0.008835290815062243,0.07232341501879111,0.3538678481063296,0.8383994559510356,0.8468212139092518,0.3674720724865238,0.8674510705963536,0.8577231950875579,0,1514205,0,0.0009443365194054038,0.0,0.001259115359207205,0.06115197471294464,0.20948,0.011709299617259517
tax,weighted_updated_alpha_v4_tax_aim_a0.3,cdfa6140,2026-05-14T13:06:08.499127,FileLoader,SmartNoiseModelLoader,TopKObtainer,WeightedVCRepairer,models/tax_aim.pkl,50000,42,0.5,0.5,20,42,0.3,WeightedVCRepairer,SmartNoiseModelLoader,aim,2.388577938079834,9.262086153030396,4.357061862945557,1337.9253692626953,50000,39908,0.20184,0.015964290213678605,0.06727945817389194,0.008835290815062243,0.07150554733843502,0.3538678481063296,0.8383994559510356,0.8468212139092518,0.3665729915692412,0.8739216529487653,0.8592163294696523,0,1514205,0,0.0008813807514450435,0.0,0.001259115359207205,0.06874763525740255,0.20184,0.011708050367717939
tax,weighted_updated_alpha_v4_tax_aim_a0.35,fdb2fcf3,2026-05-14T13:05:49.878794,FileLoader,SmartNoiseModelLoader,TopKObtainer,WeightedVCRepairer,models/tax_aim.pkl,50000,42,0.5,0.5,20,42,0.35,WeightedVCRepairer,SmartNoiseModelLoader,aim,1.4503748416900635,6.304231643676758,3.204035758972168,1213.7032718658447,50000,40663,0.18674,0.015964290213678605,0.07069453560161532,0.008835290815062243,0.06695406121500808,0.3538678481063296,0.8383994559510356,0.8468212139092518,0.36414577311958074,0.8789461051494635,0.8635807222650038,0,1514205,0,0.0008184249834846833,0.0,0.001259115359207205,0.07341889055362184,0.18674,0.012399831620956694
tax,weighted_updated_alpha_v4_tax_aim_a0.4,255afe28,2026-05-14T13:30:11.111656,FileLoader,SmartNoiseModelLoader,TopKObtainer,WeightedVCRepairer,models/tax_aim.pkl,50000,42,0.5,0.5,20,42,0.4,WeightedVCRepairer,SmartNoiseModelLoader,aim,1.4729738235473633,7.601329803466797,2.434429407119751,682.8682751655579,50000,40722,0.18556,0.015964290213678605,0.06986128329762079,0.008835290815062243,0.06636474354190221,0.3538678481063296,0.8383994559510356,0.8468212139092518,0.36425678311047993,0.879537158344251,0.8700043003870348,0,1514205,0,0.000755469215524323,0.0,0.001259115359207205,0.08158380535151269,0.18556,0.012266342252521158
tax,weighted_updated_alpha_v4_tax_aim_a0.45,29dfb087,2026-05-14T12:13:54.775975,FileLoader,SmartNoiseModelLoader,TopKObtainer,WeightedVCRepairer,models/tax_aim.pkl,50000,42,0.5,0.5,20,42,0.45,WeightedVCRepairer,SmartNoiseModelLoader,aim,2.0376627445220947,8.065772294998169,3.4748237133026123,1194.0490844249725,50000,40893,0.18214,0.015964290213678605,0.06889270774050568,0.008835290815062243,0.06418321785895333,0.3538678481063296,0.8383994559510356,0.8468212139092518,0.3643647928313548,0.8863017671590443,0.8751317618585672,0,1514205,0,0.0006925134475639628,0.0,0.001259115359207205,0.08845209035564855,0.18214,0.011798346101179191
tax,weighted_updated_alpha_v4_tax_aim_a0.5,01dc8b11,2026-05-14T12:13:53.287518,FileLoader,SmartNoiseModelLoader,TopKObtainer,WeightedVCRepairer,models/tax_aim.pkl,50000,42,0.5,0.5,20,42,0.5,WeightedVCRepairer,SmartNoiseModelLoader,aim,2.0431249141693115,8.05335783958435,3.4482102394104004,1227.5591840744019,50000,41186,0.17628,0.015964290213678605,0.06574577231223026,0.008835290815062243,0.06115344664945884,0.3538678481063296,0.8383994559510356,0.8468212139092518,0.36363772739546557,0.8905441489734076,0.8757098138832495,0,1514205,0,0.0006295576796036026,0.0,0.001259115359207205,0.0936347514401181,0.17628,0.01098950288023621
tax,weighted_updated_alpha_v4_tax_aim_a0.55,a9b41f3c,2026-05-14T13:02:23.548956,FileLoader,SmartNoiseModelLoader,TopKObtainer,WeightedVCRepairer,models/tax_aim.pkl,50000,42,0.5,0.5,20,42,0.55,WeightedVCRepairer,SmartNoiseModelLoader,aim,1.5743718147277832,7.120842695236206,3.421015977859497,1221.447489976883,50000,40957,0.18086,0.015964290213678605,0.06775277825727472,0.008835290815062243,0.06343519455937119,0.3538678481063296,0.8383994559510356,0.8468212139092518,0.3639347541278715,0.8892250302527227,0.876469882289406,0,1514205,0,0.0005666019116432423,0.0,0.001259115359207205,0.10466456093794417,0.18086,0.011536802084320381
tax,weighted_updated_alpha_v4_tax_aim_a0.6,6f2b4ea2,2026-05-14T12:59:23.270725,FileLoader,SmartNoiseModelLoader,TopKObtainer,WeightedVCRepairer,models/tax_aim.pkl,50000,42,0.5,0.5,20,42,0.6,WeightedVCRepairer,SmartNoiseModelLoader,aim,1.5711748600006104,7.103488922119141,3.4852707386016846,1089.9532244205475,50000,41365,0.1727,0.015964290213678605,0.07200176563675115,0.008835290815062243,0.06311035738022147,0.3538678481063296,0.8383994559510356,0.8468212139092518,0.36334970147313256,0.8894610514946345,0.8758388254942945,0,1514205,0,0.0005036461436828821,0.0,0.001259115359207205,0.1085595591105905,0.1727,0.012348897776476266
tax,weighted_updated_alpha_v4_tax_aim_a0.65,39d3fcdd,2026-05-14T13:23:17.499135,FileLoader,SmartNoiseModelLoader,TopKObtainer,WeightedVCRepairer,models/tax_aim.pkl,50000,42,0.5,0.5,20,42,0.65,WeightedVCRepairer,SmartNoiseModelLoader,aim,2.1551735401153564,8.863598346710205,4.963636636734009,674.5448346138,50000,41523,0.16954,0.015964290213678605,0.07237603343843307,0.008835290815062243,0.062441338367013044,0.3538678481063296,0.8383994559510356,0.8468212139092518,0.3637797401766159,0.8905491494234481,0.8766218959706373,0,1514205,0,0.00044069037572252176,0.0,0.001259115359207205,0.1145659875478467,0.16954,0.01247139299384772
tax,weighted_updated_alpha_v4_tax_aim_a0.7,6b9e6147,2026-05-14T12:11:11.831027,FileLoader,SmartNoiseModelLoader,TopKObtainer,WeightedVCRepairer,models/tax_aim.pkl,50000,42,0.5,0.5,20,42,0.7,WeightedVCRepairer,SmartNoiseModelLoader,aim,1.7986292839050293,7.398970603942871,3.2682547569274902,1035.2010111808777,50000,41777,0.16446,0.015964290213678605,0.07510813610171733,0.008835290815062243,0.06132826489348789,0.3538678481063296,0.8383994559510356,0.8468212139092518,0.3615425388284946,0.8913802242201798,0.8762978668080127,0,1514205,0,0.0003777346077621616,0.0,0.001259115359207205,0.11903026315787002,0.16446,0.013027543859566771
tax,weighted_updated_alpha_v4_tax_aim_a0.75,95f16d6d,2026-05-14T12:12:12.259885,FileLoader,SmartNoiseModelLoader,TopKObtainer,WeightedVCRepairer,models/tax_aim.pkl,50000,42,0.5,0.5,20,42,0.75,WeightedVCRepairer,SmartNoiseModelLoader,aim,1.8115828037261963,6.661299228668213,3.673947334289551,999.3467588424683,50000,41782,0.16436,0.015964290213678605,0.0760436467391945,0.008835290815062243,0.06132632046208217,0.3538678481063296,0.8383994559510356,0.8468212139092518,0.36168855196967725,0.8922733045974137,0.8774019661769559,0,1514205,0,0.0003147788398018013,0.0,0.001259115359207205,0.12653457527761391,0.16436,0.013058301110455648
tax,weighted_updated_alpha_v4_tax_aim_a0.8,e939da0a,2026-05-14T12:55:50.105479,FileLoader,SmartNoiseModelLoader,TopKObtainer,WeightedVCRepairer,models/tax_aim.pkl,50000,42,0.5,0.5,20,42,0.8,WeightedVCRepairer,SmartNoiseModelLoader,aim,2.2024013996124268,8.302883863449097,4.760742902755737,988.3752295970917,50000,41780,0.1644,0.015964290213678605,0.07812735442317076,0.008835290815062243,0.06147437798150304,0.3538678481063296,0.8383994559510356,0.8468212139092518,0.3620485843725935,0.8927973517616585,0.8779680171215409,0,1514205,0,0.000251823071841441,0.0,0.001259115359207205,0.13415251240845708,0.1644,0.013162562042285378
tax,weighted_updated_alpha_v4_tax_aim_a0.85,1072dd93,2026-05-14T12:56:37.457982,FileLoader,SmartNoiseModelLoader,TopKObtainer,WeightedVCRepairer,models/tax_aim.pkl,50000,42,0.5,0.5,20,42,0.85,WeightedVCRepairer,SmartNoiseModelLoader,aim,1.4331879615783691,6.243647813796997,3.1997287273406982,976.9941599369049,50000,41845,0.1631,0.015964290213678605,0.0833567948407509,0.008835290815062243,0.06122402702028024,0.3538678481063296,0.8383994559510356,0.8468212139092518,0.3618705683511516,0.8923873148583372,0.8775149763478713,0,1514205,0,0.0001888673038810808,0.0,0.001259115359207205,0.14064862740619138,0.1631,0.013424182707942638
tax,weighted_updated_alpha_v4_tax_aim_a0.9,7a7ac5f2,2026-05-14T13:18:20.145583,FileLoader,SmartNoiseModelLoader,TopKObtainer,WeightedVCRepairer,models/tax_aim.pkl,50000,42,0.5,0.5,20,42,0.9,WeightedVCRepairer,SmartNoiseModelLoader,aim,2.2629833221435547,8.498271703720093,4.733558893203735,553.7768993377686,50000,41852,0.16296,0.015964290213678605,0.08398644775855961,0.008835290815062243,0.06117171612936962,0.3538678481063296,0.8383994559510356,0.8468212139092518,0.3618835695212569,0.8921812963166685,0.87926913422208,0,1514205,0,0.0001259115359207205,0.0,0.001259115359207205,0.14800863169612005,0.16296,0.013446316961200685
tax,weighted_updated_alpha_v4_tax_aim_a0.95,1306c4d3,2026-05-14T12:10:54.654660,FileLoader,SmartNoiseModelLoader,TopKObtainer,WeightedVCRepairer,models/tax_aim.pkl,50000,42,0.5,0.5,20,42,0.95,WeightedVCRepairer,SmartNoiseModelLoader,aim,1.6937892436981201,6.76157283782959,3.1534299850463867,986.4408941268921,50000,41860,0.1628,0.015964290213678605,0.08495260146466321,0.008835290815062243,0.06111444216288326,0.3538678481063296,0.8383994559510356,0.8468212139092518,0.36196857717194547,0.8925493294396496,0.8767139042513826,0,1514205,0,6.295576796036031e-05,0.0,0.001259115359207205,0.15533443339338468,0.1628,0.013488667867693965
tax,weighted_updated_alpha_v4_tax_aim_a1.0,7e4c6eb0,2026-05-14T12:10:38.002524,FileLoader,SmartNoiseModelLoader,TopKObtainer,WeightedVCRepairer,models/tax_aim.pkl,50000,42,0.5,0.5,20,42,1.0,WeightedVCRepairer,SmartNoiseModelLoader,aim,1.7609200477600098,7.459104537963867,3.2804195880889893,975.6569511890411,50000,41858,0.16284,0.015964290213678605,0.08556067283848334,0.008835290815062243,0.061233513638851086,0.3538678481063296,0.8383994559510356,0.8468212139092518,0.36178656079047117,0.8921602944264984,0.8768329149623466,0,1514205,0,0.0,0.0,0.001259115359207205,0.16284,0.16284,0.01363814664033865
tax,weighted_updated_alpha_v4_tax_mst_a0.0,7b111bab,2026-05-14T18:53:07.279896,FileLoader,SmartNoiseModelLoader,TopKObtainer,WeightedVCRepairer,models/tax_mst.pkl,50000,42,0.5,0.5,20,42,0.0,WeightedVCRepairer,SmartNoiseModelLoader,mst,1.910083293914795,1.7682125568389893,3.375453472137451,23114.79491662979,50000,3540,0.9292,0.5713460443606079,14.17685287554806,0.06096833099423393,0.45150276723272964,0.3206778610074907,0.7263463711734056,0.7784370593353401,0.2740696662699643,0.4108359752377714,0.3280075206768609,0,6113613,0,0.065422514180363,0.0,0.065422514180363,0.17923300174657736,0.9292,0.17923300174657736
tax,weighted_updated_alpha_v4_tax_mst_a0.05,2c708828,2026-05-14T18:13:16.443276,FileLoader,SmartNoiseModelLoader,TopKObtainer,WeightedVCRepairer,models/tax_mst.pkl,50000,42,0.5,0.5,20,42,0.05,WeightedVCRepairer,SmartNoiseModelLoader,mst,1.949089527130127,1.80173659324646,3.1709728240966797,20633.438279628754,50000,8022,0.83956,0.5713460443606079,2.1877542923593536,0.06096833099423393,0.31778824102867564,0.3206778610074907,0.7263463711734056,0.7784370593353401,0.3393625426288366,0.48058525267274055,0.4274794731525837,0,6113613,0,0.06215138847134485,0.0,0.065422514180363,0.13882563288164962,0.83956,0.1019448767175259
tax,weighted_updated_alpha_v4_tax_mst_a0.1,b2504597,2026-05-14T22:27:56.061291,FileLoader,SmartNoiseModelLoader,TopKObtainer,WeightedVCRepairer,models/tax_mst.pkl,50000,42,0.5,0.5,20,42,0.1,WeightedVCRepairer,SmartNoiseModelLoader,mst,1.4118082523345947,1.4898276329040527,2.8225879669189453,14616.160525083542,50000,8023,0.83954,0.5713460443606079,2.181047706146587,0.06096833099423393,0.31760794815655163,0.3206778610074907,0.7263463711734056,0.7784370593353401,0.3381694352491724,0.4970207318658679,0.4249162424618216,0,6113613,0,0.058880262762326704,0.0,0.065422514180363,0.17566549609486953,0.83954,0.1019016623276328
tax,weighted_updated_alpha_v4_tax_mst_a0.15,3e912377,2026-05-14T17:34:11.089520,FileLoader,SmartNoiseModelLoader,TopKObtainer,WeightedVCRepairer,models/tax_mst.pkl,50000,42,0.5,0.5,20,42,0.15,WeightedVCRepairer,SmartNoiseModelLoader,mst,1.120622158050537,1.1887781620025635,2.304811954498291,20699.275118112564,50000,8509,0.82982,0.5713460443606079,2.0472403965261234,0.06096833099423393,0.3001364416551815,0.3206778610074907,0.7263463711734056,0.7784370593353401,0.34576811913072175,0.5032122891060196,0.42694842535828226,0,6113613,0,0.05560913705330855,0.0,0.065422514180363,0.2011348677500522,0.82982,0.09019043264712025
tax,weighted_updated_alpha_v4_tax_mst_a0.2,3fc3dea9,2026-05-14T17:34:21.819795,FileLoader,SmartNoiseModelLoader,TopKObtainer,WeightedVCRepairer,models/tax_mst.pkl,50000,42,0.5,0.5,20,42,0.2,WeightedVCRepairer,SmartNoiseModelLoader,mst,1.757993459701538,1.3695650100708008,3.6486082077026367,20709.826961040497,50000,8282,0.83436,0.5713460443606079,2.091597688085237,0.06096833099423393,0.3101859094402668,0.3206778610074907,0.7263463711734056,0.7784370593353401,0.35030452740746665,0.47413967257053136,0.4508445760118411,0,6113613,0,0.052338011344290405,0.0,0.065422514180363,0.24726701752740224,0.83436,0.10049377190925277
tax,weighted_updated_alpha_v4_tax_mst_a0.25,9f933734,2026-05-14T23:34:44.018626,FileLoader,SmartNoiseModelLoader,TopKObtainer,WeightedVCRepairer,models/tax_mst.pkl,50000,42,0.5,0.5,20,42,0.25,WeightedVCRepairer,SmartNoiseModelLoader,mst,1.4146406650543213,1.5093591213226318,2.7848916053771973,20530.182100057602,50000,9577,0.80846,0.5713460443606079,2.0750201286482466,0.06096833099423393,0.2691404758420415,0.3206778610074907,0.7263463711734056,0.7784370593353401,0.3548789391045194,0.5466862017581582,0.5022332009880889,0,6113613,0,0.049066885635272256,0.0,0.065422514180363,0.2583927060012922,0.80846,0.07503694133505628
tax,weighted_updated_alpha_v4_tax_mst_a0.3,4f4bade7,2026-05-14T22:21:23.804403,FileLoader,SmartNoiseModelLoader,TopKObtainer,WeightedVCRepairer,models/tax_mst.pkl,50000,42,0.5,0.5,20,42,0.3,WeightedVCRepairer,SmartNoiseModelLoader,mst,1.437565803527832,1.1967358589172363,3.6155166625976562,15962.226263999939,50000,23138,0.53724,0.5713460443606079,2.23360885345637,0.06096833099423393,0.1750974877574846,0.3206778610074907,0.7263463711734056,0.7784370593353401,0.3436299266934024,0.7347361262513626,0.7219489754077867,0,6113613,0,0.0457957599262541,0.0,0.065422514180363,0.20010234047804018,0.53724,0.05561477211148595
tax,weighted_updated_alpha_v4_tax_mst_a0.35,97891562,2026-05-15T01:49:08.357498,FileLoader,SmartNoiseModelLoader,TopKObtainer,WeightedVCRepairer,models/tax_mst.pkl,50000,42,0.5,0.5,20,42,0.35,WeightedVCRepairer,SmartNoiseModelLoader,mst,1.4962365627288818,1.5295982360839844,2.8959579467773438,11746.68053817749,50000,24813,0.50374,0.5713460443606079,2.019201643080158,0.06096833099423393,0.15096904505649433,0.3206778610074907,0.7263463711734056,0.7784370593353401,0.3507415667410067,0.787092838355452,0.7615825424288186,0,6113613,0,0.04252463421723596,0.0,0.065422514180363,0.2101249157071931,0.50374,0.052024485703374056
tax,weighted_updated_alpha_v4_tax_mst_a0.4,55768325,2026-05-14T16:21:55.996252,FileLoader,SmartNoiseModelLoader,TopKObtainer,WeightedVCRepairer,models/tax_mst.pkl,50000,42,0.5,0.5,20,42,0.4,WeightedVCRepairer,SmartNoiseModelLoader,mst,2.0490810871124268,1.8632440567016602,3.7127697467803955,16149.16125035286,50000,24932,0.50136,0.5713460443606079,2.024657197969624,0.06096833099423393,0.1501186020360208,0.3206778610074907,0.7263463711734056,0.7784370593353401,0.35081757358162236,0.7873558620275825,0.770006300567051,0,6113613,0,0.0392535085082178,0.0,0.065422514180363,0.23235751223494755,0.50136,0.053022520391579196
tax,weighted_updated_alpha_v4_tax_mst_a0.45,f754551c,2026-05-14T16:22:03.650372,FileLoader,SmartNoiseModelLoader,TopKObtainer,WeightedVCRepairer,models/tax_mst.pkl,50000,42,0.5,0.5,20,42,0.45,WeightedVCRepairer,SmartNoiseModelLoader,mst,2.0475568771362305,1.8683645725250244,3.7101752758026123,16189.600670576096,50000,24706,0.50588,0.5713460443606079,2.013566741081034,0.06096833099423393,0.15064178441044354,0.3206778610074907,0.7263463711734056,0.7784370593353401,0.3517856607094639,0.7916242461821564,0.7702103189287036,0,6113613,0,0.03598238279919966,0.0,0.065422514180363,0.25538839829167115,0.50588,0.050440724166674764
tax,weighted_updated_alpha_v4_tax_mst_a0.5,246d8695,2026-05-14T21:09:13.860955,FileLoader,SmartNoiseModelLoader,TopKObtainer,WeightedVCRepairer,models/tax_mst.pkl,50000,42,0.5,0.5,20,42,0.5,WeightedVCRepairer,SmartNoiseModelLoader,mst,1.3478682041168213,1.4778130054473877,2.9517524242401123,15615.854279994965,50000,24713,0.50574,0.5713460443606079,2.0133229056881925,0.06096833099423393,0.1503586165900913,0.3206778610074907,0.7263463711734056,0.7784370593353401,0.35310077907011633,0.7904421397925814,0.7805952535728216,0,6113613,0,0.0327112570901815,0.0,0.065422514180363,0.278008446954683,0.50574,0.05027689390936605
tax,weighted_updated_alpha_v4_tax_mst_a0.55,8fb85760,2026-05-14T21:06:53.695833,FileLoader,SmartNoiseModelLoader,TopKObtainer,WeightedVCRepairer,models/tax_mst.pkl,50000,42,0.5,0.5,20,42,0.55,WeightedVCRepairer,SmartNoiseModelLoader,mst,1.4418199062347412,1.2841346263885498,3.5025689601898193,15589.808564901352,50000,24755,0.5049,0.5713460443606079,2.0140326976337564,0.06096833099423393,0.15005286024677345,0.3206778610074907,0.7263463711734056,0.7784370593353401,0.35260873478613075,0.7874508705783521,0.7619565760918483,0,6113613,0,0.02944013138116335,0.0,0.065422514180363,0.3004280250461229,0.5049,0.05051783343582868
tax,weighted_updated_alpha_v4_tax_mst_a0.6,448085fc,2026-05-15T00:02:54.991626,FileLoader,SmartNoiseModelLoader,TopKObtainer,WeightedVCRepairer,models/tax_mst.pkl,50000,42,0.5,0.5,20,42,0.6,WeightedVCRepairer,SmartNoiseModelLoader,mst,2.5034422874450684,1.8736693859100342,4.8150880336761475,9826.471055746078,50000,25816,0.48368,0.5713460443606079,2.026069311064451,0.06096833099423393,0.1446921177223686,0.3206778610074907,0.7263463711734056,0.7784370593353401,0.35207568681181306,0.7902041183706534,0.7702993269394246,0,6113613,0,0.026169005672145203,0.0,0.065422514180363,0.3107950023249405,0.48368,0.05146750581235131
tax,weighted_updated_alpha_v4_tax_mst_a0.65,130e91b0,2026-05-14T15:29:51.054865,FileLoader,SmartNoiseModelLoader,TopKObtainer,WeightedVCRepairer,models/tax_mst.pkl,50000,42,0.5,0.5,20,42,0.65,WeightedVCRepairer,SmartNoiseModelLoader,mst,2.038658380508423,1.937870979309082,3.7583305835723877,13329.13498711586,50000,27831,0.44338,0.5713460443606079,2.0582784702144683,0.06096833099423393,0.13453451570844827,0.3206778610074907,0.7263463711734056,0.7784370593353401,0.3511336020241822,0.7964246782210399,0.7793661429528658,0,6113613,0,0.02289787996312705,0.0,0.065422514180363,0.3071494308030904,0.44338,0.054149802294543914
tax,weighted_updated_alpha_v4_tax_mst_a0.7,966911e0,2026-05-14T14:25:43.473542,FileLoader,SmartNoiseModelLoader,TopKObtainer,WeightedVCRepairer,models/tax_mst.pkl,50000,42,0.5,0.5,20,42,0.7,WeightedVCRepairer,SmartNoiseModelLoader,mst,2.0479140281677246,1.962925910949707,3.7243731021881104,9396.750930070877,50000,31199,0.37602,0.5713460443606079,2.210487749452817,0.06096833099423393,0.15296966196171413,0.3206778610074907,0.7263463711734056,0.7784370593353401,0.3541658749287436,0.8117280555249973,0.799056915122361,0,6113613,0,0.019626754254108904,0.0,0.065422514180363,0.29025552710752867,0.37602,0.09013842369176221
tax,weighted_updated_alpha_v4_tax_mst_a0.75,64a9f24d,2026-05-14T17:11:05.869721,FileLoader,SmartNoiseModelLoader,TopKObtainer,WeightedVCRepairer,models/tax_mst.pkl,50000,42,0.5,0.5,20,42,0.75,WeightedVCRepairer,SmartNoiseModelLoader,mst,1.4324026107788086,1.5026485919952393,2.7920024394989014,8643.99620294571,50000,32354,0.35292,0.5713460443606079,2.2565829146129404,0.06096833099423393,0.15968113018092064,0.3206778610074907,0.7263463711734056,0.7784370593353401,0.3514446300167015,0.8169155223970157,0.7989989099018912,0,6113613,0,0.01635562854509075,0.0,0.065422514180363,0.2898939630927252,0.35292,0.10081585237090093
tax,weighted_updated_alpha_v4_tax_mst_a0.8,60d31722,2026-05-14T18:16:13.585621,FileLoader,SmartNoiseModelLoader,TopKObtainer,WeightedVCRepairer,models/tax_mst.pkl,50000,42,0.5,0.5,20,42,0.8,WeightedVCRepairer,SmartNoiseModelLoader,mst,1.3623242378234863,1.391568899154663,2.7014553546905518,8656.416974306107,50000,32387,0.35226,0.5713460443606079,2.2578692563758858,0.06096833099423393,0.1596348249679801,0.3206778610074907,0.7263463711734056,0.7784370593353401,0.35167365062855654,0.8177185946735206,0.80996789711074,0,6113613,0,0.013084502836072598,0.0,0.065422514180363,0.3020243708495266,0.35226,0.10108185424763316
tax,weighted_updated_alpha_v4_tax_mst_a0.85,81c4c4e4,2026-05-14T19:19:08.467748,FileLoader,SmartNoiseModelLoader,TopKObtainer,WeightedVCRepairer,models/tax_mst.pkl,50000,42,0.5,0.5,20,42,0.85,WeightedVCRepairer,SmartNoiseModelLoader,mst,1.4015157222747803,1.47918701171875,2.7616426944732666,6936.312280893326,50000,32436,0.35128,0.5713460443606079,2.2595333599440326,0.06096833099423393,0.15944829030481533,0.3206778610074907,0.7263463711734056,0.7784370593353401,0.35162764648818395,0.8183336500285026,0.8054494904541408,0,6113613,0,0.009813377127054452,0.0,0.065422514180363,0.31379572497669334,0.35128,0.10138483317795562
tax,weighted_updated_alpha_v4_tax_mst_a0.9,723e92ce,2026-05-14T14:16:23.863713,FileLoader,SmartNoiseModelLoader,TopKObtainer,WeightedVCRepairer,models/tax_mst.pkl,50000,42,0.5,0.5,20,42,0.9,WeightedVCRepairer,SmartNoiseModelLoader,mst,2.024207353591919,1.930732250213623,3.917585611343384,8829.489427089691,50000,32478,0.35044,0.5713460443606079,2.2609951277575764,0.06096833099423393,0.15932618959585773,0.3206778610074907,0.7263463711734056,0.7784370593353401,0.3526297366763009,0.8178056025042254,0.7957066135952235,0,6113613,0,0.006542251418036299,0.0,0.065422514180363,0.3255624035238683,0.35044,0.10166403523868295
tax,weighted_updated_alpha_v4_tax_mst_a0.95,3201d53e,2026-05-14T13:59:30.358952,FileLoader,SmartNoiseModelLoader,TopKObtainer,WeightedVCRepairer,models/tax_mst.pkl,50000,42,0.5,0.5,20,42,0.95,WeightedVCRepairer,SmartNoiseModelLoader,mst,2.03688645362854,1.9268441200256348,3.913386821746826,7735.959499835968,50000,33141,0.33718,0.5713460443606079,0.716803093720417,0.06096833099423393,0.15045423208161557,0.3206778610074907,0.7263463711734056,0.7784370593353401,0.3514426298366853,0.8165134862137592,0.808934804132372,0,6113613,0,0.003271125709018153,0.0,0.065422514180363,0.3254080776175302,0.33718,0.10174155235060527
tax,weighted_updated_alpha_v4_tax_mst_a1.0,e523843a,2026-05-14T16:27:18.828016,FileLoader,SmartNoiseModelLoader,TopKObtainer,WeightedVCRepairer,models/tax_mst.pkl,50000,42,0.5,0.5,20,42,1.0,WeightedVCRepairer,SmartNoiseModelLoader,mst,2.4155313968658447,2.0272531509399414,4.55977463722229,7601.700011014938,50000,33408,0.33184,0.5713460443606079,0.7240788754787288,0.06096833099423393,0.1466431257562116,0.3206778610074907,0.7263463711734056,0.7784370593353401,0.35211269014211277,0.8151683651528637,0.800467042033783,0,6113613,0,0.0,0.0,0.065422514180363,0.33184,0.33184,0.10183928477423272
tax,weighted_updated_eps_v4_tax_aim_eps0.001_a0.5,703f6f7a,2026-05-15T04:35:37.324070,FileLoader,SmartNoiseModelLoader,TopKObtainer,WeightedVCRepairer,models/tax_aim_eps0.001.pkl,50000,42,0.5,0.5,20,42,0.5,WeightedVCRepairer,SmartNoiseModelLoader,aim,1.4172494411468506,1.230569839477539,2.9674627780914307,50986.645104169846,50000,216,0.99568,12.073826591122039,0.4309056297133691,0.3788231798528534,0.39399366956400567,0.03628726585392685,0.018250642557830203,0.0347111240011601,0.13574721724955247,0.11692652338710484,0.0706393575421788,0,20627835,0,0.11558272045115206,0.0,0.23116544090230412,0.5232935878472466,0.99568,0.050907175694493136
tax,weighted_updated_eps_v4_tax_aim_eps0.1_a0.5,742bb821,2026-05-14T21:11:45.793687,FileLoader,SmartNoiseModelLoader,TopKObtainer,WeightedVCRepairer,models/tax_aim_eps0.1.pkl,50000,42,0.5,0.5,20,42,0.5,WeightedVCRepairer,SmartNoiseModelLoader,aim,1.4749789237976074,3.0395407676696777,2.743790626525879,16109.029560089111,50000,1493,0.97014,0.19274799249523467,1.3332801250583723,0.029633110729965703,0.3168865447573991,0.3330929783680531,0.73183086477783,0.7769189227030433,0.3243621925973338,0.6195647608284746,0.5283375503795341,0,4553474,0,0.001622691697703331,0.0,0.003245383395406662,0.5114189363327108,0.97014,0.0526978726654216
tax,weighted_updated_eps_v4_tax_aim_eps0.2_a0.5,dbb7c95c,2026-05-14T12:44:07.505873,FileLoader,SmartNoiseModelLoader,TopKObtainer,WeightedVCRepairer,models/tax_aim_eps0.2.pkl,50000,42,0.5,0.5,20,42,0.5,WeightedVCRepairer,SmartNoiseModelLoader,aim,2.048969268798828,3.7382380962371826,3.6161680221557617,3340.732769012451,50000,37590,0.2482,0.07333003761154808,0.13193803682932942,0.01827597517109873,0.07936972782074343,0.33850846576191856,0.7980208218739686,0.8137102339210529,0.3547149243431909,0.8719314738326449,0.8572491524237181,0,3100885,0,0.0011217686927091728,0.0,0.0022435373854183456,0.1315358258877626,0.2482,0.014871651775525196
tax,weighted_updated_eps_v4_tax_aim_eps0.3_a0.5,0e1d1591,2026-05-14T12:21:15.820072,FileLoader,SmartNoiseModelLoader,TopKObtainer,WeightedVCRepairer,models/tax_aim_eps0.3.pkl,50000,42,0.5,0.5,20,42,0.5,WeightedVCRepairer,SmartNoiseModelLoader,aim,2.043088912963867,3.964655637741089,3.7454633712768555,2054.683616876602,50000,38406,0.23188,0.04752640971934189,0.19802860143752515,0.01338214023706578,0.07849875685898992,0.34311087997919815,0.8069986298766889,0.8259363342700843,0.35150163514716326,0.8683801542138793,0.8579212129091618,0,2415510,0,0.0006053276076940684,0.0,0.0012106552153881367,0.12253488314028538,0.23188,0.013189766280570758
tax,weighted_updated_eps_v4_tax_aim_eps0.4_a0.5,961617fb,2026-05-14T13:26:32.368224,FileLoader,SmartNoiseModelLoader,TopKObtainer,WeightedVCRepairer,models/tax_aim_eps0.4.pkl,50000,42,0.5,0.5,20,42,0.5,WeightedVCRepairer,SmartNoiseModelLoader,aim,1.4686334133148193,3.384432315826416,3.3579611778259277,2417.0652277469635,50000,38873,0.22254,0.0166303435915135,0.09422146778545736,0.012450357054357113,0.07793187513565127,0.35580202218199636,0.8102699242931863,0.8292106289566061,0.3499034913142183,0.8533097978818094,0.8404946445180066,0,2234727,0,0.000783051513310824,0.0,0.001566103026621648,0.11615729742277185,0.22254,0.00977459484554371
tax,weighted_updated_eps_v4_tax_aim_eps0.5_a0.5,3474cbe9,2026-05-14T13:39:29.721103,FileLoader,SmartNoiseModelLoader,TopKObtainer,WeightedVCRepairer,models/tax_aim_eps0.5.pkl,50000,42,0.5,0.5,20,42,0.5,WeightedVCRepairer,SmartNoiseModelLoader,aim,1.4734296798706055,8.650152206420898,3.169971466064453,1786.1318352222443,50000,39621,0.20758,0.04394655220818375,0.14002649843968912,0.009976615034241973,0.07700752954918942,0.35672810552949763,0.8284825634307088,0.8411317018531668,0.3681931373823644,0.8718644678021021,0.8518636677300957,0,1889703,0,0.0004508955832795685,0.0,0.000901791166559137,0.10754940186612089,0.20758,0.007518803732241777
tax,weighted_updated_eps_v4_tax_aim_eps0.6_a0.5,76b425d6,2026-05-14T13:59:51.468993,FileLoader,SmartNoiseModelLoader,TopKObtainer,WeightedVCRepairer,models/tax_aim_eps0.6.pkl,50000,42,0.5,0.5,20,42,0.5,WeightedVCRepairer,SmartNoiseModelLoader,aim,2.127016544342041,17.861947059631348,5.719027996063232,1210.0231611728668,50000,40359,0.19282,0.014981085197330879,0.06066638431402076,0.008771764464357349,0.06239435795018305,0.35311978078027023,0.8384554609914893,0.8427758498264843,0.35774419697772797,0.8848336350271524,0.8738616475482793,0,1576336,0,0.0006581138976956976,0.0,0.0013162277953913952,0.10063340757232224,0.19282,0.008446815144644489
tax,weighted_updated_eps_v4_tax_aim_eps0.7_a0.5,36741d42,2026-05-14T12:14:47.894726,FileLoader,SmartNoiseModelLoader,TopKObtainer,WeightedVCRepairer,models/tax_aim_eps0.7.pkl,50000,42,0.5,0.5,20,42,0.5,WeightedVCRepairer,SmartNoiseModelLoader,aim,1.8386032581329346,5.309366226196289,3.323942184448242,1350.3632559776306,50000,40274,0.19452,0.011882040123723379,0.04680890075691706,0.010209759656146832,0.06906144332643754,0.3498764888839996,0.836070246322169,0.8455500995089558,0.36149753477813,0.8776859917392565,0.8638147433268994,0,1637382,0,0.0007123926085971406,0.0,0.0014247852171942813,0.10350373468754831,0.19452,0.012487469375096608
tax,weighted_updated_eps_v4_tax_aim_eps0.8_a0.5,8305cfe8,2026-05-14T12:22:24.164766,FileLoader,SmartNoiseModelLoader,TopKObtainer,WeightedVCRepairer,models/tax_aim_eps0.8.pkl,50000,42,0.5,0.5,20,42,0.5,WeightedVCRepairer,SmartNoiseModelLoader,aim,1.6647553443908691,3.0763914585113525,3.3111002445220947,1771.8122639656067,50000,39961,0.20078,0.01577559471105895,0.05744368027192661,0.01122099328383999,0.06581211798967342,0.35012251102599234,0.8244361992579332,0.833996059645368,0.3650008500765069,0.8841335720214819,0.8662309607864708,0,1818223,0,0.0007182634443108097,0.0,0.0014365268886216195,0.1051355044179076,0.20078,0.009491008835815228
tax,weighted_updated_eps_v4_tax_aim_eps0.9_a0.5,d9be51f6,2026-05-14T13:03:35.333541,FileLoader,SmartNoiseModelLoader,TopKObtainer,WeightedVCRepairer,models/tax_aim_eps0.9.pkl,50000,42,0.5,0.5,20,42,0.5,WeightedVCRepairer,SmartNoiseModelLoader,aim,2.2374792098999023,6.851170063018799,5.078064441680908,1395.9865016937256,50000,40543,0.18914,0.015329273898823015,0.04861559442371741,0.009130408736786307,0.06485088785742595,0.3515636407276655,0.8395205568501165,0.8488413957256153,0.36299366943024874,0.882020381834365,0.8695802622236001,0,1558383,0,0.00050285210112634,0.0,0.00100570420225268,0.10042458020226953,0.18914,0.011709160404539058
tax,weighted_updated_eps_v4_tax_aim_eps1.0_a0.5,c1c1ffc6,2026-05-14T13:18:25.786861,FileLoader,SmartNoiseModelLoader,TopKObtainer,WeightedVCRepairer,models/tax_aim_eps1.0.pkl,50000,42,0.5,0.5,20,42,0.5,WeightedVCRepairer,SmartNoiseModelLoader,aim,1.443673849105835,6.477883577346802,3.26574969291687,1690.9433958530426,50000,39872,0.20256,0.03860582378433687,0.050780077099327005,0.008423747598394966,0.06482488390821367,0.354149873488614,0.8436329269634267,0.8435019151723655,0.3645088057925213,0.8758378254042863,0.8676300867078037,0,1429640,0,0.00046131103737642585,0.0,0.0009226220747528517,0.1041765887624605,0.20256,0.005793177524921014
tax,weighted_updated_eps_v4_tax_mst_eps0.001_a0.5,264974a2,2026-05-15T00:29:05.449893,FileLoader,SmartNoiseModelLoader,TopKObtainer,WeightedVCRepairer,models/tax_mst_eps0.001.pkl,50000,42,0.5,0.5,20,42,0.5,WeightedVCRepairer,SmartNoiseModelLoader,mst,2.308256149291992,1.6102230548858643,4.715240716934204,40544.49176073074,50000,80,0.9984,3.7280285029463087,125035.11569918653,0.2066494131360711,0.4518153474090447,0.2114070266323969,0.06978428058525267,0.2114070266323969,0.15754017861607544,0.12346511186006741,0.09528457561180506,0,17311914,0,0.045930348378186894,0.0,0.09186069675637379,0.5421894037382589,0.9984,0.08597880747651786
tax,weighted_updated_eps_v4_tax_mst_eps0.1_a0.5,cc049e7a,2026-05-14T18:00:01.069361,FileLoader,SmartNoiseModelLoader,TopKObtainer,WeightedVCRepairer,models/tax_mst_eps0.1.pkl,50000,42,0.5,0.5,20,42,0.5,WeightedVCRepairer,SmartNoiseModelLoader,mst,2.0447535514831543,1.8232557773590088,3.685879945755005,22603.300211906433,50000,1734,0.96532,0.5578656557418362,4.280243410499522,0.06950236701858724,0.5306265080517505,0.31734556110049905,0.7113140182616435,0.768259143322899,0.27415867428068524,0.3911252012681141,0.3236191257213149,0,6653650,0,0.031728137836464484,0.0,0.06345627567292897,0.6336113310313896,0.96532,0.30190266206277905
tax,weighted_updated_eps_v4_tax_mst_eps0.2_a0.5,edebde58,2026-05-14T17:39:00.536805,FileLoader,SmartNoiseModelLoader,TopKObtainer,WeightedVCRepairer,models/tax_mst_eps0.2.pkl,50000,42,0.5,0.5,20,42,0.5,WeightedVCRepairer,SmartNoiseModelLoader,mst,2.046926498413086,1.8210437297821045,3.6918883323669434,21299.381284713745,50000,2696,0.94608,0.57875413944204,3.721049511059623,0.06460344077078047,0.5000101577308789,0.31973577621985977,0.7242171795461592,0.7734896140652658,0.293457411167005,0.47934614115270374,0.376121850966587,0,6299181,0,0.03254578005261274,0.0,0.06509156010522547,0.6107279566222586,0.94608,0.2753759132445172
tax,weighted_updated_eps_v4_tax_mst_eps0.3_a0.5,b07207f4,2026-05-14T23:41:51.775646,FileLoader,SmartNoiseModelLoader,TopKObtainer,WeightedVCRepairer,models/tax_mst_eps0.3.pkl,50000,42,0.5,0.5,20,42,0.5,WeightedVCRepairer,SmartNoiseModelLoader,mst,1.438917636871338,1.3610548973083496,2.9638049602508545,20602.696163654327,50000,2505,0.9499,0.5775237966812492,7.992537758378168,0.06287620328051746,0.5061500194587262,0.3191537238351452,0.7272234501105099,0.7732165894930544,0.2854536908321749,0.45210368933203987,0.37054134872138494,0,6223897,0,0.03269466944658975,0.0,0.0653893388931795,0.6143991774306217,0.9499,0.27889835486124337
tax,weighted_updated_eps_v4_tax_mst_eps0.4_a0.5,0e0536e4,2026-05-14T23:56:35.795689,FileLoader,SmartNoiseModelLoader,TopKObtainer,WeightedVCRepairer,models/tax_mst_eps0.4.pkl,50000,42,0.5,0.5,20,42,0.5,WeightedVCRepairer,SmartNoiseModelLoader,mst,1.34842848777771,1.4554369449615479,2.68850040435791,20116.61068558693,50000,3109,0.93782,0.5790851890405865,5.318905252621348,0.06166145433644584,0.5174499562131527,0.3215419387744897,0.7250082507425668,0.7807942714844336,0.2914192277304957,0.4701903171285416,0.3651188606974628,0,6165906,0,0.032587571294806605,0.0,0.06517514258961321,0.6124187219417514,0.93782,0.2870174438835029
tax,weighted_updated_eps_v4_tax_mst_eps0.5_a0.5,7a98398f,2026-05-15T02:44:23.422357,FileLoader,SmartNoiseModelLoader,TopKObtainer,WeightedVCRepairer,models/tax_mst_eps0.5.pkl,50000,42,0.5,0.5,20,42,0.5,WeightedVCRepairer,SmartNoiseModelLoader,mst,2.2700443267822266,2.0025346279144287,4.979698419570923,10264.702681064606,50000,24497,0.51006,0.5704487775651136,6.721444707310144,0.061465577085271006,0.1516038072866444,0.31927573481613347,0.7254702923263093,0.7778540068606175,0.35575301777159946,0.7808632776949925,0.7584732625936335,0,6121965,0,0.03270429481476371,0.0,0.06540858962952742,0.2813075472609742,0.51006,0.0525550945219484
tax,weighted_updated_eps_v4_tax_mst_eps0.6_a0.5,916f7b4d,2026-05-14T17:35:06.203544,FileLoader,SmartNoiseModelLoader,TopKObtainer,WeightedVCRepairer,models/tax_mst_eps0.6.pkl,50000,42,0.5,0.5,20,42,0.5,WeightedVCRepairer,SmartNoiseModelLoader,mst,1.814631462097168,1.7619962692260742,3.0455052852630615,20751.503722906113,50000,3170,0.9366,0.5840632513604147,12.535848506768954,0.06126669928626909,0.5019983546679033,0.32027282455420986,0.7333239991599244,0.7815143362902661,0.29454450900581053,0.4533778040023602,0.38597673790641157,0,6136031,0,0.0328109013712969,0.0,0.0656218027425938,0.6065183855984262,0.9366,0.2764367711968525
tax,weighted_updated_eps_v4_tax_mst_eps0.7_a0.5,14d2bde1,2026-05-14T17:35:18.489436,FileLoader,SmartNoiseModelLoader,TopKObtainer,WeightedVCRepairer,models/tax_mst_eps0.7.pkl,50000,42,0.5,0.5,20,42,0.5,WeightedVCRepairer,SmartNoiseModelLoader,mst,1.7332262992858887,1.2255516052246094,3.0554118156433105,20768.043525218964,50000,3089,0.93822,0.5801093822601391,3.795602918233979,0.06081568301702708,0.5050119151204167,0.3217989619065716,0.7330279725175266,0.785841725755318,0.30144913042173793,0.4858597273754638,0.3891600244021962,0,6136843,0,0.032659025666713866,0.0,0.06531805133342773,0.6057254405346324,0.93822,0.27323088106926485
tax,weighted_updated_eps_v4_tax_mst_eps0.8_a0.5,84313b22,2026-05-14T23:34:45.454142,FileLoader,SmartNoiseModelLoader,TopKObtainer,WeightedVCRepairer,models/tax_mst_eps0.8.pkl,50000,42,0.5,0.5,20,42,0.5,WeightedVCRepairer,SmartNoiseModelLoader,mst,1.6104328632354736,1.1640098094940186,2.9998011589050293,20379.86757326126,50000,3469,0.93062,0.5654507827981793,3.661862513911882,0.060920131606289014,0.5079678718841013,0.32148493364402797,0.7320668860197418,0.7889920092808352,0.302879259133322,0.4530717764598814,0.38771189407046636,0,6113531,0,0.03236616178593475,0.0,0.0647323235718695,0.6013660583395035,0.93062,0.2721121166790071
tax,weighted_updated_eps_v4_tax_mst_eps0.9_a0.5,47d25576,2026-05-14T23:22:16.127003,FileLoader,SmartNoiseModelLoader,TopKObtainer,WeightedVCRepairer,models/tax_mst_eps0.9.pkl,50000,42,0.5,0.5,20,42,0.5,WeightedVCRepairer,SmartNoiseModelLoader,mst,1.8020236492156982,1.203810214996338,2.936962127685547,19657.97408437729,50000,3964,0.92072,0.592691075149341,5.944463993253971,0.06097501452908538,0.518684027271054,0.32033182986468783,0.7343400906081547,0.7799731975877829,0.2958946305167465,0.4471642447820304,0.39428748587372864,0,6088515,0,0.03305764661311407,0.0,0.06611529322622814,0.6050807964617518,0.92072,0.2894415929235037
tax,weighted_updated_eps_v4_tax_mst_eps1.0_a0.5,bcea3056,2026-05-15T03:10:54.814382,FileLoader,SmartNoiseModelLoader,TopKObtainer,WeightedVCRepairer,models/tax_mst_eps1.0.pkl,50000,42,0.5,0.5,20,42,0.5,WeightedVCRepairer,SmartNoiseModelLoader,mst,2.384511947631836,2.065314769744873,4.864937782287598,13055.510647535324,50000,3173,0.93654,0.5763230131482876,3.9805024054608227,0.06080664909286279,0.4988522924761867,0.3219829784680621,0.7292046284165575,0.7866207958716285,0.29132121890970186,0.48925503295296574,0.3895930633757038,0,6143183,0,0.032758490733296654,0.0,0.06551698146659331,0.6044822636611252,0.93654,0.2724245273222504
