{
    "runtimes": {
        "loading": 0.18309640884399414,
        "synthesizing": 0.16610288619995117,
        "marginals_obtaining": 0.7018606662750244,
        "repairing": 419.5335683822632
    },
    "deletion_ratio": {
        "before": 60798,
        "after": 60561,
        "ratio": 0.0038981545445573866
    },
    "marginals_error": {
        "synthetic_avg": 0.020269200357816784,
        "repaired_avg": 0.003996089616418657
    },
    "tvd_2way": {
        "synthetic_avg": 0.0003190410675273768,
        "repaired_avg": 0.00034153443289427056
    },
    "ml_accuracy": {
        "private_gold_standard": {
            "logistic_regression": 0.767443007993684,
            "random_forest": 0.81672094476792,
            "mlp": 0.7838251258265074
        },
        "synthetic": {
            "logistic_regression": 0.7675252475410376,
            "random_forest": 0.8166387052205665,
            "mlp": 0.7826573242540873
        },
        "repaired": {
            "logistic_regression": 0.7674759038126254,
            "random_forest": 0.8166058094016251,
            "mlp": 0.7887923944866607
        }
    },
    "violations": {
        "private": 0,
        "synthetic": 6490742,
        "repaired": 0
    },
    "loss_function": {
        "synthetic": {
            "total": 0.000327106507865358,
            "size_component": 0.0,
            "marginal_component": 0.000654213015730716
        },
        "repaired": {
            "total": 0.0020096090383824043,
            "size_component": 0.0038981545445573866,
            "marginal_component": 0.00012106353220742234
        }
    },
    "dataset_name": "compas",
    "timestamp": "2026-05-03T16:32:27.348935",
    "experiment_id": "60512c35",
    "experiment_name": "grid_compas_ilp_no_marginals",
    "metadata": {
        "loader": "FileLoader",
        "synthesizer": "CoNoise",
        "obtainer": "TopKObtainer",
        "repairer": "ILPRepairer",
        "synthesizer_params": {
            "num_of_iterations": 200,
            "seed": 43
        },
        "obtainer_params": {
            "selection_budget": 0.5,
            "generation_budget": 0.5,
            "k": 20,
            "utility_function": {}
        },
        "repairer_params": {
            "alpha": 0.5,
            "gurobi_params": {},
            "use_marginals": false
        }
    }
}