{
    "runtimes": {
        "loading": 0.17141127586364746,
        "synthesizing": 0.03553438186645508,
        "marginals_obtaining": 0.7182724475860596,
        "repairing": 88.61484885215759
    },
    "deletion_ratio": {
        "before": 60798,
        "after": 60736,
        "ratio": 0.0010197703871837889
    },
    "marginals_error": {
        "synthetic_avg": 0.2995590273687904,
        "repaired_avg": 0.29906722291762966
    },
    "tvd_2way": {
        "synthetic_avg": 8.586776267795574e-05,
        "repaired_avg": 0.0001246703356021135
    },
    "ml_accuracy": {
        "private_gold_standard": {
            "logistic_regression": 0.767443007993684,
            "random_forest": 0.81672094476792,
            "mlp": 0.7838251258265074
        },
        "synthetic": {
            "logistic_regression": 0.7672949768084476,
            "random_forest": 0.8166716010395079,
            "mlp": 0.7834961676370933
        },
        "repaired": {
            "logistic_regression": 0.7673278726273891,
            "random_forest": 0.8166222573110957,
            "mlp": 0.7821803348794368
        }
    },
    "violations": {
        "private": 0,
        "synthetic": 1738606,
        "repaired": 0
    },
    "loss_function": {
        "synthetic": {
            "total": 2.5330025584905735e-05,
            "size_component": 0.0,
            "marginal_component": 5.066005116981147e-05
        },
        "repaired": {
            "total": 0.0005329118985772329,
            "size_component": 0.0010197703871837889,
            "marginal_component": 4.6053409970676955e-05
        }
    },
    "dataset_name": "compas",
    "timestamp": "2026-05-03T16:27:59.561964",
    "experiment_id": "74c88650",
    "experiment_name": "grid_compas_ilp_no_marginals",
    "metadata": {
        "loader": "FileLoader",
        "synthesizer": "CoNoise",
        "obtainer": "TopKObtainer",
        "repairer": "ILPRepairer",
        "synthesizer_params": {
            "num_of_iterations": 50,
            "seed": 44
        },
        "obtainer_params": {
            "selection_budget": 0.5,
            "generation_budget": 0.5,
            "k": 20,
            "utility_function": {}
        },
        "repairer_params": {
            "alpha": 0.5,
            "gurobi_params": {},
            "use_marginals": false
        }
    }
}