{
    "runtimes": {
        "loading": 0.2185359001159668,
        "synthesizing": 0.015350103378295898,
        "marginals_obtaining": 0.8908751010894775,
        "repairing": 16.22533392906189
    },
    "deletion_ratio": {
        "before": 60798,
        "after": 60786,
        "ratio": 0.0001973749136484753
    },
    "marginals_error": {
        "synthetic_avg": 0.27708969849748843,
        "repaired_avg": 0.27698822182364224
    },
    "tvd_2way": {
        "synthetic_avg": 2.2494935011407978e-05,
        "repaired_avg": 5.958150798922532e-05
    },
    "ml_accuracy": {
        "private_gold_standard": {
            "logistic_regression": 0.767443007993684,
            "random_forest": 0.81672094476792,
            "mlp": 0.7838251258265074
        },
        "synthetic": {
            "logistic_regression": 0.7674759038126254,
            "random_forest": 0.8167044968584493,
            "mlp": 0.787262738905885
        },
        "repaired": {
            "logistic_regression": 0.767558143359979,
            "random_forest": 0.81672094476792,
            "mlp": 0.7864567913418204
        }
    },
    "violations": {
        "private": 0,
        "synthetic": 331286,
        "repaired": 0
    },
    "loss_function": {
        "synthetic": {
            "total": 2.4810585978724654e-05,
            "size_component": 0.0,
            "marginal_component": 4.962117195744931e-05
        },
        "repaired": {
            "total": 0.0001229673343636677,
            "size_component": 0.0001973749136484753,
            "marginal_component": 4.855975507886011e-05
        }
    },
    "dataset_name": "compas",
    "timestamp": "2026-05-03T16:26:26.838396",
    "experiment_id": "5e0b03cb",
    "experiment_name": "grid_compas_ilp_no_marginals",
    "metadata": {
        "loader": "FileLoader",
        "synthesizer": "CoNoise",
        "obtainer": "TopKObtainer",
        "repairer": "ILPRepairer",
        "synthesizer_params": {
            "num_of_iterations": 10,
            "seed": 44
        },
        "obtainer_params": {
            "selection_budget": 0.5,
            "generation_budget": 0.5,
            "k": 20,
            "utility_function": {}
        },
        "repairer_params": {
            "alpha": 0.5,
            "gurobi_params": {},
            "use_marginals": false
        }
    }
}