{
    "runtimes": {
        "loading": 0.21410155296325684,
        "synthesizing": 0.1893627643585205,
        "marginals_obtaining": 0.8017480373382568,
        "repairing": 449.8909168243408
    },
    "deletion_ratio": {
        "before": 60798,
        "after": 60566,
        "ratio": 0.003815914997203855
    },
    "marginals_error": {
        "synthetic_avg": 0.03812399694096722,
        "repaired_avg": 0.03274907055337097
    },
    "tvd_2way": {
        "synthetic_avg": 0.00031287310147586024,
        "repaired_avg": 0.0003209636274734331
    },
    "ml_accuracy": {
        "private_gold_standard": {
            "logistic_regression": 0.767443007993684,
            "random_forest": 0.81672094476792,
            "mlp": 0.7838251258265074
        },
        "synthetic": {
            "logistic_regression": 0.7673936642652719,
            "random_forest": 0.8166551531300372,
            "mlp": 0.7835455113655054
        },
        "repaired": {
            "logistic_regression": 0.7673114247179184,
            "random_forest": 0.8166716010395079,
            "mlp": 0.7893022796802527
        }
    },
    "violations": {
        "private": 0,
        "synthetic": 6758283,
        "repaired": 0
    },
    "loss_function": {
        "synthetic": {
            "total": 0.00026377424818205833,
            "size_component": 0.0,
            "marginal_component": 0.0005275484963641167
        },
        "repaired": {
            "total": 0.001963948085841294,
            "size_component": 0.003815914997203855,
            "marginal_component": 0.00011198117447873225
        }
    },
    "dataset_name": "compas",
    "timestamp": "2026-05-03T16:31:22.079523",
    "experiment_id": "50f15acc",
    "experiment_name": "grid_compas_ilp_no_marginals",
    "metadata": {
        "loader": "FileLoader",
        "synthesizer": "CoNoise",
        "obtainer": "TopKObtainer",
        "repairer": "ILPRepairer",
        "synthesizer_params": {
            "num_of_iterations": 200,
            "seed": 42
        },
        "obtainer_params": {
            "selection_budget": 0.5,
            "generation_budget": 0.5,
            "k": 20,
            "utility_function": {}
        },
        "repairer_params": {
            "alpha": 0.5,
            "gurobi_params": {},
            "use_marginals": false
        }
    }
}