{
    "runtimes": {
        "loading": 0.21461176872253418,
        "synthesizing": 0.4005565643310547,
        "marginals_obtaining": 0.8385128974914551,
        "repairing": 995.0061550140381
    },
    "deletion_ratio": {
        "before": 60798,
        "after": 57443,
        "ratio": 0.055182736274219546
    },
    "marginals_error": {
        "synthetic_avg": 0.02635527856039919,
        "repaired_avg": 0.2717813256569503
    },
    "tvd_2way": {
        "synthetic_avg": 0.0007406396882250383,
        "repaired_avg": 0.023088201064603395
    },
    "ml_accuracy": {
        "private_gold_standard": {
            "logistic_regression": 0.767443007993684,
            "random_forest": 0.81672094476792,
            "mlp": 0.7838251258265074
        },
        "synthetic": {
            "logistic_regression": 0.7679528931872759,
            "random_forest": 0.8164742261258594,
            "mlp": 0.7818349287805519
        },
        "repaired": {
            "logistic_regression": 0.7606335734728116,
            "random_forest": 0.8087601565840982,
            "mlp": 0.7828053554393236
        }
    },
    "violations": {
        "private": 0,
        "synthetic": 17152734,
        "repaired": 0
    },
    "loss_function": {
        "synthetic": {
            "total": 0.0007434950771742818,
            "size_component": 0.0,
            "marginal_component": 0.0014869901543485635
        },
        "repaired": {
            "total": 0.038352936269325524,
            "size_component": 0.055182736274219546,
            "marginal_component": 0.0215231362644315
        }
    },
    "dataset_name": "compas",
    "timestamp": "2026-05-03T16:45:08.801587",
    "experiment_id": "c9fee96f",
    "experiment_name": "grid_compas_ilp_no_marginals",
    "metadata": {
        "loader": "FileLoader",
        "synthesizer": "CoNoise",
        "obtainer": "TopKObtainer",
        "repairer": "ILPRepairer",
        "synthesizer_params": {
            "num_of_iterations": 500,
            "seed": 44
        },
        "obtainer_params": {
            "selection_budget": 0.5,
            "generation_budget": 0.5,
            "k": 20,
            "utility_function": {}
        },
        "repairer_params": {
            "alpha": 0.5,
            "gurobi_params": {},
            "use_marginals": false
        }
    }
}