{
    "runtimes": {
        "loading": 1.047511339187622,
        "synthesizing": 16.166531801223755,
        "marginals_obtaining": 2.9684817790985107,
        "repairing": 910.1302709579468
    },
    "deletion_ratio": {
        "before": 999910,
        "after": 998606,
        "ratio": 0.0013041173705633507
    },
    "marginals_error": {
        "synthetic_avg": 0.003271444403500389,
        "repaired_avg": 0.003933471277543857
    },
    "tvd_2way": {
        "synthetic_avg": 0.0001230110709963864,
        "repaired_avg": 0.00019030920581857626
    },
    "ml_accuracy": {
        "private_gold_standard": {
            "logistic_regression": 0.3857237151343621,
            "random_forest": 0.9506665599903992,
            "mlp": 0.9321608944805032
        },
        "synthetic": {
            "logistic_regression": 0.3849106419577762,
            "random_forest": 0.9506615595403586,
            "mlp": 0.9301807162644637
        },
        "repaired": {
            "logistic_regression": 0.38457461171505436,
            "random_forest": 0.9506615595403586,
            "mlp": 0.9359432348911402
        }
    },
    "violations": {
        "private": 0,
        "synthetic": 8326197,
        "repaired": 0
    },
    "loss_function": {
        "synthetic": {
            "total": 9.101331528127884e-06,
            "size_component": 0.0,
            "marginal_component": 1.8202663056255768e-05
        },
        "repaired": {
            "total": 0.0006601888838092918,
            "size_component": 0.0013041173705633507,
            "marginal_component": 1.6260397055232938e-05
        }
    },
    "dataset_name": "tax",
    "timestamp": "2026-05-03T19:47:46.246169",
    "experiment_id": "d0828796",
    "experiment_name": "grid_tax_classic_vc",
    "metadata": {
        "loader": "FileLoader",
        "synthesizer": "CoNoise",
        "obtainer": "TopKObtainer",
        "repairer": "ClassicVCRepairer",
        "synthesizer_params": {
            "num_of_iterations": 500,
            "seed": 43
        },
        "obtainer_params": {
            "selection_budget": 0.5,
            "generation_budget": 0.5,
            "k": 20,
            "utility_function": {}
        },
        "repairer_params": {}
    }
}