{
    "runtimes": {
        "loading": 1.0594444274902344,
        "synthesizing": 0.41973161697387695,
        "marginals_obtaining": 3.5542736053466797,
        "repairing": 288.9790027141571
    },
    "deletion_ratio": {
        "before": 999910,
        "after": 999884,
        "ratio": 2.6002340210618957e-05
    },
    "marginals_error": {
        "synthetic_avg": 0.011385633475732617,
        "repaired_avg": 0.01139863202115518
    },
    "tvd_2way": {
        "synthetic_avg": 3.944799476399882e-06,
        "repaired_avg": 1.4980846231256893e-05
    },
    "ml_accuracy": {
        "private_gold_standard": {
            "logistic_regression": 0.3857237151343621,
            "random_forest": 0.9506665599903992,
            "mlp": 0.9321608944805032
        },
        "synthetic": {
            "logistic_regression": 0.3844996049644468,
            "random_forest": 0.9506665599903992,
            "mlp": 0.9308407756698103
        },
        "repaired": {
            "logistic_regression": 0.38536768309147823,
            "random_forest": 0.9506615595403586,
            "mlp": 0.935742216799512
        }
    },
    "violations": {
        "private": 0,
        "synthetic": 197257,
        "repaired": 0
    },
    "loss_function": {
        "synthetic": {
            "total": 1.6085186012226136e-06,
            "size_component": 0.0,
            "marginal_component": 3.217037202445227e-06
        },
        "repaired": {
            "total": 1.46892211653804e-05,
            "size_component": 2.6002340210618957e-05,
            "marginal_component": 3.376102120141844e-06
        }
    },
    "dataset_name": "tax",
    "timestamp": "2026-05-03T19:28:20.910515",
    "experiment_id": "eff135f1",
    "experiment_name": "grid_tax_classic_vc",
    "metadata": {
        "loader": "FileLoader",
        "synthesizer": "CoNoise",
        "obtainer": "TopKObtainer",
        "repairer": "ClassicVCRepairer",
        "synthesizer_params": {
            "num_of_iterations": 10,
            "seed": 42
        },
        "obtainer_params": {
            "selection_budget": 0.5,
            "generation_budget": 0.5,
            "k": 20,
            "utility_function": {}
        },
        "repairer_params": {}
    }
}