{
    "runtimes": {
        "loading": 0.8553628921508789,
        "synthesizing": 0.36040258407592773,
        "marginals_obtaining": 2.925114631652832,
        "repairing": 280.0914685726166
    },
    "deletion_ratio": {
        "before": 999910,
        "after": 999884,
        "ratio": 2.6002340210618957e-05
    },
    "marginals_error": {
        "synthetic_avg": 0.02379902782028991,
        "repaired_avg": 0.02379221717328281
    },
    "tvd_2way": {
        "synthetic_avg": 3.4447544723484863e-06,
        "repaired_avg": 1.4812144091492193e-05
    },
    "ml_accuracy": {
        "private_gold_standard": {
            "logistic_regression": 0.3857237151343621,
            "random_forest": 0.9506665599903992,
            "mlp": 0.9321608944805032
        },
        "synthetic": {
            "logistic_regression": 0.38561870568351153,
            "random_forest": 0.9506665599903992,
            "mlp": 0.9338980508245742
        },
        "repaired": {
            "logistic_regression": 0.3836735306177556,
            "random_forest": 0.9506625596303667,
            "mlp": 0.934084067566081
        }
    },
    "violations": {
        "private": 0,
        "synthetic": 175951,
        "repaired": 0
    },
    "loss_function": {
        "synthetic": {
            "total": 1.5398565524341573e-06,
            "size_component": 0.0,
            "marginal_component": 3.0797131048683147e-06
        },
        "repaired": {
            "total": 1.4522309760808945e-05,
            "size_component": 2.6002340210618957e-05,
            "marginal_component": 3.042279310998934e-06
        }
    },
    "dataset_name": "tax",
    "timestamp": "2026-05-03T19:31:54.821914",
    "experiment_id": "dd43526a",
    "experiment_name": "grid_tax_classic_vc",
    "metadata": {
        "loader": "FileLoader",
        "synthesizer": "CoNoise",
        "obtainer": "TopKObtainer",
        "repairer": "ClassicVCRepairer",
        "synthesizer_params": {
            "num_of_iterations": 10,
            "seed": 44
        },
        "obtainer_params": {
            "selection_budget": 0.5,
            "generation_budget": 0.5,
            "k": 20,
            "utility_function": {}
        },
        "repairer_params": {}
    }
}