{
    "runtimes": {
        "loading": 1.0917069911956787,
        "synthesizing": 3.408158540725708,
        "marginals_obtaining": 2.949465751647949,
        "repairing": 294.36780166625977
    },
    "deletion_ratio": {
        "before": 999910,
        "after": 999648,
        "ratio": 0.000262023582122391
    },
    "marginals_error": {
        "synthetic_avg": 0.014737188095415696,
        "repaired_avg": 0.014701180537408714
    },
    "tvd_2way": {
        "synthetic_avg": 2.9641556628986366e-05,
        "repaired_avg": 6.711953676445833e-05
    },
    "ml_accuracy": {
        "private_gold_standard": {
            "logistic_regression": 0.3857237151343621,
            "random_forest": 0.9506665599903992,
            "mlp": 0.9321608944805032
        },
        "synthetic": {
            "logistic_regression": 0.3851876668900201,
            "random_forest": 0.9506665599903992,
            "mlp": 0.9320738866497985
        },
        "repaired": {
            "logistic_regression": 0.3841915772419518,
            "random_forest": 0.950665559900391,
            "mlp": 0.935166164954846
        }
    },
    "violations": {
        "private": 0,
        "synthetic": 1677714,
        "repaired": 0
    },
    "loss_function": {
        "synthetic": {
            "total": 1.5648588026367196e-06,
            "size_component": 0.0,
            "marginal_component": 3.1297176052734393e-06
        },
        "repaired": {
            "total": 0.00013263136199222967,
            "size_component": 0.000262023582122391,
            "marginal_component": 3.2391418620683387e-06
        }
    },
    "dataset_name": "tax",
    "timestamp": "2026-05-03T19:38:47.169981",
    "experiment_id": "c6d48c80",
    "experiment_name": "grid_tax_classic_vc",
    "metadata": {
        "loader": "FileLoader",
        "synthesizer": "CoNoise",
        "obtainer": "TopKObtainer",
        "repairer": "ClassicVCRepairer",
        "synthesizer_params": {
            "num_of_iterations": 100,
            "seed": 44
        },
        "obtainer_params": {
            "selection_budget": 0.5,
            "generation_budget": 0.5,
            "k": 20,
            "utility_function": {}
        },
        "repairer_params": {}
    }
}