{
    "runtimes": {
        "loading": 0.8337283134460449,
        "synthesizing": 0.35410141944885254,
        "marginals_obtaining": 2.8819611072540283,
        "repairing": 275.7932779788971
    },
    "deletion_ratio": {
        "before": 999910,
        "after": 999888,
        "ratio": 2.200198017821604e-05
    },
    "marginals_error": {
        "synthetic_avg": 0.01192000949334678,
        "repaired_avg": 0.011929015328873603
    },
    "tvd_2way": {
        "synthetic_avg": 3.5003150283528257e-06,
        "repaired_avg": 1.2770754508126877e-05
    },
    "ml_accuracy": {
        "private_gold_standard": {
            "logistic_regression": 0.3857237151343621,
            "random_forest": 0.9506665599903992,
            "mlp": 0.9321608944805032
        },
        "synthetic": {
            "logistic_regression": 0.38524367193047376,
            "random_forest": 0.9506665599903992,
            "mlp": 0.9322038983508516
        },
        "repaired": {
            "logistic_regression": 0.38378354051864666,
            "random_forest": 0.950665559900391,
            "mlp": 0.938463461711554
        }
    },
    "violations": {
        "private": 0,
        "synthetic": 146083,
        "repaired": 0
    },
    "loss_function": {
        "synthetic": {
            "total": 1.7784017541242616e-06,
            "size_component": 0.0,
            "marginal_component": 3.5568035082485233e-06
        },
        "repaired": {
            "total": 1.2798295461572885e-05,
            "size_component": 2.200198017821604e-05,
            "marginal_component": 3.5946107449297295e-06
        }
    },
    "dataset_name": "tax",
    "timestamp": "2026-05-03T19:31:02.687448",
    "experiment_id": "4afaf7bf",
    "experiment_name": "grid_tax_classic_vc",
    "metadata": {
        "loader": "FileLoader",
        "synthesizer": "CoNoise",
        "obtainer": "TopKObtainer",
        "repairer": "ClassicVCRepairer",
        "synthesizer_params": {
            "num_of_iterations": 10,
            "seed": 43
        },
        "obtainer_params": {
            "selection_budget": 0.5,
            "generation_budget": 0.5,
            "k": 20,
            "utility_function": {}
        },
        "repairer_params": {}
    }
}