{
    "runtimes": {
        "loading": 1.0495631694793701,
        "synthesizing": 6.687871217727661,
        "marginals_obtaining": 2.9959614276885986,
        "repairing": 356.9517915248871
    },
    "deletion_ratio": {
        "before": 999910,
        "after": 999374,
        "ratio": 0.0005360482443419908
    },
    "marginals_error": {
        "synthetic_avg": 0.016714130185868363,
        "repaired_avg": 0.01694225143650182
    },
    "tvd_2way": {
        "synthetic_avg": 5.497717016753413e-05,
        "repaired_avg": 0.00010355043411012447
    },
    "ml_accuracy": {
        "private_gold_standard": {
            "logistic_regression": 0.3857237151343621,
            "random_forest": 0.9506665599903992,
            "mlp": 0.9321608944805032
        },
        "synthetic": {
            "logistic_regression": 0.38371753457811203,
            "random_forest": 0.9506665599903992,
            "mlp": 0.9325509295836625
        },
        "repaired": {
            "logistic_regression": 0.38568271144402994,
            "random_forest": 0.9506605594503506,
            "mlp": 0.9329889690072106
        }
    },
    "violations": {
        "private": 0,
        "synthetic": 3398725,
        "repaired": 0
    },
    "loss_function": {
        "synthetic": {
            "total": 2.214917307902121e-06,
            "size_component": 0.0,
            "marginal_component": 4.429834615804242e-06
        },
        "repaired": {
            "total": 0.0002697342668969457,
            "size_component": 0.0005360482443419908,
            "marginal_component": 3.4202894519006553e-06
        }
    },
    "dataset_name": "tax",
    "timestamp": "2026-05-03T19:35:58.374547",
    "experiment_id": "89b92d23",
    "experiment_name": "grid_tax_classic_vc",
    "metadata": {
        "loader": "FileLoader",
        "synthesizer": "CoNoise",
        "obtainer": "TopKObtainer",
        "repairer": "ClassicVCRepairer",
        "synthesizer_params": {
            "num_of_iterations": 200,
            "seed": 44
        },
        "obtainer_params": {
            "selection_budget": 0.5,
            "generation_budget": 0.5,
            "k": 20,
            "utility_function": {}
        },
        "repairer_params": {}
    }
}