{
    "runtimes": {
        "loading": 1.0555953979492188,
        "synthesizing": 16.631478548049927,
        "marginals_obtaining": 2.954357862472534,
        "repairing": 996.7706897258759
    },
    "deletion_ratio": {
        "before": 999910,
        "after": 998562,
        "ratio": 0.0013481213309197828
    },
    "marginals_error": {
        "synthetic_avg": 0.006633247092696928,
        "repaired_avg": 0.006633012143779508
    },
    "tvd_2way": {
        "synthetic_avg": 0.0001192051729100066,
        "repaired_avg": 0.00017082261618299945
    },
    "ml_accuracy": {
        "private_gold_standard": {
            "logistic_regression": 0.3857237151343621,
            "random_forest": 0.9506665599903992,
            "mlp": 0.9321608944805032
        },
        "synthetic": {
            "logistic_regression": 0.3846386174755728,
            "random_forest": 0.9506665599903992,
            "mlp": 0.9321358922303007
        },
        "repaired": {
            "logistic_regression": 0.38493064375793823,
            "random_forest": 0.9506605594503506,
            "mlp": 0.9341760758468262
        }
    },
    "violations": {
        "private": 0,
        "synthetic": 8449643,
        "repaired": 0
    },
    "loss_function": {
        "synthetic": {
            "total": 1.1807729894124701e-05,
            "size_component": 0.0,
            "marginal_component": 2.3615459788249402e-05
        },
        "repaired": {
            "total": 0.0006791367389804006,
            "size_component": 0.0013481213309197828,
            "marginal_component": 1.0152147041018442e-05
        }
    },
    "dataset_name": "tax",
    "timestamp": "2026-05-03T19:44:18.464127",
    "experiment_id": "70829cdd",
    "experiment_name": "grid_tax_classic_vc",
    "metadata": {
        "loader": "FileLoader",
        "synthesizer": "CoNoise",
        "obtainer": "TopKObtainer",
        "repairer": "ClassicVCRepairer",
        "synthesizer_params": {
            "num_of_iterations": 500,
            "seed": 44
        },
        "obtainer_params": {
            "selection_budget": 0.5,
            "generation_budget": 0.5,
            "k": 20,
            "utility_function": {}
        },
        "repairer_params": {}
    }
}