{
    "runtimes": {
        "loading": 1.0610299110412598,
        "synthesizing": 6.878965139389038,
        "marginals_obtaining": 3.013226270675659,
        "repairing": 369.96408700942993
    },
    "deletion_ratio": {
        "before": 999910,
        "after": 999368,
        "ratio": 0.0005420487843905952
    },
    "marginals_error": {
        "synthetic_avg": 0.009064162985079383,
        "repaired_avg": 0.009211748374928268
    },
    "tvd_2way": {
        "synthetic_avg": 5.692178962773327e-05,
        "repaired_avg": 0.00011011094300440689
    },
    "ml_accuracy": {
        "private_gold_standard": {
            "logistic_regression": 0.3857237151343621,
            "random_forest": 0.9506665599903992,
            "mlp": 0.9321608944805032
        },
        "synthetic": {
            "logistic_regression": 0.3839965596903721,
            "random_forest": 0.950665559900391,
            "mlp": 0.932366913022172
        },
        "repaired": {
            "logistic_regression": 0.38431558840295627,
            "random_forest": 0.9506585592703344,
            "mlp": 0.9349941494734526
        }
    },
    "violations": {
        "private": 0,
        "synthetic": 3470578,
        "repaired": 0
    },
    "loss_function": {
        "synthetic": {
            "total": 3.466958069812382e-06,
            "size_component": 0.0,
            "marginal_component": 6.933916139624764e-06
        },
        "repaired": {
            "total": 0.00027353523869446577,
            "size_component": 0.0005420487843905952,
            "marginal_component": 5.0216929983363305e-06
        }
    },
    "dataset_name": "tax",
    "timestamp": "2026-05-03T19:29:07.730365",
    "experiment_id": "63dda904",
    "experiment_name": "grid_tax_classic_vc",
    "metadata": {
        "loader": "FileLoader",
        "synthesizer": "CoNoise",
        "obtainer": "TopKObtainer",
        "repairer": "ClassicVCRepairer",
        "synthesizer_params": {
            "num_of_iterations": 200,
            "seed": 42
        },
        "obtainer_params": {
            "selection_budget": 0.5,
            "generation_budget": 0.5,
            "k": 20,
            "utility_function": {}
        },
        "repairer_params": {}
    }
}