{
    "runtimes": {
        "loading": 1.0985426902770996,
        "synthesizing": 3.970994234085083,
        "marginals_obtaining": 3.5828487873077393,
        "repairing": 303.12582564353943
    },
    "deletion_ratio": {
        "before": 999910,
        "after": 999668,
        "ratio": 0.00024202178196037642
    },
    "marginals_error": {
        "synthetic_avg": 0.01268500743485671,
        "repaired_avg": 0.012194598317631448
    },
    "tvd_2way": {
        "synthetic_avg": 2.839144411885925e-05,
        "repaired_avg": 6.185506487803889e-05
    },
    "ml_accuracy": {
        "private_gold_standard": {
            "logistic_regression": 0.3857237151343621,
            "random_forest": 0.9506665599903992,
            "mlp": 0.9321608944805032
        },
        "synthetic": {
            "logistic_regression": 0.38372753547819305,
            "random_forest": 0.9506645598103829,
            "mlp": 0.9330009700873079
        },
        "repaired": {
            "logistic_regression": 0.38568071126401376,
            "random_forest": 0.9506645598103829,
            "mlp": 0.9368583172485524
        }
    },
    "violations": {
        "private": 0,
        "synthetic": 1645920,
        "repaired": 0
    },
    "loss_function": {
        "synthetic": {
            "total": 2.003422005946697e-06,
            "size_component": 0.0,
            "marginal_component": 4.006844011893394e-06
        },
        "repaired": {
            "total": 0.00012284204185845031,
            "size_component": 0.00024202178196037642,
            "marginal_component": 3.6623017565242195e-06
        }
    },
    "dataset_name": "tax",
    "timestamp": "2026-05-03T19:30:08.231711",
    "experiment_id": "73856cbd",
    "experiment_name": "grid_tax_classic_vc",
    "metadata": {
        "loader": "FileLoader",
        "synthesizer": "CoNoise",
        "obtainer": "TopKObtainer",
        "repairer": "ClassicVCRepairer",
        "synthesizer_params": {
            "num_of_iterations": 100,
            "seed": 43
        },
        "obtainer_params": {
            "selection_budget": 0.5,
            "generation_budget": 0.5,
            "k": 20,
            "utility_function": {}
        },
        "repairer_params": {}
    }
}