{
    "runtimes": {
        "loading": 1.0604982376098633,
        "synthesizing": 1.8587605953216553,
        "marginals_obtaining": 3.217989444732666,
        "repairing": 284.80467343330383
    },
    "deletion_ratio": {
        "before": 999910,
        "after": 999780,
        "ratio": 0.00013001170105309478
    },
    "marginals_error": {
        "synthetic_avg": 0.020071485161303693,
        "repaired_avg": 0.020057663470277837
    },
    "tvd_2way": {
        "synthetic_avg": 1.6640386523673684e-05,
        "repaired_avg": 4.353643209859453e-05
    },
    "ml_accuracy": {
        "private_gold_standard": {
            "logistic_regression": 0.3857237151343621,
            "random_forest": 0.9506665599903992,
            "mlp": 0.9321608944805032
        },
        "synthetic": {
            "logistic_regression": 0.3850626556390075,
            "random_forest": 0.9506665599903992,
            "mlp": 0.9325319278735086
        },
        "repaired": {
            "logistic_regression": 0.3839915592403316,
            "random_forest": 0.9506635597203749,
            "mlp": 0.933787040833675
        }
    },
    "violations": {
        "private": 0,
        "synthetic": 836305,
        "repaired": 0
    },
    "loss_function": {
        "synthetic": {
            "total": 1.5648588026357773e-06,
            "size_component": 0.0,
            "marginal_component": 3.1297176052715546e-06
        },
        "repaired": {
            "total": 6.640570768193981e-05,
            "size_component": 0.00013001170105309478,
            "marginal_component": 2.7997143107848316e-06
        }
    },
    "dataset_name": "tax",
    "timestamp": "2026-05-03T19:35:49.736201",
    "experiment_id": "109dcbec",
    "experiment_name": "grid_tax_classic_vc",
    "metadata": {
        "loader": "FileLoader",
        "synthesizer": "CoNoise",
        "obtainer": "TopKObtainer",
        "repairer": "ClassicVCRepairer",
        "synthesizer_params": {
            "num_of_iterations": 50,
            "seed": 44
        },
        "obtainer_params": {
            "selection_budget": 0.5,
            "generation_budget": 0.5,
            "k": 20,
            "utility_function": {}
        },
        "repairer_params": {}
    }
}