{
    "runtimes": {
        "loading": 0.8463857173919678,
        "synthesizing": 1.7879304885864258,
        "marginals_obtaining": 3.0377705097198486,
        "repairing": 294.71821904182434
    },
    "deletion_ratio": {
        "before": 999910,
        "after": 999778,
        "ratio": 0.00013201188106929624
    },
    "marginals_error": {
        "synthetic_avg": 0.011385633475732617,
        "repaired_avg": 0.011402553094835349
    },
    "tvd_2way": {
        "synthetic_avg": 1.7918279311804527e-05,
        "repaired_avg": 4.347103998481119e-05
    },
    "ml_accuracy": {
        "private_gold_standard": {
            "logistic_regression": 0.3857237151343621,
            "random_forest": 0.9506665599903992,
            "mlp": 0.9321608944805032
        },
        "synthetic": {
            "logistic_regression": 0.38633877048934406,
            "random_forest": 0.9506665599903992,
            "mlp": 0.9318418657679192
        },
        "repaired": {
            "logistic_regression": 0.3858567271054395,
            "random_forest": 0.9506595593603424,
            "mlp": 0.9333720034803132
        }
    },
    "violations": {
        "private": 0,
        "synthetic": 924388,
        "repaired": 0
    },
    "loss_function": {
        "synthetic": {
            "total": 1.6085186012226136e-06,
            "size_component": 0.0,
            "marginal_component": 3.217037202445227e-06
        },
        "repaired": {
            "total": 6.773445487026411e-05,
            "size_component": 0.00013201188106929624,
            "marginal_component": 3.457028671231984e-06
        }
    },
    "dataset_name": "tax",
    "timestamp": "2026-05-03T19:20:08.749387",
    "experiment_id": "691db9f3",
    "experiment_name": "grid_tax_classic_vc",
    "metadata": {
        "loader": "FileLoader",
        "synthesizer": "CoNoise",
        "obtainer": "TopKObtainer",
        "repairer": "ClassicVCRepairer",
        "synthesizer_params": {
            "num_of_iterations": 50,
            "seed": 42
        },
        "obtainer_params": {
            "selection_budget": 0.5,
            "generation_budget": 0.5,
            "k": 20,
            "utility_function": {}
        },
        "repairer_params": {}
    }
}