{
    "runtimes": {
        "loading": 0.14116239547729492,
        "synthesizing": 0.013071298599243164,
        "marginals_obtaining": 0.5919976234436035,
        "repairing": 1466.1850163936615
    },
    "deletion_ratio": {
        "before": 48842,
        "after": 0,
        "ratio": 1.0
    },
    "marginals_error": {
        "synthetic_avg": 0.9672733288946793,
        "repaired_avg": 202914.23631698295
    },
    "tvd_2way": {
        "synthetic_avg": 2.4569018467712312e-05,
        "repaired_avg": 0.5
    },
    "ml_accuracy": {
        "private_gold_standard": {
            "logistic_regression": 0.5501822202203022,
            "random_forest": 0.974530117521805,
            "mlp": 0.5760615863396258
        },
        "synthetic": {
            "logistic_regression": 0.550223168584415,
            "random_forest": 0.9744072724294665,
            "mlp": 0.5742189099545473
        },
        "repaired": {
            "logistic_regression": 0.0,
            "random_forest": 0.0,
            "mlp": 0.0
        }
    },
    "violations": {
        "private": 0,
        "synthetic": 215587,
        "repaired": 0
    },
    "loss_function": {
        "synthetic": {
            "total": 2.8372148661964126e-05,
            "size_component": 0.0,
            "marginal_component": 5.674429732392825e-05
        },
        "repaired": {
            "total": 0.5101457118158491,
            "size_component": 1.0,
            "marginal_component": 0.020291423631698297
        }
    },
    "dataset_name": "adult",
    "timestamp": "2026-05-03T16:04:38.361534",
    "experiment_id": "46549035",
    "experiment_name": "grid_adult_ilp_marginals",
    "metadata": {
        "loader": "FileLoader",
        "synthesizer": "CoNoise",
        "obtainer": "TopKObtainer",
        "repairer": "ILPRepairer",
        "synthesizer_params": {
            "num_of_iterations": 10,
            "seed": 44
        },
        "obtainer_params": {
            "selection_budget": 0.5,
            "generation_budget": 0.5,
            "k": 20,
            "utility_function": {}
        },
        "repairer_params": {
            "alpha": 0.5,
            "gurobi_params": {},
            "use_marginals": true
        }
    }
}