{
    "runtimes": {
        "loading": 0.14352059364318848,
        "synthesizing": 0.16516327857971191,
        "marginals_obtaining": 0.6131820678710938,
        "repairing": 483.1744635105133
    },
    "deletion_ratio": {
        "before": 48842,
        "after": 0,
        "ratio": 1.0
    },
    "marginals_error": {
        "synthetic_avg": 0.2648918799655743,
        "repaired_avg": 4317671.165771348
    },
    "tvd_2way": {
        "synthetic_avg": 0.0005260889827451385,
        "repaired_avg": 0.5
    },
    "ml_accuracy": {
        "private_gold_standard": {
            "logistic_regression": 0.5501822202203022,
            "random_forest": 0.974530117521805,
            "mlp": 0.5760615863396258
        },
        "synthetic": {
            "logistic_regression": 0.5504688587690921,
            "random_forest": 0.9731173989599116,
            "mlp": 0.5768600794398264
        },
        "repaired": {
            "logistic_regression": 0.0,
            "random_forest": 0.0,
            "mlp": 0.0
        }
    },
    "violations": {
        "private": 0,
        "synthetic": 3899985,
        "repaired": 0
    },
    "loss_function": {
        "synthetic": {
            "total": 0.000361402137577952,
            "size_component": 0.0,
            "marginal_component": 0.000722804275155904
        },
        "repaired": {
            "total": 0.7158835582885674,
            "size_component": 1.0,
            "marginal_component": 0.43176711657713485
        }
    },
    "dataset_name": "adult",
    "timestamp": "2026-05-03T15:48:12.015548",
    "experiment_id": "b23591bd",
    "experiment_name": "grid_adult_ilp_marginals",
    "metadata": {
        "loader": "FileLoader",
        "synthesizer": "CoNoise",
        "obtainer": "TopKObtainer",
        "repairer": "ILPRepairer",
        "synthesizer_params": {
            "num_of_iterations": 200,
            "seed": 42
        },
        "obtainer_params": {
            "selection_budget": 0.5,
            "generation_budget": 0.5,
            "k": 20,
            "utility_function": {}
        },
        "repairer_params": {
            "alpha": 0.5,
            "gurobi_params": {},
            "use_marginals": true
        }
    }
}