{
    "runtimes": {
        "loading": 0.140427827835083,
        "synthesizing": 0.1675128936767578,
        "marginals_obtaining": 0.5370490550994873,
        "repairing": 459.05845832824707
    },
    "deletion_ratio": {
        "before": 48842,
        "after": 0,
        "ratio": 1.0
    },
    "marginals_error": {
        "synthetic_avg": 0.2315781753739087,
        "repaired_avg": 3656298.248081565
    },
    "tvd_2way": {
        "synthetic_avg": 0.0005081496994195071,
        "repaired_avg": 0.5
    },
    "ml_accuracy": {
        "private_gold_standard": {
            "logistic_regression": 0.5501822202203022,
            "random_forest": 0.974530117521805,
            "mlp": 0.5760615863396258
        },
        "synthetic": {
            "logistic_regression": 0.5504279104049793,
            "random_forest": 0.9729740796855165,
            "mlp": 0.5758977928831743
        },
        "repaired": {
            "logistic_regression": 0.0,
            "random_forest": 0.0,
            "mlp": 0.0
        }
    },
    "violations": {
        "private": 0,
        "synthetic": 3774193,
        "repaired": 0
    },
    "loss_function": {
        "synthetic": {
            "total": 0.0002926569593497284,
            "size_component": 0.0,
            "marginal_component": 0.0005853139186994569
        },
        "repaired": {
            "total": 0.6828149124040782,
            "size_component": 1.0,
            "marginal_component": 0.3656298248081565
        }
    },
    "dataset_name": "adult",
    "timestamp": "2026-05-03T15:47:58.454625",
    "experiment_id": "87e5e43a",
    "experiment_name": "grid_adult_ilp_marginals",
    "metadata": {
        "loader": "FileLoader",
        "synthesizer": "CoNoise",
        "obtainer": "TopKObtainer",
        "repairer": "ILPRepairer",
        "synthesizer_params": {
            "num_of_iterations": 200,
            "seed": 44
        },
        "obtainer_params": {
            "selection_budget": 0.5,
            "generation_budget": 0.5,
            "k": 20,
            "utility_function": {}
        },
        "repairer_params": {
            "alpha": 0.5,
            "gurobi_params": {},
            "use_marginals": true
        }
    }
}