{
    "runtimes": {
        "loading": 0.15635228157043457,
        "synthesizing": 0.1220083236694336,
        "marginals_obtaining": 0.5213642120361328,
        "repairing": 373.21510434150696
    },
    "deletion_ratio": {
        "before": 48842,
        "after": 0,
        "ratio": 1.0
    },
    "marginals_error": {
        "synthetic_avg": 0.42053428942824506,
        "repaired_avg": 1296603.2324352858
    },
    "tvd_2way": {
        "synthetic_avg": 0.0002807887824881385,
        "repaired_avg": 0.5
    },
    "ml_accuracy": {
        "private_gold_standard": {
            "logistic_regression": 0.5501822202203022,
            "random_forest": 0.974530117521805,
            "mlp": 0.5760615863396258
        },
        "synthetic": {
            "logistic_regression": 0.5505302813152615,
            "random_forest": 0.9738544695139429,
            "mlp": 0.5754268866958765
        },
        "repaired": {
            "logistic_regression": 0.0,
            "random_forest": 0.0,
            "mlp": 0.0
        }
    },
    "violations": {
        "private": 0,
        "synthetic": 1744202,
        "repaired": 0
    },
    "loss_function": {
        "synthetic": {
            "total": 7.699623595687897e-05,
            "size_component": 0.0,
            "marginal_component": 0.00015399247191375795
        },
        "repaired": {
            "total": 0.5648301616217642,
            "size_component": 1.0,
            "marginal_component": 0.12966032324352855
        }
    },
    "dataset_name": "adult",
    "timestamp": "2026-05-03T15:46:15.850729",
    "experiment_id": "06d1668c",
    "experiment_name": "grid_adult_ilp_marginals",
    "metadata": {
        "loader": "FileLoader",
        "synthesizer": "CoNoise",
        "obtainer": "TopKObtainer",
        "repairer": "ILPRepairer",
        "synthesizer_params": {
            "num_of_iterations": 100,
            "seed": 42
        },
        "obtainer_params": {
            "selection_budget": 0.5,
            "generation_budget": 0.5,
            "k": 20,
            "utility_function": {}
        },
        "repairer_params": {
            "alpha": 0.5,
            "gurobi_params": {},
            "use_marginals": true
        }
    }
}