{
    "runtimes": {
        "loading": 0.14858222007751465,
        "synthesizing": 0.01378488540649414,
        "marginals_obtaining": 0.666295051574707,
        "repairing": 1449.1203799247742
    },
    "deletion_ratio": {
        "before": 48842,
        "after": 0,
        "ratio": 1.0
    },
    "marginals_error": {
        "synthetic_avg": 0.6063993384168798,
        "repaired_avg": 257736.4880299513
    },
    "tvd_2way": {
        "synthetic_avg": 3.3538660130526864e-05,
        "repaired_avg": 0.5
    },
    "ml_accuracy": {
        "private_gold_standard": {
            "logistic_regression": 0.5501822202203022,
            "random_forest": 0.974530117521805,
            "mlp": 0.5760615863396258
        },
        "synthetic": {
            "logistic_regression": 0.5503869620408665,
            "random_forest": 0.9745096433397485,
            "mlp": 0.5763277507063593
        },
        "repaired": {
            "logistic_regression": 0.0,
            "random_forest": 0.0,
            "mlp": 0.0
        }
    },
    "violations": {
        "private": 0,
        "synthetic": 282878,
        "repaired": 0
    },
    "loss_function": {
        "synthetic": {
            "total": 2.9852251905409497e-05,
            "size_component": 0.0,
            "marginal_component": 5.9704503810818994e-05
        },
        "repaired": {
            "total": 0.5128868244014976,
            "size_component": 1.0,
            "marginal_component": 0.025773648802995118
        }
    },
    "dataset_name": "adult",
    "timestamp": "2026-05-03T16:04:20.577633",
    "experiment_id": "ec161449",
    "experiment_name": "grid_adult_ilp_marginals",
    "metadata": {
        "loader": "FileLoader",
        "synthesizer": "CoNoise",
        "obtainer": "TopKObtainer",
        "repairer": "ILPRepairer",
        "synthesizer_params": {
            "num_of_iterations": 10,
            "seed": 43
        },
        "obtainer_params": {
            "selection_budget": 0.5,
            "generation_budget": 0.5,
            "k": 20,
            "utility_function": {}
        },
        "repairer_params": {
            "alpha": 0.5,
            "gurobi_params": {},
            "use_marginals": true
        }
    }
}