{
    "runtimes": {
        "loading": 0.14237689971923828,
        "synthesizing": 0.16015839576721191,
        "marginals_obtaining": 0.5655500888824463,
        "repairing": 472.3621406555176
    },
    "deletion_ratio": {
        "before": 48842,
        "after": 0,
        "ratio": 1.0
    },
    "marginals_error": {
        "synthetic_avg": 0.11536801004114157,
        "repaired_avg": 3715937.173278553
    },
    "tvd_2way": {
        "synthetic_avg": 0.0004800708211706936,
        "repaired_avg": 0.5
    },
    "ml_accuracy": {
        "private_gold_standard": {
            "logistic_regression": 0.5501822202203022,
            "random_forest": 0.974530117521805,
            "mlp": 0.5760615863396258
        },
        "synthetic": {
            "logistic_regression": 0.5506121780434872,
            "random_forest": 0.9734245116907579,
            "mlp": 0.5755497317882151
        },
        "repaired": {
            "logistic_regression": 0.0,
            "random_forest": 0.0,
            "mlp": 0.0
        }
    },
    "violations": {
        "private": 0,
        "synthetic": 4095570,
        "repaired": 0
    },
    "loss_function": {
        "synthetic": {
            "total": 0.00027017907243720776,
            "size_component": 0.0,
            "marginal_component": 0.0005403581448744155
        },
        "repaired": {
            "total": 0.6857968586639276,
            "size_component": 1.0,
            "marginal_component": 0.3715937173278553
        }
    },
    "dataset_name": "adult",
    "timestamp": "2026-05-03T15:48:03.884721",
    "experiment_id": "a59974b3",
    "experiment_name": "grid_adult_ilp_marginals",
    "metadata": {
        "loader": "FileLoader",
        "synthesizer": "CoNoise",
        "obtainer": "TopKObtainer",
        "repairer": "ILPRepairer",
        "synthesizer_params": {
            "num_of_iterations": 200,
            "seed": 43
        },
        "obtainer_params": {
            "selection_budget": 0.5,
            "generation_budget": 0.5,
            "k": 20,
            "utility_function": {}
        },
        "repairer_params": {
            "alpha": 0.5,
            "gurobi_params": {},
            "use_marginals": true
        }
    }
}