{
    "runtimes": {
        "loading": 0.14258646965026855,
        "synthesizing": 0.0374760627746582,
        "marginals_obtaining": 0.5875575542449951,
        "repairing": 340.8528504371643
    },
    "deletion_ratio": {
        "before": 48842,
        "after": 0,
        "ratio": 1.0
    },
    "marginals_error": {
        "synthetic_avg": 0.6062062692543547,
        "repaired_avg": 257736.4880299513
    },
    "tvd_2way": {
        "synthetic_avg": 0.00014253930555474273,
        "repaired_avg": 0.5
    },
    "ml_accuracy": {
        "private_gold_standard": {
            "logistic_regression": 0.5501822202203022,
            "random_forest": 0.974530117521805,
            "mlp": 0.5760615863396258
        },
        "synthetic": {
            "logistic_regression": 0.5504074362229229,
            "random_forest": 0.9742639531550714,
            "mlp": 0.5756725768805536
        },
        "repaired": {
            "logistic_regression": 0.0,
            "random_forest": 0.0,
            "mlp": 0.0
        }
    },
    "violations": {
        "private": 0,
        "synthetic": 955505,
        "repaired": 0
    },
    "loss_function": {
        "synthetic": {
            "total": 2.9696299464143938e-05,
            "size_component": 0.0,
            "marginal_component": 5.9392598928287875e-05
        },
        "repaired": {
            "total": 0.5128868244014976,
            "size_component": 1.0,
            "marginal_component": 0.025773648802995125
        }
    },
    "dataset_name": "adult",
    "timestamp": "2026-05-03T15:45:55.571328",
    "experiment_id": "2191b150",
    "experiment_name": "grid_adult_ilp_marginals",
    "metadata": {
        "loader": "FileLoader",
        "synthesizer": "CoNoise",
        "obtainer": "TopKObtainer",
        "repairer": "ILPRepairer",
        "synthesizer_params": {
            "num_of_iterations": 50,
            "seed": 43
        },
        "obtainer_params": {
            "selection_budget": 0.5,
            "generation_budget": 0.5,
            "k": 20,
            "utility_function": {}
        },
        "repairer_params": {
            "alpha": 0.5,
            "gurobi_params": {},
            "use_marginals": true
        }
    }
}