{
    "runtimes": {
        "loading": 0.22813963890075684,
        "synthesizing": 0.12135791778564453,
        "marginals_obtaining": 0.8280022144317627,
        "repairing": 432.3602111339569
    },
    "deletion_ratio": {
        "before": 60798,
        "after": 0,
        "ratio": 1.0
    },
    "marginals_error": {
        "synthetic_avg": 0.04253945605953637,
        "repaired_avg": 1432062.2021881389
    },
    "tvd_2way": {
        "synthetic_avg": 0.00016435815419624632,
        "repaired_avg": 0.5
    },
    "ml_accuracy": {
        "private_gold_standard": {
            "logistic_regression": 0.767443007993684,
            "random_forest": 0.81672094476792,
            "mlp": 0.7838251258265074
        },
        "synthetic": {
            "logistic_regression": 0.7674759038126254,
            "random_forest": 0.8166880489489786,
            "mlp": 0.7858975624198165
        },
        "repaired": {
            "logistic_regression": 0.0,
            "random_forest": 0.0,
            "mlp": 0.0
        }
    },
    "violations": {
        "private": 0,
        "synthetic": 3241015,
        "repaired": 0
    },
    "loss_function": {
        "synthetic": {
            "total": 8.889524542706559e-05,
            "size_component": 0.0,
            "marginal_component": 0.00017779049085413118
        },
        "repaired": {
            "total": 0.5716031101094069,
            "size_component": 1.0,
            "marginal_component": 0.14320622021881385
        }
    },
    "dataset_name": "compas",
    "timestamp": "2026-05-03T16:17:03.434367",
    "experiment_id": "d3a6af2d",
    "experiment_name": "grid_compas_ilp_marginals",
    "metadata": {
        "loader": "FileLoader",
        "synthesizer": "CoNoise",
        "obtainer": "TopKObtainer",
        "repairer": "ILPRepairer",
        "synthesizer_params": {
            "num_of_iterations": 100,
            "seed": 42
        },
        "obtainer_params": {
            "selection_budget": 0.5,
            "generation_budget": 0.5,
            "k": 20,
            "utility_function": {}
        },
        "repairer_params": {
            "alpha": 0.5,
            "gurobi_params": {},
            "use_marginals": true
        }
    }
}