{
    "runtimes": {
        "loading": 0.16778898239135742,
        "synthesizing": 0.1543409824371338,
        "marginals_obtaining": 0.6739437580108643,
        "repairing": 555.5652968883514
    },
    "deletion_ratio": {
        "before": 60798,
        "after": 0,
        "ratio": 1.0
    },
    "marginals_error": {
        "synthetic_avg": 0.020269200357816784,
        "repaired_avg": 2719964.3879970647
    },
    "tvd_2way": {
        "synthetic_avg": 0.0003190410675273768,
        "repaired_avg": 0.5
    },
    "ml_accuracy": {
        "private_gold_standard": {
            "logistic_regression": 0.767443007993684,
            "random_forest": 0.81672094476792,
            "mlp": 0.7838251258265074
        },
        "synthetic": {
            "logistic_regression": 0.7675252475410376,
            "random_forest": 0.8166387052205665,
            "mlp": 0.7826573242540873
        },
        "repaired": {
            "logistic_regression": 0.0,
            "random_forest": 0.0,
            "mlp": 0.0
        }
    },
    "violations": {
        "private": 0,
        "synthetic": 6490742,
        "repaired": 0
    },
    "loss_function": {
        "synthetic": {
            "total": 0.000327106507865358,
            "size_component": 0.0,
            "marginal_component": 0.000654213015730716
        },
        "repaired": {
            "total": 0.6359982193998532,
            "size_component": 1.0,
            "marginal_component": 0.2719964387997066
        }
    },
    "dataset_name": "compas",
    "timestamp": "2026-05-03T16:21:27.744426",
    "experiment_id": "32225eaf",
    "experiment_name": "grid_compas_ilp_marginals",
    "metadata": {
        "loader": "FileLoader",
        "synthesizer": "CoNoise",
        "obtainer": "TopKObtainer",
        "repairer": "ILPRepairer",
        "synthesizer_params": {
            "num_of_iterations": 200,
            "seed": 43
        },
        "obtainer_params": {
            "selection_budget": 0.5,
            "generation_budget": 0.5,
            "k": 20,
            "utility_function": {}
        },
        "repairer_params": {
            "alpha": 0.5,
            "gurobi_params": {},
            "use_marginals": true
        }
    }
}