{
    "runtimes": {
        "loading": 0.17415738105773926,
        "synthesizing": 0.3265974521636963,
        "marginals_obtaining": 0.687760591506958,
        "repairing": 1011.5934510231018
    },
    "deletion_ratio": {
        "before": 60798,
        "after": 0,
        "ratio": 1.0
    },
    "marginals_error": {
        "synthetic_avg": 0.03552909512615858,
        "repaired_avg": 2859796.2903622747
    },
    "tvd_2way": {
        "synthetic_avg": 0.0007466867137657408,
        "repaired_avg": 0.5
    },
    "ml_accuracy": {
        "private_gold_standard": {
            "logistic_regression": 0.767443007993684,
            "random_forest": 0.81672094476792,
            "mlp": 0.7838251258265074
        },
        "synthetic": {
            "logistic_regression": 0.767048258166387,
            "random_forest": 0.8163590907595645,
            "mlp": 0.7821309911510247
        },
        "repaired": {
            "logistic_regression": 0.0,
            "random_forest": 0.0,
            "mlp": 0.0
        }
    },
    "violations": {
        "private": 0,
        "synthetic": 16695634,
        "repaired": 0
    },
    "loss_function": {
        "synthetic": {
            "total": 0.0008151687471125343,
            "size_component": 0.0,
            "marginal_component": 0.0016303374942250686
        },
        "repaired": {
            "total": 0.6429898145181138,
            "size_component": 1.0,
            "marginal_component": 0.2859796290362275
        }
    },
    "dataset_name": "compas",
    "timestamp": "2026-05-03T16:29:16.746369",
    "experiment_id": "0ebff064",
    "experiment_name": "grid_compas_ilp_marginals",
    "metadata": {
        "loader": "FileLoader",
        "synthesizer": "CoNoise",
        "obtainer": "TopKObtainer",
        "repairer": "ILPRepairer",
        "synthesizer_params": {
            "num_of_iterations": 500,
            "seed": 43
        },
        "obtainer_params": {
            "selection_budget": 0.5,
            "generation_budget": 0.5,
            "k": 20,
            "utility_function": {}
        },
        "repairer_params": {
            "alpha": 0.5,
            "gurobi_params": {},
            "use_marginals": true
        }
    }
}