{
    "runtimes": {
        "loading": 0.17354321479797363,
        "synthesizing": 0.3378109931945801,
        "marginals_obtaining": 0.6902012825012207,
        "repairing": 982.3727753162384
    },
    "deletion_ratio": {
        "before": 60798,
        "after": 0,
        "ratio": 1.0
    },
    "marginals_error": {
        "synthetic_avg": 0.02635527856039919,
        "repaired_avg": 2649225.8747695154
    },
    "tvd_2way": {
        "synthetic_avg": 0.0007406396882250383,
        "repaired_avg": 0.5
    },
    "ml_accuracy": {
        "private_gold_standard": {
            "logistic_regression": 0.767443007993684,
            "random_forest": 0.81672094476792,
            "mlp": 0.7838251258265074
        },
        "synthetic": {
            "logistic_regression": 0.7679528931872759,
            "random_forest": 0.8164742261258594,
            "mlp": 0.7818349287805519
        },
        "repaired": {
            "logistic_regression": 0.0,
            "random_forest": 0.0,
            "mlp": 0.0
        }
    },
    "violations": {
        "private": 0,
        "synthetic": 17152734,
        "repaired": 0
    },
    "loss_function": {
        "synthetic": {
            "total": 0.0007434950771742818,
            "size_component": 0.0,
            "marginal_component": 0.0014869901543485635
        },
        "repaired": {
            "total": 0.6324612937384757,
            "size_component": 1.0,
            "marginal_component": 0.2649225874769514
        }
    },
    "dataset_name": "compas",
    "timestamp": "2026-05-03T16:36:02.651023",
    "experiment_id": "61caba8d",
    "experiment_name": "grid_compas_ilp_marginals",
    "metadata": {
        "loader": "FileLoader",
        "synthesizer": "CoNoise",
        "obtainer": "TopKObtainer",
        "repairer": "ILPRepairer",
        "synthesizer_params": {
            "num_of_iterations": 500,
            "seed": 44
        },
        "obtainer_params": {
            "selection_budget": 0.5,
            "generation_budget": 0.5,
            "k": 20,
            "utility_function": {}
        },
        "repairer_params": {
            "alpha": 0.5,
            "gurobi_params": {},
            "use_marginals": true
        }
    }
}