{
    "runtimes": {
        "loading": 0.1840817928314209,
        "synthesizing": 0.12010955810546875,
        "marginals_obtaining": 0.7491364479064941,
        "repairing": 441.1353871822357
    },
    "deletion_ratio": {
        "before": 60798,
        "after": 0,
        "ratio": 1.0
    },
    "marginals_error": {
        "synthetic_avg": 0.12756779810709773,
        "repaired_avg": 2078326.027933194
    },
    "tvd_2way": {
        "synthetic_avg": 0.00017463809761544146,
        "repaired_avg": 0.5
    },
    "ml_accuracy": {
        "private_gold_standard": {
            "logistic_regression": 0.767443007993684,
            "random_forest": 0.81672094476792,
            "mlp": 0.7838251258265074
        },
        "synthetic": {
            "logistic_regression": 0.7673936642652719,
            "random_forest": 0.8166387052205665,
            "mlp": 0.7869502286259417
        },
        "repaired": {
            "logistic_regression": 0.0,
            "random_forest": 0.0,
            "mlp": 0.0
        }
    },
    "violations": {
        "private": 0,
        "synthetic": 3310615,
        "repaired": 0
    },
    "loss_function": {
        "synthetic": {
            "total": 9.619697231335383e-05,
            "size_component": 0.0,
            "marginal_component": 0.00019239394462670765
        },
        "repaired": {
            "total": 0.6039163013966596,
            "size_component": 1.0,
            "marginal_component": 0.20783260279331936
        }
    },
    "dataset_name": "compas",
    "timestamp": "2026-05-03T16:19:56.230611",
    "experiment_id": "39a2a2c5",
    "experiment_name": "grid_compas_ilp_marginals",
    "metadata": {
        "loader": "FileLoader",
        "synthesizer": "CoNoise",
        "obtainer": "TopKObtainer",
        "repairer": "ILPRepairer",
        "synthesizer_params": {
            "num_of_iterations": 100,
            "seed": 44
        },
        "obtainer_params": {
            "selection_budget": 0.5,
            "generation_budget": 0.5,
            "k": 20,
            "utility_function": {}
        },
        "repairer_params": {
            "alpha": 0.5,
            "gurobi_params": {},
            "use_marginals": true
        }
    }
}