{
    "runtimes": {
        "loading": 0.1829521656036377,
        "synthesizing": 0.1755995750427246,
        "marginals_obtaining": 0.7548346519470215,
        "repairing": 575.1707966327667
    },
    "deletion_ratio": {
        "before": 60798,
        "after": 0,
        "ratio": 1.0
    },
    "marginals_error": {
        "synthetic_avg": 0.03812399694096722,
        "repaired_avg": 2696700.8416170673
    },
    "tvd_2way": {
        "synthetic_avg": 0.00031287310147586024,
        "repaired_avg": 0.5
    },
    "ml_accuracy": {
        "private_gold_standard": {
            "logistic_regression": 0.767443007993684,
            "random_forest": 0.81672094476792,
            "mlp": 0.7838251258265074
        },
        "synthetic": {
            "logistic_regression": 0.7673936642652719,
            "random_forest": 0.8166551531300372,
            "mlp": 0.7835455113655054
        },
        "repaired": {
            "logistic_regression": 0.0,
            "random_forest": 0.0,
            "mlp": 0.0
        }
    },
    "violations": {
        "private": 0,
        "synthetic": 6758283,
        "repaired": 0
    },
    "loss_function": {
        "synthetic": {
            "total": 0.00026377424818205833,
            "size_component": 0.0,
            "marginal_component": 0.0005275484963641167
        },
        "repaired": {
            "total": 0.6348350420808534,
            "size_component": 1.0,
            "marginal_component": 0.26967008416170674
        }
    },
    "dataset_name": "compas",
    "timestamp": "2026-05-03T16:19:42.373327",
    "experiment_id": "99d4aad3",
    "experiment_name": "grid_compas_ilp_marginals",
    "metadata": {
        "loader": "FileLoader",
        "synthesizer": "CoNoise",
        "obtainer": "TopKObtainer",
        "repairer": "ILPRepairer",
        "synthesizer_params": {
            "num_of_iterations": 200,
            "seed": 42
        },
        "obtainer_params": {
            "selection_budget": 0.5,
            "generation_budget": 0.5,
            "k": 20,
            "utility_function": {}
        },
        "repairer_params": {
            "alpha": 0.5,
            "gurobi_params": {},
            "use_marginals": true
        }
    }
}