{
    "runtimes": {
        "loading": 0.17107391357421875,
        "synthesizing": 0.15976357460021973,
        "marginals_obtaining": 0.7058112621307373,
        "repairing": 575.4316713809967
    },
    "deletion_ratio": {
        "before": 60798,
        "after": 0,
        "ratio": 1.0
    },
    "marginals_error": {
        "synthetic_avg": 0.04919695731538877,
        "repaired_avg": 2633707.272183904
    },
    "tvd_2way": {
        "synthetic_avg": 0.0003340376908683152,
        "repaired_avg": 0.5
    },
    "ml_accuracy": {
        "private_gold_standard": {
            "logistic_regression": 0.767443007993684,
            "random_forest": 0.81672094476792,
            "mlp": 0.7838251258265074
        },
        "synthetic": {
            "logistic_regression": 0.7673278726273891,
            "random_forest": 0.8165893614921543,
            "mlp": 0.7853218855883417
        },
        "repaired": {
            "logistic_regression": 0.0,
            "random_forest": 0.0,
            "mlp": 0.0
        }
    },
    "violations": {
        "private": 0,
        "synthetic": 6730418,
        "repaired": 0
    },
    "loss_function": {
        "synthetic": {
            "total": 0.0002858386682934763,
            "size_component": 0.0,
            "marginal_component": 0.0005716773365869526
        },
        "repaired": {
            "total": 0.6316853636091951,
            "size_component": 1.0,
            "marginal_component": 0.26337072721839033
        }
    },
    "dataset_name": "compas",
    "timestamp": "2026-05-03T16:28:33.941664",
    "experiment_id": "84a9f815",
    "experiment_name": "grid_compas_ilp_marginals",
    "metadata": {
        "loader": "FileLoader",
        "synthesizer": "CoNoise",
        "obtainer": "TopKObtainer",
        "repairer": "ILPRepairer",
        "synthesizer_params": {
            "num_of_iterations": 200,
            "seed": 44
        },
        "obtainer_params": {
            "selection_budget": 0.5,
            "generation_budget": 0.5,
            "k": 20,
            "utility_function": {}
        },
        "repairer_params": {
            "alpha": 0.5,
            "gurobi_params": {},
            "use_marginals": true
        }
    }
}