{
    "runtimes": {
        "loading": 0.11364483833312988,
        "synthesizing": 0.2771339416503906,
        "marginals_obtaining": 0.4883897304534912,
        "repairing": 705.3049054145813
    },
    "deletion_ratio": {
        "before": 48842,
        "after": 48346,
        "ratio": 0.010155194299987716
    },
    "marginals_error": {
        "synthetic_avg": 0.004104403396632021,
        "repaired_avg": 0.0007762761253870893
    },
    "tvd_2way": {
        "synthetic_avg": 0.0011953022476752049,
        "repaired_avg": 0.001322887264830744
    },
    "ml_accuracy": {
        "private_gold_standard": {
            "logistic_regression": 0.5501822202203022,
            "random_forest": 0.974530117521805,
            "mlp": 0.5760615863396258
        },
        "synthetic": {
            "logistic_regression": 0.550223168584415,
            "random_forest": 0.971172351664551,
            "mlp": 0.5766758118013185
        },
        "repaired": {
            "logistic_regression": 0.5505712296793743,
            "random_forest": 0.9697391589206011,
            "mlp": 0.573051881577331
        }
    },
    "violations": {
        "private": 0,
        "synthetic": 10109889,
        "repaired": 0
    },
    "loss_function": {
        "synthetic": {
            "total": 0.001003545531787254,
            "size_component": 0.0,
            "marginal_component": 0.002007091063574508
        },
        "repaired": {
            "total": 0.005260560981513724,
            "size_component": 0.010155194299987716,
            "marginal_component": 0.0003659276630397307
        }
    },
    "dataset_name": "adult",
    "timestamp": "2026-05-03T15:52:37.524257",
    "experiment_id": "a578c606",
    "experiment_name": "grid_adult_ilp_no_marginals",
    "metadata": {
        "loader": "FileLoader",
        "synthesizer": "CoNoise",
        "obtainer": "TopKObtainer",
        "repairer": "ILPRepairer",
        "synthesizer_params": {
            "num_of_iterations": 500,
            "seed": 43
        },
        "obtainer_params": {
            "selection_budget": 0.5,
            "generation_budget": 0.5,
            "k": 20,
            "utility_function": {}
        },
        "repairer_params": {
            "alpha": 0.5,
            "gurobi_params": {},
            "use_marginals": false
        }
    }
}