{
    "runtimes": {
        "loading": 0.17481541633605957,
        "synthesizing": 0.12308621406555176,
        "marginals_obtaining": 0.7499635219573975,
        "repairing": 95.42461848258972
    },
    "deletion_ratio": {
        "before": 48842,
        "after": 48742,
        "ratio": 0.0020474182056426844
    },
    "marginals_error": {
        "synthetic_avg": 0.42053428942824506,
        "repaired_avg": 0.41930423281495066
    },
    "tvd_2way": {
        "synthetic_avg": 0.0002807887824881385,
        "repaired_avg": 0.0005274917729143341
    },
    "ml_accuracy": {
        "private_gold_standard": {
            "logistic_regression": 0.5501822202203022,
            "random_forest": 0.974530117521805,
            "mlp": 0.5760615863396258
        },
        "synthetic": {
            "logistic_regression": 0.5505302813152615,
            "random_forest": 0.9738544695139429,
            "mlp": 0.5754268866958765
        },
        "repaired": {
            "logistic_regression": 0.5504483845870357,
            "random_forest": 0.9736702018754351,
            "mlp": 0.5749559805085787
        }
    },
    "violations": {
        "private": 0,
        "synthetic": 1744202,
        "repaired": 0
    },
    "loss_function": {
        "synthetic": {
            "total": 7.699623595687897e-05,
            "size_component": 0.0,
            "marginal_component": 0.00015399247191375795
        },
        "repaired": {
            "total": 0.0010680679686939525,
            "size_component": 0.0020474182056426844,
            "marginal_component": 8.871773174522065e-05
        }
    },
    "dataset_name": "adult",
    "timestamp": "2026-05-03T15:42:21.425344",
    "experiment_id": "ce61f9f4",
    "experiment_name": "grid_adult_ilp_no_marginals",
    "metadata": {
        "loader": "FileLoader",
        "synthesizer": "CoNoise",
        "obtainer": "TopKObtainer",
        "repairer": "ILPRepairer",
        "synthesizer_params": {
            "num_of_iterations": 100,
            "seed": 42
        },
        "obtainer_params": {
            "selection_budget": 0.5,
            "generation_budget": 0.5,
            "k": 20,
            "utility_function": {}
        },
        "repairer_params": {
            "alpha": 0.5,
            "gurobi_params": {},
            "use_marginals": false
        }
    }
}