{
    "runtimes": {
        "loading": 1.0762627124786377,
        "synthesizing": 5.10981011390686,
        "marginals_obtaining": 8.798812627792358,
        "repairing": 47.16549468040466
    },
    "deletion_ratio": {
        "before": 3395604,
        "after": 3395522,
        "ratio": 2.4148870127376455e-05
    },
    "marginals_error": {
        "synthetic_avg": 0.05770845157366431,
        "repaired_avg": 0.057557522593282694
    },
    "tvd_2way": {
        "synthetic_avg": 7.993528439376656e-06,
        "repaired_avg": 9.36277718256906e-06
    },
    "ml_accuracy": {
        "private_gold_standard": {
            "logistic_regression": 0.620176852188889,
            "random_forest": 0.643125346771885,
            "mlp": 0.6227763897085762
        },
        "synthetic": {
            "logistic_regression": 0.6201806806682993,
            "random_forest": 0.6431247577750527,
            "mlp": 0.6220778394653793
        },
        "repaired": {
            "logistic_regression": 0.6201859816397908,
            "random_forest": 0.6431235797813879,
            "mlp": 0.6225057456640998
        }
    },
    "violations": {
        "private": 0,
        "synthetic": 14712867,
        "repaired": 0
    },
    "loss_function": {
        "synthetic": {
            "total": 1.9857948701143502e-06,
            "size_component": 0.0,
            "marginal_component": 3.9715897402287004e-06
        },
        "repaired": {
            "total": 1.2734047451874792e-05,
            "size_component": 2.4148870127376455e-05,
            "marginal_component": 1.3192247763731268e-06
        }
    },
    "dataset_name": "census",
    "timestamp": "2026-05-03T17:36:50.169424",
    "experiment_id": "89a27dfc",
    "experiment_name": "grid_census_vanilla_vc",
    "metadata": {
        "loader": "FileLoader",
        "synthesizer": "CoNoise",
        "obtainer": "TopKObtainer",
        "repairer": "VanillaVCRepairer",
        "synthesizer_params": {
            "num_of_iterations": 50,
            "seed": 44
        },
        "obtainer_params": {
            "selection_budget": 0.5,
            "generation_budget": 0.5,
            "k": 20,
            "utility_function": {}
        },
        "repairer_params": {}
    }
}