{
    "runtimes": {
        "loading": 1.0510265827178955,
        "synthesizing": 1.0680408477783203,
        "marginals_obtaining": 8.915268659591675,
        "repairing": 11.951782703399658
    },
    "deletion_ratio": {
        "before": 3395604,
        "after": 3395590,
        "ratio": 4.122977826625248e-06
    },
    "marginals_error": {
        "synthetic_avg": 0.08841820895057893,
        "repaired_avg": 0.08841741314378705
    },
    "tvd_2way": {
        "synthetic_avg": 1.5250810838298343e-06,
        "repaired_avg": 2.7804195229036024e-06
    },
    "ml_accuracy": {
        "private_gold_standard": {
            "logistic_regression": 0.620176852188889,
            "random_forest": 0.643125346771885,
            "mlp": 0.6227763897085762
        },
        "synthetic": {
            "logistic_regression": 0.6201777356841375,
            "random_forest": 0.6431250522734688,
            "mlp": 0.6226762602470723
        },
        "repaired": {
            "logistic_regression": 0.6201771466873052,
            "random_forest": 0.643126819263966,
            "mlp": 0.6224948492227009
        }
    },
    "violations": {
        "private": 0,
        "synthetic": 6542262,
        "repaired": 0
    },
    "loss_function": {
        "synthetic": {
            "total": 3.776751148232077e-07,
            "size_component": 0.0,
            "marginal_component": 7.553502296464154e-07
        },
        "repaired": {
            "total": 2.435128917009993e-06,
            "size_component": 4.122977826625248e-06,
            "marginal_component": 7.472800073947371e-07
        }
    },
    "dataset_name": "census",
    "timestamp": "2026-05-03T17:39:13.278283",
    "experiment_id": "6e0aa6d5",
    "experiment_name": "grid_census_vanilla_vc",
    "metadata": {
        "loader": "FileLoader",
        "synthesizer": "CoNoise",
        "obtainer": "TopKObtainer",
        "repairer": "VanillaVCRepairer",
        "synthesizer_params": {
            "num_of_iterations": 10,
            "seed": 42
        },
        "obtainer_params": {
            "selection_budget": 0.5,
            "generation_budget": 0.5,
            "k": 20,
            "utility_function": {}
        },
        "repairer_params": {}
    }
}