{
    "runtimes": {
        "loading": 1.2240993976593018,
        "synthesizing": 4.744691371917725,
        "marginals_obtaining": 7.894474983215332,
        "repairing": 1216.980657339096
    },
    "deletion_ratio": {
        "before": 3395604,
        "after": 3029246,
        "ratio": 0.10789185075762663
    },
    "marginals_error": {
        "synthetic_avg": 0.03893706942024386,
        "repaired_avg": 0.415902133797898
    },
    "tvd_2way": {
        "synthetic_avg": 7.162622193702738e-06,
        "repaired_avg": 0.0502592539794235
    },
    "ml_accuracy": {
        "private_gold_standard": {
            "logistic_regression": 0.620176852188889,
            "random_forest": 0.643125346771885,
            "mlp": 0.6227763897085762
        },
        "synthetic": {
            "logistic_regression": 0.620181564163548,
            "random_forest": 0.6431250522734688,
            "mlp": 0.6226129430875921
        },
        "repaired": {
            "logistic_regression": 0.6200976321149345,
            "random_forest": 0.6398472849013018,
            "mlp": 0.6227799236895704
        }
    },
    "violations": {
        "private": 0,
        "synthetic": 25770112,
        "repaired": 0
    },
    "loss_function": {
        "synthetic": {
            "total": 1.5572911839573969e-06,
            "size_component": 0.0,
            "marginal_component": 3.1145823679147938e-06
        },
        "repaired": {
            "total": 0.05397132317493868,
            "size_component": 0.10789185075762663,
            "marginal_component": 5.0795592250745026e-05
        }
    },
    "dataset_name": "census",
    "timestamp": "2026-05-03T17:59:57.886770",
    "experiment_id": "1a36c0c1",
    "experiment_name": "grid_census_ilp_no_marginals",
    "metadata": {
        "loader": "FileLoader",
        "synthesizer": "CoNoise",
        "obtainer": "TopKObtainer",
        "repairer": "ILPRepairer",
        "synthesizer_params": {
            "num_of_iterations": 50,
            "seed": 43
        },
        "obtainer_params": {
            "selection_budget": 0.5,
            "generation_budget": 0.5,
            "k": 20,
            "utility_function": {}
        },
        "repairer_params": {
            "alpha": 0.5,
            "gurobi_params": {},
            "use_marginals": false
        }
    }
}