{
    "runtimes": {
        "loading": 1.2503948211669922,
        "synthesizing": 5.252167463302612,
        "marginals_obtaining": 7.999996900558472,
        "repairing": 762.7637550830841
    },
    "deletion_ratio": {
        "before": 3395604,
        "after": 3105316,
        "ratio": 0.08548935623824215
    },
    "marginals_error": {
        "synthetic_avg": 0.05770845157366431,
        "repaired_avg": 0.15729727538271068
    },
    "tvd_2way": {
        "synthetic_avg": 7.993528439376656e-06,
        "repaired_avg": 0.04177442923660505
    },
    "ml_accuracy": {
        "private_gold_standard": {
            "logistic_regression": 0.620176852188889,
            "random_forest": 0.643125346771885,
            "mlp": 0.6227763897085762
        },
        "synthetic": {
            "logistic_regression": 0.6201806806682993,
            "random_forest": 0.6431247577750527,
            "mlp": 0.6220778394653793
        },
        "repaired": {
            "logistic_regression": 0.6195584055148952,
            "random_forest": 0.632778733915969,
            "mlp": 0.6224347715457986
        }
    },
    "violations": {
        "private": 0,
        "synthetic": 14712867,
        "repaired": 0
    },
    "loss_function": {
        "synthetic": {
            "total": 1.9857948701143502e-06,
            "size_component": 0.0,
            "marginal_component": 3.9715897402287004e-06
        },
        "repaired": {
            "total": 0.04337442811372825,
            "size_component": 0.08548935623824215,
            "marginal_component": 0.0012594999892143522
        }
    },
    "dataset_name": "census",
    "timestamp": "2026-05-03T17:37:00.285308",
    "experiment_id": "af8ed363",
    "experiment_name": "grid_census_ilp_no_marginals",
    "metadata": {
        "loader": "FileLoader",
        "synthesizer": "CoNoise",
        "obtainer": "TopKObtainer",
        "repairer": "ILPRepairer",
        "synthesizer_params": {
            "num_of_iterations": 50,
            "seed": 44
        },
        "obtainer_params": {
            "selection_budget": 0.5,
            "generation_budget": 0.5,
            "k": 20,
            "utility_function": {}
        },
        "repairer_params": {
            "alpha": 0.5,
            "gurobi_params": {},
            "use_marginals": false
        }
    }
}