{
    "runtimes": {
        "loading": 1.2433764934539795,
        "synthesizing": 10.283378839492798,
        "marginals_obtaining": 7.865360736846924,
        "repairing": 2379.3337457180023
    },
    "deletion_ratio": {
        "before": 3395604,
        "after": 2912556,
        "ratio": 0.14225687094254807
    },
    "marginals_error": {
        "synthetic_avg": 0.038472012858655494,
        "repaired_avg": 0.24404930971902705
    },
    "tvd_2way": {
        "synthetic_avg": 1.4977348023250859e-05,
        "repaired_avg": 0.05900838556406448
    },
    "ml_accuracy": {
        "private_gold_standard": {
            "logistic_regression": 0.620176852188889,
            "random_forest": 0.643125346771885,
            "mlp": 0.6227763897085762
        },
        "synthetic": {
            "logistic_regression": 0.6201968780811897,
            "random_forest": 0.6431244632766365,
            "mlp": 0.6224642213874174
        },
        "repaired": {
            "logistic_regression": 0.6200478618825987,
            "random_forest": 0.6388501132640909,
            "mlp": 0.6223632084306651
        }
    },
    "violations": {
        "private": 0,
        "synthetic": 51368326,
        "repaired": 0
    },
    "loss_function": {
        "synthetic": {
            "total": 3.214107207835968e-06,
            "size_component": 0.0,
            "marginal_component": 6.428214415671936e-06
        },
        "repaired": {
            "total": 0.07117398852891929,
            "size_component": 0.14225687094254807,
            "marginal_component": 9.110611529051327e-05
        }
    },
    "dataset_name": "census",
    "timestamp": "2026-05-03T18:06:41.981348",
    "experiment_id": "4d771621",
    "experiment_name": "grid_census_ilp_no_marginals",
    "metadata": {
        "loader": "FileLoader",
        "synthesizer": "CoNoise",
        "obtainer": "TopKObtainer",
        "repairer": "ILPRepairer",
        "synthesizer_params": {
            "num_of_iterations": 100,
            "seed": 43
        },
        "obtainer_params": {
            "selection_budget": 0.5,
            "generation_budget": 0.5,
            "k": 20,
            "utility_function": {}
        },
        "repairer_params": {
            "alpha": 0.5,
            "gurobi_params": {},
            "use_marginals": false
        }
    }
}