{
    "runtimes": {
        "loading": 1.045879602432251,
        "synthesizing": 10.22579574584961,
        "marginals_obtaining": 7.915113687515259,
        "repairing": 2459.475115776062
    },
    "deletion_ratio": {
        "before": 3395604,
        "after": 2630459,
        "ratio": 0.22533399065379828
    },
    "marginals_error": {
        "synthetic_avg": 0.10896682849352794,
        "repaired_avg": 0.16182244080427555
    },
    "tvd_2way": {
        "synthetic_avg": 1.5008901424984066e-05,
        "repaired_avg": 0.09294243217529093
    },
    "ml_accuracy": {
        "private_gold_standard": {
            "logistic_regression": 0.620176852188889,
            "random_forest": 0.643125346771885,
            "mlp": 0.6227763897085762
        },
        "synthetic": {
            "logistic_regression": 0.6201780301825537,
            "random_forest": 0.6431244632766365,
            "mlp": 0.6224562699301803
        },
        "repaired": {
            "logistic_regression": 0.6201306159375475,
            "random_forest": 0.6361722391656978,
            "mlp": 0.6219638685783148
        }
    },
    "violations": {
        "private": 0,
        "synthetic": 51316945,
        "repaired": 0
    },
    "loss_function": {
        "synthetic": {
            "total": 3.4249627617734183e-06,
            "size_component": 0.0,
            "marginal_component": 6.849925523546837e-06
        },
        "repaired": {
            "total": 0.11287484230735607,
            "size_component": 0.22533399065379828,
            "marginal_component": 0.0004156939609138826
        }
    },
    "dataset_name": "census",
    "timestamp": "2026-05-03T18:16:37.348626",
    "experiment_id": "6a7df0ba",
    "experiment_name": "grid_census_ilp_no_marginals",
    "metadata": {
        "loader": "FileLoader",
        "synthesizer": "CoNoise",
        "obtainer": "TopKObtainer",
        "repairer": "ILPRepairer",
        "synthesizer_params": {
            "num_of_iterations": 100,
            "seed": 44
        },
        "obtainer_params": {
            "selection_budget": 0.5,
            "generation_budget": 0.5,
            "k": 20,
            "utility_function": {}
        },
        "repairer_params": {
            "alpha": 0.5,
            "gurobi_params": {},
            "use_marginals": false
        }
    }
}