{
    "runtimes": {
        "loading": 1.2786650657653809,
        "synthesizing": 1.2139205932617188,
        "marginals_obtaining": 8.974748611450195,
        "repairing": 317.43682956695557
    },
    "deletion_ratio": {
        "before": 3395604,
        "after": 3351883,
        "ratio": 0.012875765254134463
    },
    "marginals_error": {
        "synthetic_avg": 0.08841820895057893,
        "repaired_avg": 0.09314283616303742
    },
    "tvd_2way": {
        "synthetic_avg": 1.5250810838298343e-06,
        "repaired_avg": 0.006019332769349103
    },
    "ml_accuracy": {
        "private_gold_standard": {
            "logistic_regression": 0.620176852188889,
            "random_forest": 0.643125346771885,
            "mlp": 0.6227763897085762
        },
        "synthetic": {
            "logistic_regression": 0.6201777356841375,
            "random_forest": 0.6431250522734688,
            "mlp": 0.6226762602470723
        },
        "repaired": {
            "logistic_regression": 0.620189515620785,
            "random_forest": 0.6426276444485282,
            "mlp": 0.6222536550198433
        }
    },
    "violations": {
        "private": 0,
        "synthetic": 6542262,
        "repaired": 0
    },
    "loss_function": {
        "synthetic": {
            "total": 3.776751148232077e-07,
            "size_component": 0.0,
            "marginal_component": 7.553502296464154e-07
        },
        "repaired": {
            "total": 0.006450700928944777,
            "size_component": 0.012875765254134463,
            "marginal_component": 2.5636603755091908e-05
        }
    },
    "dataset_name": "census",
    "timestamp": "2026-05-03T17:37:32.025044",
    "experiment_id": "3057b22d",
    "experiment_name": "grid_census_ilp_no_marginals",
    "metadata": {
        "loader": "FileLoader",
        "synthesizer": "CoNoise",
        "obtainer": "TopKObtainer",
        "repairer": "ILPRepairer",
        "synthesizer_params": {
            "num_of_iterations": 10,
            "seed": 42
        },
        "obtainer_params": {
            "selection_budget": 0.5,
            "generation_budget": 0.5,
            "k": 20,
            "utility_function": {}
        },
        "repairer_params": {
            "alpha": 0.5,
            "gurobi_params": {},
            "use_marginals": false
        }
    }
}