{
    "runtimes": {
        "loading": 1.2802255153656006,
        "synthesizing": 5.01287317276001,
        "marginals_obtaining": 8.653618812561035,
        "repairing": 1172.5012638568878
    },
    "deletion_ratio": {
        "before": 3395604,
        "after": 3077980,
        "ratio": 0.09353976494314413
    },
    "marginals_error": {
        "synthetic_avg": 0.07300132792065489,
        "repaired_avg": 0.3169986891619754
    },
    "tvd_2way": {
        "synthetic_avg": 7.446602809313352e-06,
        "repaired_avg": 0.05622176972510864
    },
    "ml_accuracy": {
        "private_gold_standard": {
            "logistic_regression": 0.620176852188889,
            "random_forest": 0.643125346771885,
            "mlp": 0.6227763897085762
        },
        "synthetic": {
            "logistic_regression": 0.6201718457158137,
            "random_forest": 0.6431247577750527,
            "mlp": 0.6226727262660782
        },
        "repaired": {
            "logistic_regression": 0.6194915543744206,
            "random_forest": 0.631472044443345,
            "mlp": 0.6223178556745722
        }
    },
    "violations": {
        "private": 0,
        "synthetic": 24994461,
        "repaired": 0
    },
    "loss_function": {
        "synthetic": {
            "total": 1.441223781931358e-06,
            "size_component": 0.0,
            "marginal_component": 2.882447563862716e-06
        },
        "repaired": {
            "total": 0.04710367755977167,
            "size_component": 0.09353976494314413,
            "marginal_component": 0.0006675901763992104
        }
    },
    "dataset_name": "census",
    "timestamp": "2026-05-03T17:58:52.454119",
    "experiment_id": "68826fae",
    "experiment_name": "grid_census_ilp_no_marginals",
    "metadata": {
        "loader": "FileLoader",
        "synthesizer": "CoNoise",
        "obtainer": "TopKObtainer",
        "repairer": "ILPRepairer",
        "synthesizer_params": {
            "num_of_iterations": 50,
            "seed": 42
        },
        "obtainer_params": {
            "selection_budget": 0.5,
            "generation_budget": 0.5,
            "k": 20,
            "utility_function": {}
        },
        "repairer_params": {
            "alpha": 0.5,
            "gurobi_params": {},
            "use_marginals": false
        }
    }
}