{
    "runtimes": {
        "loading": 0.17044758796691895,
        "synthesizing": 0.035668134689331055,
        "marginals_obtaining": 0.6792824268341064,
        "repairing": 4.339130401611328
    },
    "deletion_ratio": {
        "before": 60798,
        "after": 60684,
        "ratio": 0.001875061679660515
    },
    "marginals_error": {
        "synthetic_avg": 0.05839529099833028,
        "repaired_avg": 0.05997825880840561
    },
    "tvd_2way": {
        "synthetic_avg": 8.10301422453909e-05,
        "repaired_avg": 0.00019640291736984608
    },
    "ml_accuracy": {
        "private_gold_standard": {
            "logistic_regression": 0.767443007993684,
            "random_forest": 0.81672094476792,
            "mlp": 0.7838251258265074
        },
        "synthetic": {
            "logistic_regression": 0.767558143359979,
            "random_forest": 0.8167044968584493,
            "mlp": 0.7862265206092306
        },
        "repaired": {
            "logistic_regression": 0.7672620809895062,
            "random_forest": 0.8167044968584493,
            "mlp": 0.780880950031251
        }
    },
    "violations": {
        "private": 0,
        "synthetic": 1671692,
        "repaired": 0
    },
    "loss_function": {
        "synthetic": {
            "total": 3.896101681997946e-05,
            "size_component": 0.0,
            "marginal_component": 7.792203363995892e-05
        },
        "repaired": {
            "total": 0.000978535219179649,
            "size_component": 0.001875061679660515,
            "marginal_component": 8.200875869878303e-05
        }
    },
    "dataset_name": "compas",
    "timestamp": "2026-05-03T16:04:44.591207",
    "experiment_id": "c933590e",
    "experiment_name": "grid_compas_classic_vc",
    "metadata": {
        "loader": "FileLoader",
        "synthesizer": "CoNoise",
        "obtainer": "TopKObtainer",
        "repairer": "ClassicVCRepairer",
        "synthesizer_params": {
            "num_of_iterations": 50,
            "seed": 42
        },
        "obtainer_params": {
            "selection_budget": 0.5,
            "generation_budget": 0.5,
            "k": 20,
            "utility_function": {}
        },
        "repairer_params": {}
    }
}