{
    "runtimes": {
        "loading": 0.17631149291992188,
        "synthesizing": 0.06521296501159668,
        "marginals_obtaining": 0.6892662048339844,
        "repairing": 21.94333028793335
    },
    "deletion_ratio": {
        "before": 60798,
        "after": 60562,
        "ratio": 0.0038817066350866807
    },
    "marginals_error": {
        "synthetic_avg": 0.3445013105415483,
        "repaired_avg": 0.3425299868064985
    },
    "tvd_2way": {
        "synthetic_avg": 0.00015565043741764132,
        "repaired_avg": 0.00038180608535418053
    },
    "ml_accuracy": {
        "private_gold_standard": {
            "logistic_regression": 0.767443007993684,
            "random_forest": 0.81672094476792,
            "mlp": 0.7838251258265074
        },
        "synthetic": {
            "logistic_regression": 0.7676568308168031,
            "random_forest": 0.8166880489489786,
            "mlp": 0.7828546991677358
        },
        "repaired": {
            "logistic_regression": 0.7675745912694496,
            "random_forest": 0.8165893614921543,
            "mlp": 0.7865883746175861
        }
    },
    "violations": {
        "private": 0,
        "synthetic": 3179951,
        "repaired": 0
    },
    "loss_function": {
        "synthetic": {
            "total": 8.844425941244797e-05,
            "size_component": 0.0,
            "marginal_component": 0.00017688851882489593
        },
        "repaired": {
            "total": 0.0019959984297013064,
            "size_component": 0.0038817066350866807,
            "marginal_component": 0.00011029022431593202
        }
    },
    "dataset_name": "compas",
    "timestamp": "2026-05-03T16:07:01.326063",
    "experiment_id": "32072db2",
    "experiment_name": "grid_compas_classic_vc",
    "metadata": {
        "loader": "FileLoader",
        "synthesizer": "CoNoise",
        "obtainer": "TopKObtainer",
        "repairer": "ClassicVCRepairer",
        "synthesizer_params": {
            "num_of_iterations": 100,
            "seed": 43
        },
        "obtainer_params": {
            "selection_budget": 0.5,
            "generation_budget": 0.5,
            "k": 20,
            "utility_function": {}
        },
        "repairer_params": {}
    }
}