{
    "runtimes": {
        "loading": 0.16875410079956055,
        "synthesizing": 0.11868548393249512,
        "marginals_obtaining": 0.6870925426483154,
        "repairing": 124.25678634643555
    },
    "deletion_ratio": {
        "before": 60798,
        "after": 60334,
        "ratio": 0.00763182999440771
    },
    "marginals_error": {
        "synthetic_avg": 0.03812399694096722,
        "repaired_avg": 0.03472590674373401
    },
    "tvd_2way": {
        "synthetic_avg": 0.00031287310147586024,
        "repaired_avg": 0.00045447873625521686
    },
    "ml_accuracy": {
        "private_gold_standard": {
            "logistic_regression": 0.767443007993684,
            "random_forest": 0.81672094476792,
            "mlp": 0.7838251258265074
        },
        "synthetic": {
            "logistic_regression": 0.7673936642652719,
            "random_forest": 0.8166551531300372,
            "mlp": 0.7835455113655054
        },
        "repaired": {
            "logistic_regression": 0.7675252475410376,
            "random_forest": 0.8164577782163887,
            "mlp": 0.7855850521398731
        }
    },
    "violations": {
        "private": 0,
        "synthetic": 6758283,
        "repaired": 0
    },
    "loss_function": {
        "synthetic": {
            "total": 0.00026377424818205833,
            "size_component": 0.0,
            "marginal_component": 0.0005275484963641167
        },
        "repaired": {
            "total": 0.0039414778957592225,
            "size_component": 0.00763182999440771,
            "marginal_component": 0.00025112579711073483
        }
    },
    "dataset_name": "compas",
    "timestamp": "2026-05-03T16:07:19.020919",
    "experiment_id": "07253eb5",
    "experiment_name": "grid_compas_classic_vc",
    "metadata": {
        "loader": "FileLoader",
        "synthesizer": "CoNoise",
        "obtainer": "TopKObtainer",
        "repairer": "ClassicVCRepairer",
        "synthesizer_params": {
            "num_of_iterations": 200,
            "seed": 42
        },
        "obtainer_params": {
            "selection_budget": 0.5,
            "generation_budget": 0.5,
            "k": 20,
            "utility_function": {}
        },
        "repairer_params": {}
    }
}