{
    "runtimes": {
        "loading": 0.18233036994934082,
        "synthesizing": 0.012212038040161133,
        "marginals_obtaining": 0.6838834285736084,
        "repairing": 0.3861360549926758
    },
    "deletion_ratio": {
        "before": 60798,
        "after": 60778,
        "ratio": 0.00032895818941412546
    },
    "marginals_error": {
        "synthetic_avg": 0.44086609718092823,
        "repaired_avg": 0.440787961894413
    },
    "tvd_2way": {
        "synthetic_avg": 1.8503898154544914e-05,
        "repaired_avg": 9.14870530440414e-05
    },
    "ml_accuracy": {
        "private_gold_standard": {
            "logistic_regression": 0.767443007993684,
            "random_forest": 0.81672094476792,
            "mlp": 0.7838251258265074
        },
        "synthetic": {
            "logistic_regression": 0.7674923517220961,
            "random_forest": 0.81672094476792,
            "mlp": 0.7825257409783216
        },
        "repaired": {
            "logistic_regression": 0.7672620809895062,
            "random_forest": 0.81672094476792,
            "mlp": 0.7828711470772065
        }
    },
    "violations": {
        "private": 0,
        "synthetic": 272732,
        "repaired": 0
    },
    "loss_function": {
        "synthetic": {
            "total": 3.864372571824803e-05,
            "size_component": 0.0,
            "marginal_component": 7.728745143649606e-05
        },
        "repaired": {
            "total": 0.0002030681165492847,
            "size_component": 0.00032895818941412546,
            "marginal_component": 7.717804368444393e-05
        }
    },
    "dataset_name": "compas",
    "timestamp": "2026-05-03T16:07:33.727699",
    "experiment_id": "ccda2e61",
    "experiment_name": "grid_compas_classic_vc",
    "metadata": {
        "loader": "FileLoader",
        "synthesizer": "CoNoise",
        "obtainer": "TopKObtainer",
        "repairer": "ClassicVCRepairer",
        "synthesizer_params": {
            "num_of_iterations": 10,
            "seed": 43
        },
        "obtainer_params": {
            "selection_budget": 0.5,
            "generation_budget": 0.5,
            "k": 20,
            "utility_function": {}
        },
        "repairer_params": {}
    }
}