{
    "runtimes": {
        "loading": 0.2195727825164795,
        "synthesizing": 0.37671780586242676,
        "marginals_obtaining": 0.8482773303985596,
        "repairing": 849.2021434307098
    },
    "deletion_ratio": {
        "before": 60798,
        "after": 59650,
        "ratio": 0.018882200072370802
    },
    "marginals_error": {
        "synthetic_avg": 0.03552909512615858,
        "repaired_avg": 0.0059418175941193625
    },
    "tvd_2way": {
        "synthetic_avg": 0.0007466867137657408,
        "repaired_avg": 0.000913002498455376
    },
    "ml_accuracy": {
        "private_gold_standard": {
            "logistic_regression": 0.767443007993684,
            "random_forest": 0.81672094476792,
            "mlp": 0.7838251258265074
        },
        "synthetic": {
            "logistic_regression": 0.767048258166387,
            "random_forest": 0.8163590907595645,
            "mlp": 0.7821309911510247
        },
        "repaired": {
            "logistic_regression": 0.767278528898977,
            "random_forest": 0.8160136846606796,
            "mlp": 0.785469916773578
        }
    },
    "violations": {
        "private": 0,
        "synthetic": 16695634,
        "repaired": 0
    },
    "loss_function": {
        "synthetic": {
            "total": 0.0008151687471125343,
            "size_component": 0.0,
            "marginal_component": 0.0016303374942250686
        },
        "repaired": {
            "total": 0.009685944278210725,
            "size_component": 0.018882200072370802,
            "marginal_component": 0.0004896884840506487
        }
    },
    "dataset_name": "compas",
    "timestamp": "2026-05-03T16:22:35.030616",
    "experiment_id": "8580ef6e",
    "experiment_name": "grid_compas_classic_vc",
    "metadata": {
        "loader": "FileLoader",
        "synthesizer": "CoNoise",
        "obtainer": "TopKObtainer",
        "repairer": "ClassicVCRepairer",
        "synthesizer_params": {
            "num_of_iterations": 500,
            "seed": 43
        },
        "obtainer_params": {
            "selection_budget": 0.5,
            "generation_budget": 0.5,
            "k": 20,
            "utility_function": {}
        },
        "repairer_params": {}
    }
}