{
    "runtimes": {
        "loading": 0.17368769645690918,
        "synthesizing": 0.2967691421508789,
        "marginals_obtaining": 0.7193937301635742,
        "repairing": 868.6808295249939
    },
    "deletion_ratio": {
        "before": 60798,
        "after": 59614,
        "ratio": 0.019474324813316228
    },
    "marginals_error": {
        "synthetic_avg": 0.02635527856039919,
        "repaired_avg": 0.009151873152738086
    },
    "tvd_2way": {
        "synthetic_avg": 0.0007406396882250383,
        "repaired_avg": 0.0009706374028965961
    },
    "ml_accuracy": {
        "private_gold_standard": {
            "logistic_regression": 0.767443007993684,
            "random_forest": 0.81672094476792,
            "mlp": 0.7838251258265074
        },
        "synthetic": {
            "logistic_regression": 0.7679528931872759,
            "random_forest": 0.8164742261258594,
            "mlp": 0.7818349287805519
        },
        "repaired": {
            "logistic_regression": 0.7672620809895062,
            "random_forest": 0.815931445113326,
            "mlp": 0.7853547814072831
        }
    },
    "violations": {
        "private": 0,
        "synthetic": 17152734,
        "repaired": 0
    },
    "loss_function": {
        "synthetic": {
            "total": 0.0007434950771742818,
            "size_component": 0.0,
            "marginal_component": 0.0014869901543485635
        },
        "repaired": {
            "total": 0.010136003342775467,
            "size_component": 0.019474324813316228,
            "marginal_component": 0.000797681872234705
        }
    },
    "dataset_name": "compas",
    "timestamp": "2026-05-03T16:25:36.807918",
    "experiment_id": "116a274a",
    "experiment_name": "grid_compas_classic_vc",
    "metadata": {
        "loader": "FileLoader",
        "synthesizer": "CoNoise",
        "obtainer": "TopKObtainer",
        "repairer": "ClassicVCRepairer",
        "synthesizer_params": {
            "num_of_iterations": 500,
            "seed": 44
        },
        "obtainer_params": {
            "selection_budget": 0.5,
            "generation_budget": 0.5,
            "k": 20,
            "utility_function": {}
        },
        "repairer_params": {}
    }
}