{
    "runtimes": {
        "loading": 0.17946100234985352,
        "synthesizing": 0.06425714492797852,
        "marginals_obtaining": 0.6610240936279297,
        "repairing": 17.108548641204834
    },
    "deletion_ratio": {
        "before": 60798,
        "after": 60570,
        "ratio": 0.00375012335932103
    },
    "marginals_error": {
        "synthetic_avg": 0.04253945605953637,
        "repaired_avg": 0.041072685830683076
    },
    "tvd_2way": {
        "synthetic_avg": 0.00016435815419624632,
        "repaired_avg": 0.0002738504087020614
    },
    "ml_accuracy": {
        "private_gold_standard": {
            "logistic_regression": 0.767443007993684,
            "random_forest": 0.81672094476792,
            "mlp": 0.7838251258265074
        },
        "synthetic": {
            "logistic_regression": 0.7674759038126254,
            "random_forest": 0.8166880489489786,
            "mlp": 0.7858975624198165
        },
        "repaired": {
            "logistic_regression": 0.7678048620020396,
            "random_forest": 0.8165564656732129,
            "mlp": 0.7836441988223297
        }
    },
    "violations": {
        "private": 0,
        "synthetic": 3241015,
        "repaired": 0
    },
    "loss_function": {
        "synthetic": {
            "total": 8.889524542706559e-05,
            "size_component": 0.0,
            "marginal_component": 0.00017779049085413118
        },
        "repaired": {
            "total": 0.0019211995401119703,
            "size_component": 0.00375012335932103,
            "marginal_component": 9.22757209029106e-05
        }
    },
    "dataset_name": "compas",
    "timestamp": "2026-05-03T16:04:30.366124",
    "experiment_id": "38b4b8c8",
    "experiment_name": "grid_compas_classic_vc",
    "metadata": {
        "loader": "FileLoader",
        "synthesizer": "CoNoise",
        "obtainer": "TopKObtainer",
        "repairer": "ClassicVCRepairer",
        "synthesizer_params": {
            "num_of_iterations": 100,
            "seed": 42
        },
        "obtainer_params": {
            "selection_budget": 0.5,
            "generation_budget": 0.5,
            "k": 20,
            "utility_function": {}
        },
        "repairer_params": {}
    }
}