{
    "runtimes": {
        "loading": 0.17418146133422852,
        "synthesizing": 0.03664755821228027,
        "marginals_obtaining": 0.7149386405944824,
        "repairing": 4.772833347320557
    },
    "deletion_ratio": {
        "before": 60798,
        "after": 60678,
        "ratio": 0.0019737491364847527
    },
    "marginals_error": {
        "synthetic_avg": 0.6209738010634559,
        "repaired_avg": 0.620059095151023
    },
    "tvd_2way": {
        "synthetic_avg": 8.236048786434582e-05,
        "repaired_avg": 0.00025355930905879233
    },
    "ml_accuracy": {
        "private_gold_standard": {
            "logistic_regression": 0.767443007993684,
            "random_forest": 0.81672094476792,
            "mlp": 0.7838251258265074
        },
        "synthetic": {
            "logistic_regression": 0.7675416954505082,
            "random_forest": 0.81672094476792,
            "mlp": 0.784746208756867
        },
        "repaired": {
            "logistic_regression": 0.7677061745452153,
            "random_forest": 0.8166716010395079,
            "mlp": 0.785420573045166
        }
    },
    "violations": {
        "private": 0,
        "synthetic": 1575299,
        "repaired": 0
    },
    "loss_function": {
        "synthetic": {
            "total": 3.926955895707412e-05,
            "size_component": 0.0,
            "marginal_component": 7.853911791414824e-05
        },
        "repaired": {
            "total": 0.0010363176753431169,
            "size_component": 0.0019737491364847527,
            "marginal_component": 9.88862142014812e-05
        }
    },
    "dataset_name": "compas",
    "timestamp": "2026-05-03T16:07:53.810790",
    "experiment_id": "f03911bb",
    "experiment_name": "grid_compas_classic_vc",
    "metadata": {
        "loader": "FileLoader",
        "synthesizer": "CoNoise",
        "obtainer": "TopKObtainer",
        "repairer": "ClassicVCRepairer",
        "synthesizer_params": {
            "num_of_iterations": 50,
            "seed": 43
        },
        "obtainer_params": {
            "selection_budget": 0.5,
            "generation_budget": 0.5,
            "k": 20,
            "utility_function": {}
        },
        "repairer_params": {}
    }
}