{
    "runtimes": {
        "loading": 0.17016339302062988,
        "synthesizing": 0.12126278877258301,
        "marginals_obtaining": 0.6875863075256348,
        "repairing": 112.06698203086853
    },
    "deletion_ratio": {
        "before": 60798,
        "after": 60310,
        "ratio": 0.008026579821704662
    },
    "marginals_error": {
        "synthetic_avg": 0.04919695731538877,
        "repaired_avg": 0.04533023617950878
    },
    "tvd_2way": {
        "synthetic_avg": 0.0003340376908683152,
        "repaired_avg": 0.0004873619315094284
    },
    "ml_accuracy": {
        "private_gold_standard": {
            "logistic_regression": 0.767443007993684,
            "random_forest": 0.81672094476792,
            "mlp": 0.7838251258265074
        },
        "synthetic": {
            "logistic_regression": 0.7673278726273891,
            "random_forest": 0.8165893614921543,
            "mlp": 0.7853218855883417
        },
        "repaired": {
            "logistic_regression": 0.7670647060758577,
            "random_forest": 0.8164906740353302,
            "mlp": 0.7881344781078325
        }
    },
    "violations": {
        "private": 0,
        "synthetic": 6730418,
        "repaired": 0
    },
    "loss_function": {
        "synthetic": {
            "total": 0.0002858386682934763,
            "size_component": 0.0,
            "marginal_component": 0.0005716773365869526
        },
        "repaired": {
            "total": 0.004121183872679009,
            "size_component": 0.008026579821704662,
            "marginal_component": 0.00021578792365335706
        }
    },
    "dataset_name": "compas",
    "timestamp": "2026-05-03T16:10:36.048765",
    "experiment_id": "171a9dc6",
    "experiment_name": "grid_compas_classic_vc",
    "metadata": {
        "loader": "FileLoader",
        "synthesizer": "CoNoise",
        "obtainer": "TopKObtainer",
        "repairer": "ClassicVCRepairer",
        "synthesizer_params": {
            "num_of_iterations": 200,
            "seed": 44
        },
        "obtainer_params": {
            "selection_budget": 0.5,
            "generation_budget": 0.5,
            "k": 20,
            "utility_function": {}
        },
        "repairer_params": {}
    }
}