{
    "runtimes": {
        "loading": 0.2145092487335205,
        "synthesizing": 0.016224145889282227,
        "marginals_obtaining": 0.8535163402557373,
        "repairing": 0.5527157783508301
    },
    "deletion_ratio": {
        "before": 60798,
        "after": 60772,
        "ratio": 0.0004276456462383631
    },
    "marginals_error": {
        "synthetic_avg": 0.1055399046052653,
        "repaired_avg": 0.10551832156317897
    },
    "tvd_2way": {
        "synthetic_avg": 2.1164589392453255e-05,
        "repaired_avg": 9.54062220780999e-05
    },
    "ml_accuracy": {
        "private_gold_standard": {
            "logistic_regression": 0.767443007993684,
            "random_forest": 0.81672094476792,
            "mlp": 0.7838251258265074
        },
        "synthetic": {
            "logistic_regression": 0.7675745912694496,
            "random_forest": 0.81672094476792,
            "mlp": 0.7870653639922366
        },
        "repaired": {
            "logistic_regression": 0.767278528898977,
            "random_forest": 0.8167373926773907,
            "mlp": 0.7809796374880753
        }
    },
    "violations": {
        "private": 0,
        "synthetic": 287992,
        "repaired": 0
    },
    "loss_function": {
        "synthetic": {
            "total": 3.421693577810642e-05,
            "size_component": 0.0,
            "marginal_component": 6.843387155621283e-05
        },
        "repaired": {
            "total": 0.0002485376456586639,
            "size_component": 0.0004276456462383631,
            "marginal_component": 6.942964507896476e-05
        }
    },
    "dataset_name": "compas",
    "timestamp": "2026-05-03T16:04:31.063143",
    "experiment_id": "2c514fb1",
    "experiment_name": "grid_compas_classic_vc",
    "metadata": {
        "loader": "FileLoader",
        "synthesizer": "CoNoise",
        "obtainer": "TopKObtainer",
        "repairer": "ClassicVCRepairer",
        "synthesizer_params": {
            "num_of_iterations": 10,
            "seed": 42
        },
        "obtainer_params": {
            "selection_budget": 0.5,
            "generation_budget": 0.5,
            "k": 20,
            "utility_function": {}
        },
        "repairer_params": {}
    }
}