{
    "runtimes": {
        "loading": 0.16904807090759277,
        "synthesizing": 0.03555560111999512,
        "marginals_obtaining": 0.6937394142150879,
        "repairing": 4.71388053894043
    },
    "deletion_ratio": {
        "before": 60798,
        "after": 60676,
        "ratio": 0.0020066449554261654
    },
    "marginals_error": {
        "synthetic_avg": 0.2995590273687904,
        "repaired_avg": 0.29918379727341277
    },
    "tvd_2way": {
        "synthetic_avg": 8.586776267795574e-05,
        "repaired_avg": 0.00019685155831781389
    },
    "ml_accuracy": {
        "private_gold_standard": {
            "logistic_regression": 0.767443007993684,
            "random_forest": 0.81672094476792,
            "mlp": 0.7838251258265074
        },
        "synthetic": {
            "logistic_regression": 0.7672949768084476,
            "random_forest": 0.8166716010395079,
            "mlp": 0.7834961676370933
        },
        "repaired": {
            "logistic_regression": 0.767048258166387,
            "random_forest": 0.8166058094016251,
            "mlp": 0.7861607289713477
        }
    },
    "violations": {
        "private": 0,
        "synthetic": 1738606,
        "repaired": 0
    },
    "loss_function": {
        "synthetic": {
            "total": 2.5330025584905735e-05,
            "size_component": 0.0,
            "marginal_component": 5.066005116981147e-05
        },
        "repaired": {
            "total": 0.0010288251668008697,
            "size_component": 0.0020066449554261654,
            "marginal_component": 5.1005378175574186e-05
        }
    },
    "dataset_name": "compas",
    "timestamp": "2026-05-03T16:08:32.992028",
    "experiment_id": "fab796a5",
    "experiment_name": "grid_compas_classic_vc",
    "metadata": {
        "loader": "FileLoader",
        "synthesizer": "CoNoise",
        "obtainer": "TopKObtainer",
        "repairer": "ClassicVCRepairer",
        "synthesizer_params": {
            "num_of_iterations": 50,
            "seed": 44
        },
        "obtainer_params": {
            "selection_budget": 0.5,
            "generation_budget": 0.5,
            "k": 20,
            "utility_function": {}
        },
        "repairer_params": {}
    }
}