{
    "runtimes": {
        "loading": 1.2623674869537354,
        "synthesizing": 19.325753688812256,
        "marginals_obtaining": 8.633240461349487,
        "repairing": 1160.0675687789917
    },
    "deletion_ratio": {
        "before": 3395604,
        "after": 3395297,
        "ratio": 9.041101376956795e-05
    },
    "marginals_error": {
        "synthetic_avg": 0.0025770065490790628,
        "repaired_avg": 0.000985131941393494
    },
    "tvd_2way": {
        "synthetic_avg": 2.753560191353161e-05,
        "repaired_avg": 2.2330730086275633e-05
    },
    "ml_accuracy": {
        "private_gold_standard": {
            "logistic_regression": 0.620176852188889,
            "random_forest": 0.643125346771885,
            "mlp": 0.6227763897085762
        },
        "synthetic": {
            "logistic_regression": 0.6201783246809699,
            "random_forest": 0.6431226962861394,
            "mlp": 0.6222289171528835
        },
        "repaired": {
            "logistic_regression": 0.6201786191793861,
            "random_forest": 0.6431244632766365,
            "mlp": 0.6222415805847796
        }
    },
    "violations": {
        "private": 0,
        "synthetic": 118469774,
        "repaired": 0
    },
    "loss_function": {
        "synthetic": {
            "total": 7.86917409522029e-06,
            "size_component": 0.0,
            "marginal_component": 1.573834819044058e-05
        },
        "repaired": {
            "total": 4.666151600889959e-05,
            "size_component": 9.041101376956795e-05,
            "marginal_component": 2.912018248231227e-06
        }
    },
    "dataset_name": "census",
    "timestamp": "2026-05-03T17:50:54.579454",
    "experiment_id": "8682d8e9",
    "experiment_name": "grid_census_weighted_vc",
    "metadata": {
        "loader": "FileLoader",
        "synthesizer": "CoNoise",
        "obtainer": "TopKObtainer",
        "repairer": "WeightedVCRepairer",
        "synthesizer_params": {
            "num_of_iterations": 200,
            "seed": 44
        },
        "obtainer_params": {
            "selection_budget": 0.5,
            "generation_budget": 0.5,
            "k": 20,
            "utility_function": {}
        },
        "repairer_params": {
            "alpha": 0.5
        }
    }
}