{
    "runtimes": {
        "loading": 1.2049062252044678,
        "synthesizing": 19.022295236587524,
        "marginals_obtaining": 7.7266929149627686,
        "repairing": 1030.895114660263
    },
    "deletion_ratio": {
        "before": 3395604,
        "after": 3395300,
        "ratio": 8.952751852100539e-05
    },
    "marginals_error": {
        "synthetic_avg": 0.03219220305803712,
        "repaired_avg": 0.030969414672905853
    },
    "tvd_2way": {
        "synthetic_avg": 2.7051783086936806e-05,
        "repaired_avg": 2.087533530179544e-05
    },
    "ml_accuracy": {
        "private_gold_standard": {
            "logistic_regression": 0.620176852188889,
            "random_forest": 0.643125346771885,
            "mlp": 0.6227763897085762
        },
        "synthetic": {
            "logistic_regression": 0.6201744962015594,
            "random_forest": 0.6431247577750527,
            "mlp": 0.6226509333832803
        },
        "repaired": {
            "logistic_regression": 0.6201856871413746,
            "random_forest": 0.6431238742798041,
            "mlp": 0.6226126485891759
        }
    },
    "violations": {
        "private": 0,
        "synthetic": 116164554,
        "repaired": 0
    },
    "loss_function": {
        "synthetic": {
            "total": 6.769698843318717e-06,
            "size_component": 0.0,
            "marginal_component": 1.3539397686637434e-05
        },
        "repaired": {
            "total": 4.5730024850692824e-05,
            "size_component": 8.952751852100539e-05,
            "marginal_component": 1.932531180380256e-06
        }
    },
    "dataset_name": "census",
    "timestamp": "2026-05-03T17:44:54.664356",
    "experiment_id": "ecef745d",
    "experiment_name": "grid_census_weighted_vc",
    "metadata": {
        "loader": "FileLoader",
        "synthesizer": "CoNoise",
        "obtainer": "TopKObtainer",
        "repairer": "WeightedVCRepairer",
        "synthesizer_params": {
            "num_of_iterations": 200,
            "seed": 42
        },
        "obtainer_params": {
            "selection_budget": 0.5,
            "generation_budget": 0.5,
            "k": 20,
            "utility_function": {}
        },
        "repairer_params": {
            "alpha": 0.5
        }
    }
}