{
    "runtimes": {
        "loading": 1.2349674701690674,
        "synthesizing": 1.0918910503387451,
        "marginals_obtaining": 8.816049814224243,
        "repairing": 17.50099492073059
    },
    "deletion_ratio": {
        "before": 3395604,
        "after": 3395587,
        "ratio": 5.006473075187802e-06
    },
    "marginals_error": {
        "synthetic_avg": 0.03921673947294581,
        "repaired_avg": 0.03921655494800311
    },
    "tvd_2way": {
        "synthetic_avg": 1.7669904971251044e-06,
        "repaired_avg": 2.8682456283237786e-06
    },
    "ml_accuracy": {
        "private_gold_standard": {
            "logistic_regression": 0.620176852188889,
            "random_forest": 0.643125346771885,
            "mlp": 0.6227763897085762
        },
        "synthetic": {
            "logistic_regression": 0.6201848036461259,
            "random_forest": 0.643125346771885,
            "mlp": 0.622604991630355
        },
        "repaired": {
            "logistic_regression": 0.6201912826112821,
            "random_forest": 0.6431215182924747,
            "mlp": 0.6222542440166757
        }
    },
    "violations": {
        "private": 0,
        "synthetic": 4148203,
        "repaired": 0
    },
    "loss_function": {
        "synthetic": {
            "total": 4.4625836428170566e-07,
            "size_component": 0.0,
            "marginal_component": 8.925167285634113e-07
        },
        "repaired": {
            "total": 2.949137579636547e-06,
            "size_component": 5.006473075187802e-06,
            "marginal_component": 8.918020840852917e-07
        }
    },
    "dataset_name": "census",
    "timestamp": "2026-05-03T17:23:47.401422",
    "experiment_id": "6a798f77",
    "experiment_name": "grid_census_weighted_vc",
    "metadata": {
        "loader": "FileLoader",
        "synthesizer": "CoNoise",
        "obtainer": "TopKObtainer",
        "repairer": "WeightedVCRepairer",
        "synthesizer_params": {
            "num_of_iterations": 10,
            "seed": 43
        },
        "obtainer_params": {
            "selection_budget": 0.5,
            "generation_budget": 0.5,
            "k": 20,
            "utility_function": {}
        },
        "repairer_params": {
            "alpha": 0.5
        }
    }
}