{
    "runtimes": {
        "loading": 1.0085086822509766,
        "synthesizing": 9.249143123626709,
        "marginals_obtaining": 8.899544477462769,
        "repairing": 361.7101848125458
    },
    "deletion_ratio": {
        "before": 3395604,
        "after": 3395446,
        "ratio": 4.6530749757627805e-05
    },
    "marginals_error": {
        "synthetic_avg": 0.10896682849352794,
        "repaired_avg": 0.10868277835809684
    },
    "tvd_2way": {
        "synthetic_avg": 1.5008901424984066e-05,
        "repaired_avg": 1.4590838003040865e-05
    },
    "ml_accuracy": {
        "private_gold_standard": {
            "logistic_regression": 0.620176852188889,
            "random_forest": 0.643125346771885,
            "mlp": 0.6227763897085762
        },
        "synthetic": {
            "logistic_regression": 0.6201780301825537,
            "random_forest": 0.6431244632766365,
            "mlp": 0.6224562699301803
        },
        "repaired": {
            "logistic_regression": 0.62017214021423,
            "random_forest": 0.6431212237940584,
            "mlp": 0.6227095385681016
        }
    },
    "violations": {
        "private": 0,
        "synthetic": 51316945,
        "repaired": 0
    },
    "loss_function": {
        "synthetic": {
            "total": 3.4249627617734183e-06,
            "size_component": 0.0,
            "marginal_component": 6.849925523546837e-06
        },
        "repaired": {
            "total": 2.4098039280476785e-05,
            "size_component": 4.6530749757627805e-05,
            "marginal_component": 1.6653288033257654e-06
        }
    },
    "dataset_name": "census",
    "timestamp": "2026-05-03T17:41:32.751135",
    "experiment_id": "6759842c",
    "experiment_name": "grid_census_weighted_vc",
    "metadata": {
        "loader": "FileLoader",
        "synthesizer": "CoNoise",
        "obtainer": "TopKObtainer",
        "repairer": "WeightedVCRepairer",
        "synthesizer_params": {
            "num_of_iterations": 100,
            "seed": 44
        },
        "obtainer_params": {
            "selection_budget": 0.5,
            "generation_budget": 0.5,
            "k": 20,
            "utility_function": {}
        },
        "repairer_params": {
            "alpha": 0.5
        }
    }
}