{
    "runtimes": {
        "loading": 1.0618855953216553,
        "synthesizing": 16.92262625694275,
        "marginals_obtaining": 3.0608229637145996,
        "repairing": 893.0113224983215
    },
    "deletion_ratio": {
        "before": 999910,
        "after": 0,
        "ratio": 1.0
    },
    "marginals_error": {
        "synthetic_avg": 0.003271444403500389,
        "repaired_avg": 1344492.028717834
    },
    "tvd_2way": {
        "synthetic_avg": 0.0001230110709963864,
        "repaired_avg": 0.5
    },
    "ml_accuracy": {
        "private_gold_standard": {
            "logistic_regression": 0.3857237151343621,
            "random_forest": 0.9506665599903992,
            "mlp": 0.9321608944805032
        },
        "synthetic": {
            "logistic_regression": 0.3849106419577762,
            "random_forest": 0.9506615595403586,
            "mlp": 0.9301807162644637
        },
        "repaired": {
            "logistic_regression": 0.0,
            "random_forest": 0.0,
            "mlp": 0.0
        }
    },
    "violations": {
        "private": 0,
        "synthetic": 8326197,
        "repaired": 0
    },
    "loss_function": {
        "synthetic": {
            "total": 9.101331528127884e-06,
            "size_component": 0.0,
            "marginal_component": 1.8202663056255768e-05
        },
        "repaired": {
            "total": 0.5672246014358917,
            "size_component": 1.0,
            "marginal_component": 0.13444920287178339
        }
    },
    "dataset_name": "tax",
    "timestamp": "2026-05-03T19:08:58.015295",
    "experiment_id": "754f35f9",
    "experiment_name": "grid_tax_ilp_marginals",
    "metadata": {
        "loader": "FileLoader",
        "synthesizer": "CoNoise",
        "obtainer": "TopKObtainer",
        "repairer": "ILPRepairer",
        "synthesizer_params": {
            "num_of_iterations": 500,
            "seed": 43
        },
        "obtainer_params": {
            "selection_budget": 0.5,
            "generation_budget": 0.5,
            "k": 20,
            "utility_function": {}
        },
        "repairer_params": {
            "alpha": 0.5,
            "gurobi_params": {},
            "use_marginals": true
        }
    }
}