{
    "runtimes": {
        "loading": 0.8521661758422852,
        "synthesizing": 16.28198742866516,
        "marginals_obtaining": 2.9276437759399414,
        "repairing": 888.0258936882019
    },
    "deletion_ratio": {
        "before": 999910,
        "after": 0,
        "ratio": 1.0
    },
    "marginals_error": {
        "synthetic_avg": 0.006633247092696928,
        "repaired_avg": 1655557.2651122543
    },
    "tvd_2way": {
        "synthetic_avg": 0.0001192051729100066,
        "repaired_avg": 0.5
    },
    "ml_accuracy": {
        "private_gold_standard": {
            "logistic_regression": 0.3857237151343621,
            "random_forest": 0.9506665599903992,
            "mlp": 0.9321608944805032
        },
        "synthetic": {
            "logistic_regression": 0.3846386174755728,
            "random_forest": 0.9506665599903992,
            "mlp": 0.9321358922303007
        },
        "repaired": {
            "logistic_regression": 0.0,
            "random_forest": 0.0,
            "mlp": 0.0
        }
    },
    "violations": {
        "private": 0,
        "synthetic": 8449643,
        "repaired": 0
    },
    "loss_function": {
        "synthetic": {
            "total": 1.1807729894124701e-05,
            "size_component": 0.0,
            "marginal_component": 2.3615459788249402e-05
        },
        "repaired": {
            "total": 0.5827778632556126,
            "size_component": 1.0,
            "marginal_component": 0.1655557265112254
        }
    },
    "dataset_name": "tax",
    "timestamp": "2026-05-03T19:11:18.286387",
    "experiment_id": "b4fad691",
    "experiment_name": "grid_tax_ilp_marginals",
    "metadata": {
        "loader": "FileLoader",
        "synthesizer": "CoNoise",
        "obtainer": "TopKObtainer",
        "repairer": "ILPRepairer",
        "synthesizer_params": {
            "num_of_iterations": 500,
            "seed": 44
        },
        "obtainer_params": {
            "selection_budget": 0.5,
            "generation_budget": 0.5,
            "k": 20,
            "utility_function": {}
        },
        "repairer_params": {
            "alpha": 0.5,
            "gurobi_params": {},
            "use_marginals": true
        }
    }
}