{
    "runtimes": {
        "loading": 0.8419473171234131,
        "synthesizing": 17.2471125125885,
        "marginals_obtaining": 3.071251630783081,
        "repairing": 897.1119103431702
    },
    "deletion_ratio": {
        "before": 999910,
        "after": 0,
        "ratio": 1.0
    },
    "marginals_error": {
        "synthetic_avg": 0.006555186555771825,
        "repaired_avg": 1667675.6627711742
    },
    "tvd_2way": {
        "synthetic_avg": 0.00012120535292620999,
        "repaired_avg": 0.5
    },
    "ml_accuracy": {
        "private_gold_standard": {
            "logistic_regression": 0.3857237151343621,
            "random_forest": 0.9506665599903992,
            "mlp": 0.9321608944805032
        },
        "synthetic": {
            "logistic_regression": 0.38431358822294004,
            "random_forest": 0.950665559900391,
            "mlp": 0.9314658319248732
        },
        "repaired": {
            "logistic_regression": 0.0,
            "random_forest": 0.0,
            "mlp": 0.0
        }
    },
    "violations": {
        "private": 0,
        "synthetic": 8503279,
        "repaired": 0
    },
    "loss_function": {
        "synthetic": {
            "total": 1.0803292022844574e-05,
            "size_component": 0.0,
            "marginal_component": 2.1606584045689147e-05
        },
        "repaired": {
            "total": 0.5833837831385587,
            "size_component": 1.0,
            "marginal_component": 0.16676756627711742
        }
    },
    "dataset_name": "tax",
    "timestamp": "2026-05-03T19:10:31.148920",
    "experiment_id": "c017adf9",
    "experiment_name": "grid_tax_ilp_marginals",
    "metadata": {
        "loader": "FileLoader",
        "synthesizer": "CoNoise",
        "obtainer": "TopKObtainer",
        "repairer": "ILPRepairer",
        "synthesizer_params": {
            "num_of_iterations": 500,
            "seed": 42
        },
        "obtainer_params": {
            "selection_budget": 0.5,
            "generation_budget": 0.5,
            "k": 20,
            "utility_function": {}
        },
        "repairer_params": {
            "alpha": 0.5,
            "gurobi_params": {},
            "use_marginals": true
        }
    }
}