{
    "runtimes": {
        "loading": 0.1485576629638672,
        "synthesizing": 0.0371241569519043,
        "marginals_obtaining": 0.6840991973876953,
        "repairing": 3.064116954803467
    },
    "deletion_ratio": {
        "before": 48842,
        "after": 48742,
        "ratio": 0.0020474182056426844
    },
    "marginals_error": {
        "synthetic_avg": 0.6062062692543547,
        "repaired_avg": 0.6052770777351953
    },
    "tvd_2way": {
        "synthetic_avg": 0.00014253930555474273,
        "repaired_avg": 0.0005256870768448552
    },
    "ml_accuracy": {
        "private_gold_standard": {
            "logistic_regression": 0.5501822202203022,
            "random_forest": 0.974530117521805,
            "mlp": 0.5760615863396258
        },
        "synthetic": {
            "logistic_regression": 0.5504074362229229,
            "random_forest": 0.9742639531550714,
            "mlp": 0.5756725768805536
        },
        "repaired": {
            "logistic_regression": 0.5502026944023586,
            "random_forest": 0.973567830965153,
            "mlp": 0.574730764505958
        }
    },
    "violations": {
        "private": 0,
        "synthetic": 955505,
        "repaired": 0
    },
    "loss_function": {
        "synthetic": {
            "total": 2.9696299464143938e-05,
            "size_component": 0.0,
            "marginal_component": 5.9392598928287875e-05
        },
        "repaired": {
            "total": 0.0010546612342680094,
            "size_component": 0.0020474182056426844,
            "marginal_component": 6.190426289333458e-05
        }
    },
    "dataset_name": "adult",
    "timestamp": "2026-05-03T15:40:16.749609",
    "experiment_id": "8d455870",
    "experiment_name": "grid_adult_classic_vc",
    "metadata": {
        "loader": "FileLoader",
        "synthesizer": "CoNoise",
        "obtainer": "TopKObtainer",
        "repairer": "ClassicVCRepairer",
        "synthesizer_params": {
            "num_of_iterations": 50,
            "seed": 43
        },
        "obtainer_params": {
            "selection_budget": 0.5,
            "generation_budget": 0.5,
            "k": 20,
            "utility_function": {}
        },
        "repairer_params": {}
    }
}