{
    "runtimes": {
        "loading": 0.11949777603149414,
        "synthesizing": 0.1038825511932373,
        "marginals_obtaining": 0.5597507953643799,
        "repairing": 41.80551528930664
    },
    "deletion_ratio": {
        "before": 48842,
        "after": 48442,
        "ratio": 0.008189672822570737
    },
    "marginals_error": {
        "synthetic_avg": 0.2648918799655743,
        "repaired_avg": 0.26122678657670245
    },
    "tvd_2way": {
        "synthetic_avg": 0.0005260889827451385,
        "repaired_avg": 0.0011802040896476602
    },
    "ml_accuracy": {
        "private_gold_standard": {
            "logistic_regression": 0.5501822202203022,
            "random_forest": 0.974530117521805,
            "mlp": 0.5760615863396258
        },
        "synthetic": {
            "logistic_regression": 0.5504688587690921,
            "random_forest": 0.9731173989599116,
            "mlp": 0.5768600794398264
        },
        "repaired": {
            "logistic_regression": 0.5505302813152615,
            "random_forest": 0.971029032390156,
            "mlp": 0.5773105114450677
        }
    },
    "violations": {
        "private": 0,
        "synthetic": 3899985,
        "repaired": 0
    },
    "loss_function": {
        "synthetic": {
            "total": 0.000361402137577952,
            "size_component": 0.0,
            "marginal_component": 0.000722804275155904
        },
        "repaired": {
            "total": 0.004148362975097026,
            "size_component": 0.008189672822570737,
            "marginal_component": 0.00010705312762331366
        }
    },
    "dataset_name": "adult",
    "timestamp": "2026-05-03T15:41:02.694907",
    "experiment_id": "591ab175",
    "experiment_name": "grid_adult_classic_vc",
    "metadata": {
        "loader": "FileLoader",
        "synthesizer": "CoNoise",
        "obtainer": "TopKObtainer",
        "repairer": "ClassicVCRepairer",
        "synthesizer_params": {
            "num_of_iterations": 200,
            "seed": 42
        },
        "obtainer_params": {
            "selection_budget": 0.5,
            "generation_budget": 0.5,
            "k": 20,
            "utility_function": {}
        },
        "repairer_params": {}
    }
}