{
    "runtimes": {
        "loading": 0.1543138027191162,
        "synthesizing": 0.038031816482543945,
        "marginals_obtaining": 0.6923065185546875,
        "repairing": 2.919131278991699
    },
    "deletion_ratio": {
        "before": 48842,
        "after": 48742,
        "ratio": 0.0020474182056426844
    },
    "marginals_error": {
        "synthetic_avg": 0.910488043913292,
        "repaired_avg": 0.9080916032022696
    },
    "tvd_2way": {
        "synthetic_avg": 0.00014682913417608904,
        "repaired_avg": 0.0004949266816612607
    },
    "ml_accuracy": {
        "private_gold_standard": {
            "logistic_regression": 0.5501822202203022,
            "random_forest": 0.974530117521805,
            "mlp": 0.5760615863396258
        },
        "synthetic": {
            "logistic_regression": 0.55036648785881,
            "random_forest": 0.9741206338806765,
            "mlp": 0.5761434830678515
        },
        "repaired": {
            "logistic_regression": 0.5502436427664715,
            "random_forest": 0.9736702018754351,
            "mlp": 0.5755497317882151
        }
    },
    "violations": {
        "private": 0,
        "synthetic": 867952,
        "repaired": 0
    },
    "loss_function": {
        "synthetic": {
            "total": 3.215416629034165e-05,
            "size_component": 0.0,
            "marginal_component": 6.43083325806833e-05
        },
        "repaired": {
            "total": 0.0010540618544496248,
            "size_component": 0.0020474182056426844,
            "marginal_component": 6.070550325656502e-05
        }
    },
    "dataset_name": "adult",
    "timestamp": "2026-05-03T15:40:13.686356",
    "experiment_id": "ffd2a6ce",
    "experiment_name": "grid_adult_classic_vc",
    "metadata": {
        "loader": "FileLoader",
        "synthesizer": "CoNoise",
        "obtainer": "TopKObtainer",
        "repairer": "ClassicVCRepairer",
        "synthesizer_params": {
            "num_of_iterations": 50,
            "seed": 42
        },
        "obtainer_params": {
            "selection_budget": 0.5,
            "generation_budget": 0.5,
            "k": 20,
            "utility_function": {}
        },
        "repairer_params": {}
    }
}