{
    "runtimes": {
        "loading": 0.14408254623413086,
        "synthesizing": 0.012760162353515625,
        "marginals_obtaining": 0.6827483177185059,
        "repairing": 0.7387793064117432
    },
    "deletion_ratio": {
        "before": 48842,
        "after": 48822,
        "ratio": 0.0004094836411285369
    },
    "marginals_error": {
        "synthetic_avg": 0.6063993384168798,
        "repaired_avg": 0.6061681148143018
    },
    "tvd_2way": {
        "synthetic_avg": 3.3538660130526864e-05,
        "repaired_avg": 0.00017474049054421958
    },
    "ml_accuracy": {
        "private_gold_standard": {
            "logistic_regression": 0.5501822202203022,
            "random_forest": 0.974530117521805,
            "mlp": 0.5760615863396258
        },
        "synthetic": {
            "logistic_regression": 0.5503869620408665,
            "random_forest": 0.9745096433397485,
            "mlp": 0.5763277507063593
        },
        "repaired": {
            "logistic_regression": 0.5502026944023586,
            "random_forest": 0.9743049015191844,
            "mlp": 0.5766553376192621
        }
    },
    "violations": {
        "private": 0,
        "synthetic": 282878,
        "repaired": 0
    },
    "loss_function": {
        "synthetic": {
            "total": 2.9852251905409497e-05,
            "size_component": 0.0,
            "marginal_component": 5.9704503810818994e-05
        },
        "repaired": {
            "total": 0.00023523680594444247,
            "size_component": 0.0004094836411285369,
            "marginal_component": 6.098997076034806e-05
        }
    },
    "dataset_name": "adult",
    "timestamp": "2026-05-03T15:40:10.904961",
    "experiment_id": "339ee80b",
    "experiment_name": "grid_adult_classic_vc",
    "metadata": {
        "loader": "FileLoader",
        "synthesizer": "CoNoise",
        "obtainer": "TopKObtainer",
        "repairer": "ClassicVCRepairer",
        "synthesizer_params": {
            "num_of_iterations": 10,
            "seed": 43
        },
        "obtainer_params": {
            "selection_budget": 0.5,
            "generation_budget": 0.5,
            "k": 20,
            "utility_function": {}
        },
        "repairer_params": {}
    }
}