{
    "runtimes": {
        "loading": 0.14105725288391113,
        "synthesizing": 0.3197596073150635,
        "marginals_obtaining": 0.6733231544494629,
        "repairing": 441.74769496917725
    },
    "deletion_ratio": {
        "before": 48842,
        "after": 47846,
        "ratio": 0.02039228532820114
    },
    "marginals_error": {
        "synthetic_avg": 0.004261312163895063,
        "repaired_avg": 0.0007715862333614117
    },
    "tvd_2way": {
        "synthetic_avg": 0.00122377111034414,
        "repaired_avg": 0.0020625702977207765
    },
    "ml_accuracy": {
        "private_gold_standard": {
            "logistic_regression": 0.5501822202203022,
            "random_forest": 0.974530117521805,
            "mlp": 0.5760615863396258
        },
        "synthetic": {
            "logistic_regression": 0.549936530035625,
            "random_forest": 0.9706400229310839,
            "mlp": 0.5754268866958765
        },
        "repaired": {
            "logistic_regression": 0.5504279104049793,
            "random_forest": 0.9651119937758487,
            "mlp": 0.574874083780353
        }
    },
    "violations": {
        "private": 0,
        "synthetic": 9165481,
        "repaired": 0
    },
    "loss_function": {
        "synthetic": {
            "total": 0.0010625271618686608,
            "size_component": 0.0,
            "marginal_component": 0.0021250543237373216
        },
        "repaired": {
            "total": 0.010350490153854855,
            "size_component": 0.02039228532820114,
            "marginal_component": 0.0003086949795085697
        }
    },
    "dataset_name": "adult",
    "timestamp": "2026-05-03T15:48:01.513260",
    "experiment_id": "af2e7d13",
    "experiment_name": "grid_adult_classic_vc",
    "metadata": {
        "loader": "FileLoader",
        "synthesizer": "CoNoise",
        "obtainer": "TopKObtainer",
        "repairer": "ClassicVCRepairer",
        "synthesizer_params": {
            "num_of_iterations": 500,
            "seed": 44
        },
        "obtainer_params": {
            "selection_budget": 0.5,
            "generation_budget": 0.5,
            "k": 20,
            "utility_function": {}
        },
        "repairer_params": {}
    }
}