{
    "runtimes": {
        "loading": 0.1471843719482422,
        "synthesizing": 0.12554526329040527,
        "marginals_obtaining": 0.6920843124389648,
        "repairing": 46.45750164985657
    },
    "deletion_ratio": {
        "before": 48842,
        "after": 48444,
        "ratio": 0.008148724458457884
    },
    "marginals_error": {
        "synthetic_avg": 0.11536801004114157,
        "repaired_avg": 0.10946043661175271
    },
    "tvd_2way": {
        "synthetic_avg": 0.0004800708211706936,
        "repaired_avg": 0.001162401566763874
    },
    "ml_accuracy": {
        "private_gold_standard": {
            "logistic_regression": 0.5501822202203022,
            "random_forest": 0.974530117521805,
            "mlp": 0.5760615863396258
        },
        "synthetic": {
            "logistic_regression": 0.5506121780434872,
            "random_forest": 0.9734245116907579,
            "mlp": 0.5755497317882151
        },
        "repaired": {
            "logistic_regression": 0.5502436427664715,
            "random_forest": 0.970885713115761,
            "mlp": 0.5742803325007166
        }
    },
    "violations": {
        "private": 0,
        "synthetic": 4095570,
        "repaired": 0
    },
    "loss_function": {
        "synthetic": {
            "total": 0.00027017907243720776,
            "size_component": 0.0,
            "marginal_component": 0.0005403581448744155
        },
        "repaired": {
            "total": 0.004137836858779772,
            "size_component": 0.008148724458457884,
            "marginal_component": 0.0001269492591016599
        }
    },
    "dataset_name": "adult",
    "timestamp": "2026-05-03T15:41:04.904842",
    "experiment_id": "d565d832",
    "experiment_name": "grid_adult_classic_vc",
    "metadata": {
        "loader": "FileLoader",
        "synthesizer": "CoNoise",
        "obtainer": "TopKObtainer",
        "repairer": "ClassicVCRepairer",
        "synthesizer_params": {
            "num_of_iterations": 200,
            "seed": 43
        },
        "obtainer_params": {
            "selection_budget": 0.5,
            "generation_budget": 0.5,
            "k": 20,
            "utility_function": {}
        },
        "repairer_params": {}
    }
}