{
    "runtimes": {
        "loading": 0.1811506748199463,
        "synthesizing": 0.0743873119354248,
        "marginals_obtaining": 0.8246872425079346,
        "repairing": 8.585845232009888
    },
    "deletion_ratio": {
        "before": 48842,
        "after": 48642,
        "ratio": 0.004094836411285369
    },
    "marginals_error": {
        "synthetic_avg": 0.42053428942824506,
        "repaired_avg": 0.4169683439261231
    },
    "tvd_2way": {
        "synthetic_avg": 0.0002807887824881385,
        "repaired_avg": 0.0007892432890225754
    },
    "ml_accuracy": {
        "private_gold_standard": {
            "logistic_regression": 0.5501822202203022,
            "random_forest": 0.974530117521805,
            "mlp": 0.5760615863396258
        },
        "synthetic": {
            "logistic_regression": 0.5505302813152615,
            "random_forest": 0.9738544695139429,
            "mlp": 0.5754268866958765
        },
        "repaired": {
            "logistic_regression": 0.5504074362229229,
            "random_forest": 0.9726464927726137,
            "mlp": 0.5754883092420457
        }
    },
    "violations": {
        "private": 0,
        "synthetic": 1744202,
        "repaired": 0
    },
    "loss_function": {
        "synthetic": {
            "total": 7.699623595687897e-05,
            "size_component": 0.0,
            "marginal_component": 0.00015399247191375795
        },
        "repaired": {
            "total": 0.002080332992286443,
            "size_component": 0.004094836411285369,
            "marginal_component": 6.582957328751679e-05
        }
    },
    "dataset_name": "adult",
    "timestamp": "2026-05-03T15:40:12.471649",
    "experiment_id": "49b8e28b",
    "experiment_name": "grid_adult_classic_vc",
    "metadata": {
        "loader": "FileLoader",
        "synthesizer": "CoNoise",
        "obtainer": "TopKObtainer",
        "repairer": "ClassicVCRepairer",
        "synthesizer_params": {
            "num_of_iterations": 100,
            "seed": 42
        },
        "obtainer_params": {
            "selection_budget": 0.5,
            "generation_budget": 0.5,
            "k": 20,
            "utility_function": {}
        },
        "repairer_params": {}
    }
}