{
    "runtimes": {
        "loading": 0.1461184024810791,
        "synthesizing": 0.0676274299621582,
        "marginals_obtaining": 0.6023383140563965,
        "repairing": 9.57531452178955
    },
    "deletion_ratio": {
        "before": 48842,
        "after": 48642,
        "ratio": 0.004094836411285369
    },
    "marginals_error": {
        "synthetic_avg": 0.8879095424904229,
        "repaired_avg": 0.8837325738808415
    },
    "tvd_2way": {
        "synthetic_avg": 0.0002759139772366092,
        "repaired_avg": 0.0007765098832038167
    },
    "ml_accuracy": {
        "private_gold_standard": {
            "logistic_regression": 0.5501822202203022,
            "random_forest": 0.974530117521805,
            "mlp": 0.5760615863396258
        },
        "synthetic": {
            "logistic_regression": 0.5501822202203022,
            "random_forest": 0.9737111502395479,
            "mlp": 0.5753654641497072
        },
        "repaired": {
            "logistic_regression": 0.5501822202203022,
            "random_forest": 0.9724622251341059,
            "mlp": 0.5779247369067606
        }
    },
    "violations": {
        "private": 0,
        "synthetic": 1879984,
        "repaired": 0
    },
    "loss_function": {
        "synthetic": {
            "total": 9.57009530425097e-05,
            "size_component": 0.0,
            "marginal_component": 0.0001914019060850194
        },
        "repaired": {
            "total": 0.002086711482464488,
            "size_component": 0.004094836411285369,
            "marginal_component": 7.858655364360712e-05
        }
    },
    "dataset_name": "adult",
    "timestamp": "2026-05-03T15:40:40.122917",
    "experiment_id": "74e93578",
    "experiment_name": "grid_adult_classic_vc",
    "metadata": {
        "loader": "FileLoader",
        "synthesizer": "CoNoise",
        "obtainer": "TopKObtainer",
        "repairer": "ClassicVCRepairer",
        "synthesizer_params": {
            "num_of_iterations": 100,
            "seed": 44
        },
        "obtainer_params": {
            "selection_budget": 0.5,
            "generation_budget": 0.5,
            "k": 20,
            "utility_function": {}
        },
        "repairer_params": {}
    }
}