{
    "runtimes": {
        "loading": 0.21276044845581055,
        "synthesizing": 0.3662850856781006,
        "marginals_obtaining": 0.8300509452819824,
        "repairing": 784.6407001018524
    },
    "deletion_ratio": {
        "before": 60798,
        "after": 59679,
        "ratio": 0.01840521069772032
    },
    "marginals_error": {
        "synthetic_avg": 0.02635527856039919,
        "repaired_avg": 0.005813499324588801
    },
    "tvd_2way": {
        "synthetic_avg": 0.0007406396882250383,
        "repaired_avg": 0.0018257456132060822
    },
    "ml_accuracy": {
        "private_gold_standard": {
            "logistic_regression": 0.767443007993684,
            "random_forest": 0.81672094476792,
            "mlp": 0.7838251258265074
        },
        "synthetic": {
            "logistic_regression": 0.7679528931872759,
            "random_forest": 0.8164742261258594,
            "mlp": 0.7818349287805519
        },
        "repaired": {
            "logistic_regression": 0.7669660186190336,
            "random_forest": 0.8161123721175039,
            "mlp": 0.7845652817526892
        }
    },
    "violations": {
        "private": 0,
        "synthetic": 17152734,
        "repaired": 0
    },
    "loss_function": {
        "synthetic": {
            "total": 0.0007434950771742818,
            "size_component": 0.0,
            "marginal_component": 0.0014869901543485635
        },
        "repaired": {
            "total": 0.00940768004747883,
            "size_component": 0.01840521069772032,
            "marginal_component": 0.00041014939723733835
        }
    },
    "dataset_name": "compas",
    "timestamp": "2026-05-03T16:09:39.372397",
    "experiment_id": "e4189d25",
    "experiment_name": "grid_compas_weighted_vc",
    "metadata": {
        "loader": "FileLoader",
        "synthesizer": "CoNoise",
        "obtainer": "TopKObtainer",
        "repairer": "WeightedVCRepairer",
        "synthesizer_params": {
            "num_of_iterations": 500,
            "seed": 44
        },
        "obtainer_params": {
            "selection_budget": 0.5,
            "generation_budget": 0.5,
            "k": 20,
            "utility_function": {}
        },
        "repairer_params": {
            "alpha": 0.5
        }
    }
}