{
    "runtimes": {
        "loading": 0.2178199291229248,
        "synthesizing": 0.08396577835083008,
        "marginals_obtaining": 0.8426272869110107,
        "repairing": 27.454918384552002
    },
    "deletion_ratio": {
        "before": 60798,
        "after": 60663,
        "ratio": 0.002220467778545347
    },
    "marginals_error": {
        "synthetic_avg": 0.3445013105415483,
        "repaired_avg": 0.34265021412840013
    },
    "tvd_2way": {
        "synthetic_avg": 0.00015565043741764132,
        "repaired_avg": 0.0002790722353074418
    },
    "ml_accuracy": {
        "private_gold_standard": {
            "logistic_regression": 0.767443007993684,
            "random_forest": 0.81672094476792,
            "mlp": 0.7838251258265074
        },
        "synthetic": {
            "logistic_regression": 0.7676568308168031,
            "random_forest": 0.8166880489489786,
            "mlp": 0.7828546991677358
        },
        "repaired": {
            "logistic_regression": 0.7672456330800356,
            "random_forest": 0.8165893614921543,
            "mlp": 0.7857330833251094
        }
    },
    "violations": {
        "private": 0,
        "synthetic": 3179951,
        "repaired": 0
    },
    "loss_function": {
        "synthetic": {
            "total": 8.844425941244797e-05,
            "size_component": 0.0,
            "marginal_component": 0.00017688851882489593
        },
        "repaired": {
            "total": 0.0011558667931221005,
            "size_component": 0.002220467778545347,
            "marginal_component": 9.126580769885394e-05
        }
    },
    "dataset_name": "compas",
    "timestamp": "2026-05-03T15:52:31.678856",
    "experiment_id": "8d2ec9cc",
    "experiment_name": "grid_compas_weighted_vc",
    "metadata": {
        "loader": "FileLoader",
        "synthesizer": "CoNoise",
        "obtainer": "TopKObtainer",
        "repairer": "WeightedVCRepairer",
        "synthesizer_params": {
            "num_of_iterations": 100,
            "seed": 43
        },
        "obtainer_params": {
            "selection_budget": 0.5,
            "generation_budget": 0.5,
            "k": 20,
            "utility_function": {}
        },
        "repairer_params": {
            "alpha": 0.5
        }
    }
}