{
    "runtimes": {
        "loading": 0.17863130569458008,
        "synthesizing": 0.1271378993988037,
        "marginals_obtaining": 0.6993000507354736,
        "repairing": 122.99660921096802
    },
    "deletion_ratio": {
        "before": 60798,
        "after": 60485,
        "ratio": 0.005148195664331064
    },
    "marginals_error": {
        "synthetic_avg": 0.04919695731538877,
        "repaired_avg": 0.04446000518176936
    },
    "tvd_2way": {
        "synthetic_avg": 0.0003340376908683152,
        "repaired_avg": 0.00048424923246367056
    },
    "ml_accuracy": {
        "private_gold_standard": {
            "logistic_regression": 0.767443007993684,
            "random_forest": 0.81672094476792,
            "mlp": 0.7838251258265074
        },
        "synthetic": {
            "logistic_regression": 0.7673278726273891,
            "random_forest": 0.8165893614921543,
            "mlp": 0.7853218855883417
        },
        "repaired": {
            "logistic_regression": 0.7670647060758577,
            "random_forest": 0.8166222573110957,
            "mlp": 0.785140958584164
        }
    },
    "violations": {
        "private": 0,
        "synthetic": 6730418,
        "repaired": 0
    },
    "loss_function": {
        "synthetic": {
            "total": 0.0002858386682934763,
            "size_component": 0.0,
            "marginal_component": 0.0005716773365869526
        },
        "repaired": {
            "total": 0.0026844820619934765,
            "size_component": 0.005148195664331064,
            "marginal_component": 0.00022076845965588913
        }
    },
    "dataset_name": "compas",
    "timestamp": "2026-05-03T15:58:29.684162",
    "experiment_id": "ccf0adfe",
    "experiment_name": "grid_compas_weighted_vc",
    "metadata": {
        "loader": "FileLoader",
        "synthesizer": "CoNoise",
        "obtainer": "TopKObtainer",
        "repairer": "WeightedVCRepairer",
        "synthesizer_params": {
            "num_of_iterations": 200,
            "seed": 44
        },
        "obtainer_params": {
            "selection_budget": 0.5,
            "generation_budget": 0.5,
            "k": 20,
            "utility_function": {}
        },
        "repairer_params": {
            "alpha": 0.5
        }
    }
}