{
    "runtimes": {
        "loading": 0.22869062423706055,
        "synthesizing": 0.08864974975585938,
        "marginals_obtaining": 0.9291799068450928,
        "repairing": 25.14250922203064
    },
    "deletion_ratio": {
        "before": 60798,
        "after": 60676,
        "ratio": 0.0020066449554261654
    },
    "marginals_error": {
        "synthetic_avg": 0.04253945605953637,
        "repaired_avg": 0.03713256729175077
    },
    "tvd_2way": {
        "synthetic_avg": 0.00016435815419624632,
        "repaired_avg": 0.0002195734331868123
    },
    "ml_accuracy": {
        "private_gold_standard": {
            "logistic_regression": 0.767443007993684,
            "random_forest": 0.81672094476792,
            "mlp": 0.7838251258265074
        },
        "synthetic": {
            "logistic_regression": 0.7674759038126254,
            "random_forest": 0.8166880489489786,
            "mlp": 0.7858975624198165
        },
        "repaired": {
            "logistic_regression": 0.7674265600842133,
            "random_forest": 0.8166387052205665,
            "mlp": 0.7857166354156386
        }
    },
    "violations": {
        "private": 0,
        "synthetic": 3241015,
        "repaired": 0
    },
    "loss_function": {
        "synthetic": {
            "total": 8.889524542706559e-05,
            "size_component": 0.0,
            "marginal_component": 0.00017779049085413118
        },
        "repaired": {
            "total": 0.0010486975827595207,
            "size_component": 0.0020066449554261654,
            "marginal_component": 9.075021009287614e-05
        }
    },
    "dataset_name": "compas",
    "timestamp": "2026-05-03T15:52:05.867455",
    "experiment_id": "dbce813d",
    "experiment_name": "grid_compas_weighted_vc",
    "metadata": {
        "loader": "FileLoader",
        "synthesizer": "CoNoise",
        "obtainer": "TopKObtainer",
        "repairer": "WeightedVCRepairer",
        "synthesizer_params": {
            "num_of_iterations": 100,
            "seed": 42
        },
        "obtainer_params": {
            "selection_budget": 0.5,
            "generation_budget": 0.5,
            "k": 20,
            "utility_function": {}
        },
        "repairer_params": {
            "alpha": 0.5
        }
    }
}