{
    "runtimes": {
        "loading": 0.17244267463684082,
        "synthesizing": 0.2920067310333252,
        "marginals_obtaining": 0.6812219619750977,
        "repairing": 736.2707304954529
    },
    "deletion_ratio": {
        "before": 60798,
        "after": 59873,
        "ratio": 0.015214316260403303
    },
    "marginals_error": {
        "synthetic_avg": 0.02448853493827854,
        "repaired_avg": 0.005223659703631583
    },
    "tvd_2way": {
        "synthetic_avg": 0.0007434213199737599,
        "repaired_avg": 0.0014975852470244654
    },
    "ml_accuracy": {
        "private_gold_standard": {
            "logistic_regression": 0.767443007993684,
            "random_forest": 0.81672094476792,
            "mlp": 0.7838251258265074
        },
        "synthetic": {
            "logistic_regression": 0.7676897266357446,
            "random_forest": 0.8162932991216816,
            "mlp": 0.7849271357610448
        },
        "repaired": {
            "logistic_regression": 0.766768643705385,
            "random_forest": 0.8160136846606796,
            "mlp": 0.7834961676370933
        }
    },
    "violations": {
        "private": 0,
        "synthetic": 16967095,
        "repaired": 0
    },
    "loss_function": {
        "synthetic": {
            "total": 0.0007533003055651362,
            "size_component": 0.0,
            "marginal_component": 0.0015066006111302723
        },
        "repaired": {
            "total": 0.007882710138366555,
            "size_component": 0.015214316260403303,
            "marginal_component": 0.000551104016329809
        }
    },
    "dataset_name": "compas",
    "timestamp": "2026-05-03T16:04:01.130242",
    "experiment_id": "5bebf207",
    "experiment_name": "grid_compas_weighted_vc",
    "metadata": {
        "loader": "FileLoader",
        "synthesizer": "CoNoise",
        "obtainer": "TopKObtainer",
        "repairer": "WeightedVCRepairer",
        "synthesizer_params": {
            "num_of_iterations": 500,
            "seed": 42
        },
        "obtainer_params": {
            "selection_budget": 0.5,
            "generation_budget": 0.5,
            "k": 20,
            "utility_function": {}
        },
        "repairer_params": {
            "alpha": 0.5
        }
    }
}