{
    "runtimes": {
        "loading": 0.21071720123291016,
        "synthesizing": 0.08078932762145996,
        "marginals_obtaining": 0.8309018611907959,
        "repairing": 29.29471230506897
    },
    "deletion_ratio": {
        "before": 60798,
        "after": 60666,
        "ratio": 0.0021711240501332283
    },
    "marginals_error": {
        "synthetic_avg": 0.12756779810709773,
        "repaired_avg": 0.12499108638709586
    },
    "tvd_2way": {
        "synthetic_avg": 0.00017463809761544146,
        "repaired_avg": 0.0002360810683048567
    },
    "ml_accuracy": {
        "private_gold_standard": {
            "logistic_regression": 0.767443007993684,
            "random_forest": 0.81672094476792,
            "mlp": 0.7838251258265074
        },
        "synthetic": {
            "logistic_regression": 0.7673936642652719,
            "random_forest": 0.8166387052205665,
            "mlp": 0.7869502286259417
        },
        "repaired": {
            "logistic_regression": 0.7668673311622093,
            "random_forest": 0.8165235698542715,
            "mlp": 0.7844501463863943
        }
    },
    "violations": {
        "private": 0,
        "synthetic": 3310615,
        "repaired": 0
    },
    "loss_function": {
        "synthetic": {
            "total": 9.619697231335383e-05,
            "size_component": 0.0,
            "marginal_component": 0.00019239394462670765
        },
        "repaired": {
            "total": 0.0011046293631201826,
            "size_component": 0.0021711240501332283,
            "marginal_component": 3.8134676107136976e-05
        }
    },
    "dataset_name": "compas",
    "timestamp": "2026-05-03T15:56:34.283766",
    "experiment_id": "55c680a6",
    "experiment_name": "grid_compas_weighted_vc",
    "metadata": {
        "loader": "FileLoader",
        "synthesizer": "CoNoise",
        "obtainer": "TopKObtainer",
        "repairer": "WeightedVCRepairer",
        "synthesizer_params": {
            "num_of_iterations": 100,
            "seed": 44
        },
        "obtainer_params": {
            "selection_budget": 0.5,
            "generation_budget": 0.5,
            "k": 20,
            "utility_function": {}
        },
        "repairer_params": {
            "alpha": 0.5
        }
    }
}