{
    "runtimes": {
        "loading": 0.15498948097229004,
        "synthesizing": 0.03643536567687988,
        "marginals_obtaining": 0.6887192726135254,
        "repairing": 2.1660213470458984
    },
    "deletion_ratio": {
        "before": 48842,
        "after": 48792,
        "ratio": 0.0010237091028213422
    },
    "marginals_error": {
        "synthetic_avg": 0.8310834496467834,
        "repaired_avg": 0.8299676919967494
    },
    "tvd_2way": {
        "synthetic_avg": 0.0001442942354452934,
        "repaired_avg": 0.0003434967857884014
    },
    "ml_accuracy": {
        "private_gold_standard": {
            "logistic_regression": 0.5501822202203022,
            "random_forest": 0.974530117521805,
            "mlp": 0.5760615863396258
        },
        "synthetic": {
            "logistic_regression": 0.5501617460382457,
            "random_forest": 0.9741820564268457,
            "mlp": 0.576409647434585
        },
        "repaired": {
            "logistic_regression": 0.5501822202203022,
            "random_forest": 0.9739977887883379,
            "mlp": 0.5735227877646288
        }
    },
    "violations": {
        "private": 0,
        "synthetic": 955631,
        "repaired": 0
    },
    "loss_function": {
        "synthetic": {
            "total": 3.2513204452900904e-05,
            "size_component": 0.0,
            "marginal_component": 6.502640890580181e-05
        },
        "repaired": {
            "total": 0.0005401258057835428,
            "size_component": 0.0010237091028213422,
            "marginal_component": 5.654250874574335e-05
        }
    },
    "dataset_name": "adult",
    "timestamp": "2026-05-03T15:39:58.366757",
    "experiment_id": "76986114",
    "experiment_name": "grid_adult_vanilla_vc",
    "metadata": {
        "loader": "FileLoader",
        "synthesizer": "CoNoise",
        "obtainer": "TopKObtainer",
        "repairer": "VanillaVCRepairer",
        "synthesizer_params": {
            "num_of_iterations": 50,
            "seed": 44
        },
        "obtainer_params": {
            "selection_budget": 0.5,
            "generation_budget": 0.5,
            "k": 20,
            "utility_function": {}
        },
        "repairer_params": {}
    }
}