{
    "runtimes": {
        "loading": 0.1661543846130371,
        "synthesizing": 0.07500004768371582,
        "marginals_obtaining": 0.8315823078155518,
        "repairing": 5.7174599170684814
    },
    "deletion_ratio": {
        "before": 48842,
        "after": 48742,
        "ratio": 0.0020474182056426844
    },
    "marginals_error": {
        "synthetic_avg": 0.42053428942824506,
        "repaired_avg": 0.41930177098165977
    },
    "tvd_2way": {
        "synthetic_avg": 0.0002807887824881385,
        "repaired_avg": 0.0005269579226319517
    },
    "ml_accuracy": {
        "private_gold_standard": {
            "logistic_regression": 0.5501822202203022,
            "random_forest": 0.974530117521805,
            "mlp": 0.5760615863396258
        },
        "synthetic": {
            "logistic_regression": 0.5505302813152615,
            "random_forest": 0.9738544695139429,
            "mlp": 0.5754268866958765
        },
        "repaired": {
            "logistic_regression": 0.5504483845870357,
            "random_forest": 0.9736497276933787,
            "mlp": 0.575304041603538
        }
    },
    "violations": {
        "private": 0,
        "synthetic": 1744202,
        "repaired": 0
    },
    "loss_function": {
        "synthetic": {
            "total": 7.699623595687897e-05,
            "size_component": 0.0,
            "marginal_component": 0.00015399247191375795
        },
        "repaired": {
            "total": 0.0010670421593303608,
            "size_component": 0.0020474182056426844,
            "marginal_component": 8.666611301803714e-05
        }
    },
    "dataset_name": "adult",
    "timestamp": "2026-05-03T15:39:51.166953",
    "experiment_id": "db520af4",
    "experiment_name": "grid_adult_vanilla_vc",
    "metadata": {
        "loader": "FileLoader",
        "synthesizer": "CoNoise",
        "obtainer": "TopKObtainer",
        "repairer": "VanillaVCRepairer",
        "synthesizer_params": {
            "num_of_iterations": 100,
            "seed": 42
        },
        "obtainer_params": {
            "selection_budget": 0.5,
            "generation_budget": 0.5,
            "k": 20,
            "utility_function": {}
        },
        "repairer_params": {}
    }
}