{
    "runtimes": {
        "loading": 0.14483928680419922,
        "synthesizing": 0.06716609001159668,
        "marginals_obtaining": 0.7042443752288818,
        "repairing": 5.7744300365448
    },
    "deletion_ratio": {
        "before": 48842,
        "after": 48742,
        "ratio": 0.0020474182056426844
    },
    "marginals_error": {
        "synthetic_avg": 0.8879095424904229,
        "repaired_avg": 0.8855021387131602
    },
    "tvd_2way": {
        "synthetic_avg": 0.0002759139772366092,
        "repaired_avg": 0.0005343276456502735
    },
    "ml_accuracy": {
        "private_gold_standard": {
            "logistic_regression": 0.5501822202203022,
            "random_forest": 0.974530117521805,
            "mlp": 0.5760615863396258
        },
        "synthetic": {
            "logistic_regression": 0.5501822202203022,
            "random_forest": 0.9737111502395479,
            "mlp": 0.5753654641497072
        },
        "repaired": {
            "logistic_regression": 0.5501617460382457,
            "random_forest": 0.9734449858728144,
            "mlp": 0.5764915441628107
        }
    },
    "violations": {
        "private": 0,
        "synthetic": 1879984,
        "repaired": 0
    },
    "loss_function": {
        "synthetic": {
            "total": 9.57009530425097e-05,
            "size_component": 0.0,
            "marginal_component": 0.0001914019060850194
        },
        "repaired": {
            "total": 0.0010642484152237335,
            "size_component": 0.0020474182056426844,
            "marginal_component": 8.107862480478254e-05
        }
    },
    "dataset_name": "adult",
    "timestamp": "2026-05-03T15:40:06.040837",
    "experiment_id": "ffbff20f",
    "experiment_name": "grid_adult_vanilla_vc",
    "metadata": {
        "loader": "FileLoader",
        "synthesizer": "CoNoise",
        "obtainer": "TopKObtainer",
        "repairer": "VanillaVCRepairer",
        "synthesizer_params": {
            "num_of_iterations": 100,
            "seed": 44
        },
        "obtainer_params": {
            "selection_budget": 0.5,
            "generation_budget": 0.5,
            "k": 20,
            "utility_function": {}
        },
        "repairer_params": {}
    }
}