{
    "runtimes": {
        "loading": 0.15110397338867188,
        "synthesizing": 0.3213517665863037,
        "marginals_obtaining": 0.5923945903778076,
        "repairing": 146.56187653541565
    },
    "deletion_ratio": {
        "before": 48842,
        "after": 48346,
        "ratio": 0.010155194299987716
    },
    "marginals_error": {
        "synthetic_avg": 0.004355626396112871,
        "repaired_avg": 0.0013222635723367908
    },
    "tvd_2way": {
        "synthetic_avg": 0.0012526299574331977,
        "repaired_avg": 0.0014284657497791885
    },
    "ml_accuracy": {
        "private_gold_standard": {
            "logistic_regression": 0.5501822202203022,
            "random_forest": 0.974530117521805,
            "mlp": 0.5760615863396258
        },
        "synthetic": {
            "logistic_regression": 0.549834159125343,
            "random_forest": 0.9708652389337046,
            "mlp": 0.5764710699807543
        },
        "repaired": {
            "logistic_regression": 0.5506121780434872,
            "random_forest": 0.9694115720076983,
            "mlp": 0.5754883092420457
        }
    },
    "violations": {
        "private": 0,
        "synthetic": 9803656,
        "repaired": 0
    },
    "loss_function": {
        "synthetic": {
            "total": 0.001126791571397788,
            "size_component": 0.0,
            "marginal_component": 0.002253583142795576
        },
        "repaired": {
            "total": 0.005403027389274573,
            "size_component": 0.010155194299987716,
            "marginal_component": 0.0006508604785614297
        }
    },
    "dataset_name": "adult",
    "timestamp": "2026-05-03T15:42:23.648921",
    "experiment_id": "14bff6d4",
    "experiment_name": "grid_adult_vanilla_vc",
    "metadata": {
        "loader": "FileLoader",
        "synthesizer": "CoNoise",
        "obtainer": "TopKObtainer",
        "repairer": "VanillaVCRepairer",
        "synthesizer_params": {
            "num_of_iterations": 500,
            "seed": 42
        },
        "obtainer_params": {
            "selection_budget": 0.5,
            "generation_budget": 0.5,
            "k": 20,
            "utility_function": {}
        },
        "repairer_params": {}
    }
}