{
    "runtimes": {
        "loading": 0.18313860893249512,
        "synthesizing": 0.3394134044647217,
        "marginals_obtaining": 0.8830358982086182,
        "repairing": 150.57372331619263
    },
    "deletion_ratio": {
        "before": 48842,
        "after": 48343,
        "ratio": 0.010216616846156996
    },
    "marginals_error": {
        "synthetic_avg": 0.004261312163895063,
        "repaired_avg": 0.0007155716717741069
    },
    "tvd_2way": {
        "synthetic_avg": 0.00122377111034414,
        "repaired_avg": 0.0013620061150261308
    },
    "ml_accuracy": {
        "private_gold_standard": {
            "logistic_regression": 0.5501822202203022,
            "random_forest": 0.974530117521805,
            "mlp": 0.5760615863396258
        },
        "synthetic": {
            "logistic_regression": 0.549936530035625,
            "random_forest": 0.9706400229310839,
            "mlp": 0.5754268866958765
        },
        "repaired": {
            "logistic_regression": 0.5503869620408665,
            "random_forest": 0.9694115720076983,
            "mlp": 0.5740755906801523
        }
    },
    "violations": {
        "private": 0,
        "synthetic": 9165481,
        "repaired": 0
    },
    "loss_function": {
        "synthetic": {
            "total": 0.0010625271618686608,
            "size_component": 0.0,
            "marginal_component": 0.0021250543237373216
        },
        "repaired": {
            "total": 0.00531130082420138,
            "size_component": 0.010216616846156996,
            "marginal_component": 0.0004059848022457624
        }
    },
    "dataset_name": "adult",
    "timestamp": "2026-05-03T15:42:40.034629",
    "experiment_id": "af4bc052",
    "experiment_name": "grid_adult_vanilla_vc",
    "metadata": {
        "loader": "FileLoader",
        "synthesizer": "CoNoise",
        "obtainer": "TopKObtainer",
        "repairer": "VanillaVCRepairer",
        "synthesizer_params": {
            "num_of_iterations": 500,
            "seed": 44
        },
        "obtainer_params": {
            "selection_budget": 0.5,
            "generation_budget": 0.5,
            "k": 20,
            "utility_function": {}
        },
        "repairer_params": {}
    }
}