{
    "runtimes": {
        "loading": 0.14940834045410156,
        "synthesizing": 0.13297510147094727,
        "marginals_obtaining": 0.6942408084869385,
        "repairing": 19.359086751937866
    },
    "deletion_ratio": {
        "before": 48842,
        "after": 48642,
        "ratio": 0.004094836411285369
    },
    "marginals_error": {
        "synthetic_avg": 0.2648918799655743,
        "repaired_avg": 0.2621012887771684
    },
    "tvd_2way": {
        "synthetic_avg": 0.0005260889827451385,
        "repaired_avg": 0.0008218458887320148
    },
    "ml_accuracy": {
        "private_gold_standard": {
            "logistic_regression": 0.5501822202203022,
            "random_forest": 0.974530117521805,
            "mlp": 0.5760615863396258
        },
        "synthetic": {
            "logistic_regression": 0.5504688587690921,
            "random_forest": 0.9731173989599116,
            "mlp": 0.5768600794398264
        },
        "repaired": {
            "logistic_regression": 0.5505712296793743,
            "random_forest": 0.9726260185905573,
            "mlp": 0.5731542524876131
        }
    },
    "violations": {
        "private": 0,
        "synthetic": 3899985,
        "repaired": 0
    },
    "loss_function": {
        "synthetic": {
            "total": 0.000361402137577952,
            "size_component": 0.0,
            "marginal_component": 0.000722804275155904
        },
        "repaired": {
            "total": 0.0021525815887175493,
            "size_component": 0.004094836411285369,
            "marginal_component": 0.00021032676614972994
        }
    },
    "dataset_name": "adult",
    "timestamp": "2026-05-03T15:40:03.118254",
    "experiment_id": "fe20631f",
    "experiment_name": "grid_adult_vanilla_vc",
    "metadata": {
        "loader": "FileLoader",
        "synthesizer": "CoNoise",
        "obtainer": "TopKObtainer",
        "repairer": "VanillaVCRepairer",
        "synthesizer_params": {
            "num_of_iterations": 200,
            "seed": 42
        },
        "obtainer_params": {
            "selection_budget": 0.5,
            "generation_budget": 0.5,
            "k": 20,
            "utility_function": {}
        },
        "repairer_params": {}
    }
}