{
    "runtimes": {
        "loading": 0.14657330513000488,
        "synthesizing": 0.12602806091308594,
        "marginals_obtaining": 0.6891176700592041,
        "repairing": 21.27585482597351
    },
    "deletion_ratio": {
        "before": 48842,
        "after": 48643,
        "ratio": 0.004074362229228942
    },
    "marginals_error": {
        "synthetic_avg": 0.11536801004114157,
        "repaired_avg": 0.11312016937529809
    },
    "tvd_2way": {
        "synthetic_avg": 0.0004800708211706936,
        "repaired_avg": 0.0008104616806048783
    },
    "ml_accuracy": {
        "private_gold_standard": {
            "logistic_regression": 0.5501822202203022,
            "random_forest": 0.974530117521805,
            "mlp": 0.5760615863396258
        },
        "synthetic": {
            "logistic_regression": 0.5506121780434872,
            "random_forest": 0.9734245116907579,
            "mlp": 0.5755497317882151
        },
        "repaired": {
            "logistic_regression": 0.5502026944023586,
            "random_forest": 0.972564596044388,
            "mlp": 0.5749150321444658
        }
    },
    "violations": {
        "private": 0,
        "synthetic": 4095570,
        "repaired": 0
    },
    "loss_function": {
        "synthetic": {
            "total": 0.00027017907243720776,
            "size_component": 0.0,
            "marginal_component": 0.0005403581448744155
        },
        "repaired": {
            "total": 0.002100059558634802,
            "size_component": 0.004074362229228942,
            "marginal_component": 0.0001257568880406622
        }
    },
    "dataset_name": "adult",
    "timestamp": "2026-05-03T15:40:14.339274",
    "experiment_id": "9a025596",
    "experiment_name": "grid_adult_vanilla_vc",
    "metadata": {
        "loader": "FileLoader",
        "synthesizer": "CoNoise",
        "obtainer": "TopKObtainer",
        "repairer": "VanillaVCRepairer",
        "synthesizer_params": {
            "num_of_iterations": 200,
            "seed": 43
        },
        "obtainer_params": {
            "selection_budget": 0.5,
            "generation_budget": 0.5,
            "k": 20,
            "utility_function": {}
        },
        "repairer_params": {}
    }
}