{
    "runtimes": {
        "loading": 0.16335344314575195,
        "synthesizing": 0.07279205322265625,
        "marginals_obtaining": 0.6799547672271729,
        "repairing": 18.00562310218811
    },
    "deletion_ratio": {
        "before": 48842,
        "after": 48729,
        "ratio": 0.0023135825723762334
    },
    "marginals_error": {
        "synthetic_avg": 0.5347736971173347,
        "repaired_avg": 0.5060186000857033
    },
    "tvd_2way": {
        "synthetic_avg": 0.0002735740707158745,
        "repaired_avg": 0.0005962776550359454
    },
    "ml_accuracy": {
        "private_gold_standard": {
            "logistic_regression": 0.5501822202203022,
            "random_forest": 0.974530117521805,
            "mlp": 0.5760615863396258
        },
        "synthetic": {
            "logistic_regression": 0.5505507554973179,
            "random_forest": 0.9739773146062815,
            "mlp": 0.5761639572499079
        },
        "repaired": {
            "logistic_regression": 0.5502026944023586,
            "random_forest": 0.9734449858728144,
            "mlp": 0.5754268866958765
        }
    },
    "violations": {
        "private": 0,
        "synthetic": 2133773,
        "repaired": 0
    },
    "loss_function": {
        "synthetic": {
            "total": 5.942372144449765e-05,
            "size_component": 0.0,
            "marginal_component": 0.0001188474428889953
        },
        "repaired": {
            "total": 0.0011848290209392452,
            "size_component": 0.0023135825723762334,
            "marginal_component": 5.607546950225682e-05
        }
    },
    "dataset_name": "adult",
    "timestamp": "2026-05-03T15:39:51.559155",
    "experiment_id": "7263a48f",
    "experiment_name": "grid_adult_weighted_vc",
    "metadata": {
        "loader": "FileLoader",
        "synthesizer": "CoNoise",
        "obtainer": "TopKObtainer",
        "repairer": "WeightedVCRepairer",
        "synthesizer_params": {
            "num_of_iterations": 100,
            "seed": 43
        },
        "obtainer_params": {
            "selection_budget": 0.5,
            "generation_budget": 0.5,
            "k": 20,
            "utility_function": {}
        },
        "repairer_params": {
            "alpha": 0.5
        }
    }
}