{
    "runtimes": {
        "loading": 0.1489098072052002,
        "synthesizing": 0.03669285774230957,
        "marginals_obtaining": 0.6863710880279541,
        "repairing": 5.811085939407349
    },
    "deletion_ratio": {
        "before": 48842,
        "after": 48792,
        "ratio": 0.0010237091028213422
    },
    "marginals_error": {
        "synthetic_avg": 0.6062062692543547,
        "repaired_avg": 0.6056427124283267
    },
    "tvd_2way": {
        "synthetic_avg": 0.00014253930555474273,
        "repaired_avg": 0.00034570328457925783
    },
    "ml_accuracy": {
        "private_gold_standard": {
            "logistic_regression": 0.5501822202203022,
            "random_forest": 0.974530117521805,
            "mlp": 0.5760615863396258
        },
        "synthetic": {
            "logistic_regression": 0.5504074362229229,
            "random_forest": 0.9742639531550714,
            "mlp": 0.5756725768805536
        },
        "repaired": {
            "logistic_regression": 0.5501822202203022,
            "random_forest": 0.973956840424225,
            "mlp": 0.5756111543343844
        }
    },
    "violations": {
        "private": 0,
        "synthetic": 955505,
        "repaired": 0
    },
    "loss_function": {
        "synthetic": {
            "total": 2.9696299464143938e-05,
            "size_component": 0.0,
            "marginal_component": 5.9392598928287875e-05
        },
        "repaired": {
            "total": 0.0005426330500887831,
            "size_component": 0.0010237091028213422,
            "marginal_component": 6.155699735622406e-05
        }
    },
    "dataset_name": "adult",
    "timestamp": "2026-05-03T15:39:51.107770",
    "experiment_id": "1b6690a2",
    "experiment_name": "grid_adult_weighted_vc",
    "metadata": {
        "loader": "FileLoader",
        "synthesizer": "CoNoise",
        "obtainer": "TopKObtainer",
        "repairer": "WeightedVCRepairer",
        "synthesizer_params": {
            "num_of_iterations": 50,
            "seed": 43
        },
        "obtainer_params": {
            "selection_budget": 0.5,
            "generation_budget": 0.5,
            "k": 20,
            "utility_function": {}
        },
        "repairer_params": {
            "alpha": 0.5
        }
    }
}