{
    "runtimes": {
        "loading": 0.16436314582824707,
        "synthesizing": 0.2894785404205322,
        "marginals_obtaining": 0.5565016269683838,
        "repairing": 304.6731970310211
    },
    "deletion_ratio": {
        "before": 48842,
        "after": 48180,
        "ratio": 0.013553908521354572
    },
    "marginals_error": {
        "synthetic_avg": 0.004355626396112871,
        "repaired_avg": 0.0005118411331754731
    },
    "tvd_2way": {
        "synthetic_avg": 0.0012526299574331977,
        "repaired_avg": 0.0018996510043346544
    },
    "ml_accuracy": {
        "private_gold_standard": {
            "logistic_regression": 0.5501822202203022,
            "random_forest": 0.974530117521805,
            "mlp": 0.5760615863396258
        },
        "synthetic": {
            "logistic_regression": 0.549834159125343,
            "random_forest": 0.9708652389337046,
            "mlp": 0.5764710699807543
        },
        "repaired": {
            "logistic_regression": 0.5507145489537693,
            "random_forest": 0.9677736374431841,
            "mlp": 0.5741370132263216
        }
    },
    "violations": {
        "private": 0,
        "synthetic": 9803656,
        "repaired": 0
    },
    "loss_function": {
        "synthetic": {
            "total": 0.001126791571397788,
            "size_component": 0.0,
            "marginal_component": 0.002253583142795576
        },
        "repaired": {
            "total": 0.006926447710471537,
            "size_component": 0.013553908521354572,
            "marginal_component": 0.000298986899588502
        }
    },
    "dataset_name": "adult",
    "timestamp": "2026-05-03T15:44:35.059372",
    "experiment_id": "5d2636d4",
    "experiment_name": "grid_adult_weighted_vc",
    "metadata": {
        "loader": "FileLoader",
        "synthesizer": "CoNoise",
        "obtainer": "TopKObtainer",
        "repairer": "WeightedVCRepairer",
        "synthesizer_params": {
            "num_of_iterations": 500,
            "seed": 42
        },
        "obtainer_params": {
            "selection_budget": 0.5,
            "generation_budget": 0.5,
            "k": 20,
            "utility_function": {}
        },
        "repairer_params": {
            "alpha": 0.5
        }
    }
}