{
    "runtimes": {
        "loading": 0.15168547630310059,
        "synthesizing": 0.13677215576171875,
        "marginals_obtaining": 0.6280953884124756,
        "repairing": 45.866175413131714
    },
    "deletion_ratio": {
        "before": 48842,
        "after": 48591,
        "ratio": 0.005139019696163138
    },
    "marginals_error": {
        "synthetic_avg": 0.2648918799655743,
        "repaired_avg": 0.2615049775151167
    },
    "tvd_2way": {
        "synthetic_avg": 0.0005260889827451385,
        "repaired_avg": 0.001020776691416508
    },
    "ml_accuracy": {
        "private_gold_standard": {
            "logistic_regression": 0.5501822202203022,
            "random_forest": 0.974530117521805,
            "mlp": 0.5760615863396258
        },
        "synthetic": {
            "logistic_regression": 0.5504688587690921,
            "random_forest": 0.9731173989599116,
            "mlp": 0.5768600794398264
        },
        "repaired": {
            "logistic_regression": 0.5506326522255436,
            "random_forest": 0.9720117931288645,
            "mlp": 0.5745464968674502
        }
    },
    "violations": {
        "private": 0,
        "synthetic": 3899985,
        "repaired": 0
    },
    "loss_function": {
        "synthetic": {
            "total": 0.000361402137577952,
            "size_component": 0.0,
            "marginal_component": 0.000722804275155904
        },
        "repaired": {
            "total": 0.0026529818463384234,
            "size_component": 0.005139019696163138,
            "marginal_component": 0.0001669439965137086
        }
    },
    "dataset_name": "adult",
    "timestamp": "2026-05-03T15:40:18.097645",
    "experiment_id": "7f659961",
    "experiment_name": "grid_adult_weighted_vc",
    "metadata": {
        "loader": "FileLoader",
        "synthesizer": "CoNoise",
        "obtainer": "TopKObtainer",
        "repairer": "WeightedVCRepairer",
        "synthesizer_params": {
            "num_of_iterations": 200,
            "seed": 42
        },
        "obtainer_params": {
            "selection_budget": 0.5,
            "generation_budget": 0.5,
            "k": 20,
            "utility_function": {}
        },
        "repairer_params": {
            "alpha": 0.5
        }
    }
}