{
    "runtimes": {
        "loading": 0.17855381965637207,
        "synthesizing": 0.14035415649414062,
        "marginals_obtaining": 0.8371825218200684,
        "repairing": 51.34281086921692
    },
    "deletion_ratio": {
        "before": 48842,
        "after": 48613,
        "ratio": 0.004688587690921748
    },
    "marginals_error": {
        "synthetic_avg": 0.2315781753739087,
        "repaired_avg": 0.2192957401744134
    },
    "tvd_2way": {
        "synthetic_avg": 0.0005081496994195071,
        "repaired_avg": 0.0009832925961763496
    },
    "ml_accuracy": {
        "private_gold_standard": {
            "logistic_regression": 0.5501822202203022,
            "random_forest": 0.974530117521805,
            "mlp": 0.5760615863396258
        },
        "synthetic": {
            "logistic_regression": 0.5504279104049793,
            "random_forest": 0.9729740796855165,
            "mlp": 0.5758977928831743
        },
        "repaired": {
            "logistic_regression": 0.5505098071332051,
            "random_forest": 0.9724622251341059,
            "mlp": 0.5742598583186602
        }
    },
    "violations": {
        "private": 0,
        "synthetic": 3774193,
        "repaired": 0
    },
    "loss_function": {
        "synthetic": {
            "total": 0.0002926569593497284,
            "size_component": 0.0,
            "marginal_component": 0.0005853139186994569
        },
        "repaired": {
            "total": 0.002414697611739672,
            "size_component": 0.004688587690921748,
            "marginal_component": 0.00014080753255759623
        }
    },
    "dataset_name": "adult",
    "timestamp": "2026-05-03T15:40:31.549104",
    "experiment_id": "25ecfb65",
    "experiment_name": "grid_adult_weighted_vc",
    "metadata": {
        "loader": "FileLoader",
        "synthesizer": "CoNoise",
        "obtainer": "TopKObtainer",
        "repairer": "WeightedVCRepairer",
        "synthesizer_params": {
            "num_of_iterations": 200,
            "seed": 44
        },
        "obtainer_params": {
            "selection_budget": 0.5,
            "generation_budget": 0.5,
            "k": 20,
            "utility_function": {}
        },
        "repairer_params": {
            "alpha": 0.5
        }
    }
}