{
    "runtimes": {
        "loading": 0.18076777458190918,
        "synthesizing": 0.34018659591674805,
        "marginals_obtaining": 0.8528456687927246,
        "repairing": 284.8888623714447
    },
    "deletion_ratio": {
        "before": 48842,
        "after": 48200,
        "ratio": 0.013144424880226034
    },
    "marginals_error": {
        "synthetic_avg": 0.004261312163895063,
        "repaired_avg": 0.0006658571207976009
    },
    "tvd_2way": {
        "synthetic_avg": 0.00122377111034414,
        "repaired_avg": 0.0018643470587540903
    },
    "ml_accuracy": {
        "private_gold_standard": {
            "logistic_regression": 0.5501822202203022,
            "random_forest": 0.974530117521805,
            "mlp": 0.5760615863396258
        },
        "synthetic": {
            "logistic_regression": 0.549936530035625,
            "random_forest": 0.9706400229310839,
            "mlp": 0.5754268866958765
        },
        "repaired": {
            "logistic_regression": 0.5505712296793743,
            "random_forest": 0.968387862904877,
            "mlp": 0.5756521026984972
        }
    },
    "violations": {
        "private": 0,
        "synthetic": 9165481,
        "repaired": 0
    },
    "loss_function": {
        "synthetic": {
            "total": 0.0010625271618686608,
            "size_component": 0.0,
            "marginal_component": 0.0021250543237373216
        },
        "repaired": {
            "total": 0.006727249571347022,
            "size_component": 0.013144424880226034,
            "marginal_component": 0.0003100742624680103
        }
    },
    "dataset_name": "adult",
    "timestamp": "2026-05-03T15:44:37.277775",
    "experiment_id": "088259a8",
    "experiment_name": "grid_adult_weighted_vc",
    "metadata": {
        "loader": "FileLoader",
        "synthesizer": "CoNoise",
        "obtainer": "TopKObtainer",
        "repairer": "WeightedVCRepairer",
        "synthesizer_params": {
            "num_of_iterations": 500,
            "seed": 44
        },
        "obtainer_params": {
            "selection_budget": 0.5,
            "generation_budget": 0.5,
            "k": 20,
            "utility_function": {}
        },
        "repairer_params": {
            "alpha": 0.5
        }
    }
}