{
    "runtimes": {
        "loading": 0.15245556831359863,
        "synthesizing": 0.037109375,
        "marginals_obtaining": 0.6757409572601318,
        "repairing": 4.731889724731445
    },
    "deletion_ratio": {
        "before": 48842,
        "after": 48788,
        "ratio": 0.0011056058310470497
    },
    "marginals_error": {
        "synthetic_avg": 0.910488043913292,
        "repaired_avg": 0.9047139998404692
    },
    "tvd_2way": {
        "synthetic_avg": 0.00014682913417608904,
        "repaired_avg": 0.00035067298659680545
    },
    "ml_accuracy": {
        "private_gold_standard": {
            "logistic_regression": 0.5501822202203022,
            "random_forest": 0.974530117521805,
            "mlp": 0.5760615863396258
        },
        "synthetic": {
            "logistic_regression": 0.55036648785881,
            "random_forest": 0.9741206338806765,
            "mlp": 0.5761434830678515
        },
        "repaired": {
            "logistic_regression": 0.550264116948528,
            "random_forest": 0.9740387371524507,
            "mlp": 0.5752835674214815
        }
    },
    "violations": {
        "private": 0,
        "synthetic": 867952,
        "repaired": 0
    },
    "loss_function": {
        "synthetic": {
            "total": 3.215416629034165e-05,
            "size_component": 0.0,
            "marginal_component": 6.43083325806833e-05
        },
        "repaired": {
            "total": 0.0005806749948484781,
            "size_component": 0.0011056058310470497,
            "marginal_component": 5.574415864990653e-05
        }
    },
    "dataset_name": "adult",
    "timestamp": "2026-05-03T15:39:33.361886",
    "experiment_id": "f28d824b",
    "experiment_name": "grid_adult_weighted_vc",
    "metadata": {
        "loader": "FileLoader",
        "synthesizer": "CoNoise",
        "obtainer": "TopKObtainer",
        "repairer": "WeightedVCRepairer",
        "synthesizer_params": {
            "num_of_iterations": 50,
            "seed": 42
        },
        "obtainer_params": {
            "selection_budget": 0.5,
            "generation_budget": 0.5,
            "k": 20,
            "utility_function": {}
        },
        "repairer_params": {
            "alpha": 0.5
        }
    }
}