{
    "runtimes": {
        "loading": 0.1463615894317627,
        "synthesizing": 0.013147592544555664,
        "marginals_obtaining": 0.6770403385162354,
        "repairing": 1.6199588775634766
    },
    "deletion_ratio": {
        "before": 48842,
        "after": 48832,
        "ratio": 0.00020474182056426845
    },
    "marginals_error": {
        "synthetic_avg": 0.6063993384168798,
        "repaired_avg": 0.6062981737729378
    },
    "tvd_2way": {
        "synthetic_avg": 3.3538660130526864e-05,
        "repaired_avg": 0.00010589865127056988
    },
    "ml_accuracy": {
        "private_gold_standard": {
            "logistic_regression": 0.5501822202203022,
            "random_forest": 0.974530117521805,
            "mlp": 0.5760615863396258
        },
        "synthetic": {
            "logistic_regression": 0.5503869620408665,
            "random_forest": 0.9745096433397485,
            "mlp": 0.5763277507063593
        },
        "repaired": {
            "logistic_regression": 0.5502026944023586,
            "random_forest": 0.9744891691576921,
            "mlp": 0.5731542524876131
        }
    },
    "violations": {
        "private": 0,
        "synthetic": 282878,
        "repaired": 0
    },
    "loss_function": {
        "synthetic": {
            "total": 2.9852251905409497e-05,
            "size_component": 0.0,
            "marginal_component": 5.9704503810818994e-05
        },
        "repaired": {
            "total": 0.00013218252293962702,
            "size_component": 0.00020474182056426845,
            "marginal_component": 5.9623225314985583e-05
        }
    },
    "dataset_name": "adult",
    "timestamp": "2026-05-03T15:39:28.477909",
    "experiment_id": "075a7353",
    "experiment_name": "grid_adult_weighted_vc",
    "metadata": {
        "loader": "FileLoader",
        "synthesizer": "CoNoise",
        "obtainer": "TopKObtainer",
        "repairer": "WeightedVCRepairer",
        "synthesizer_params": {
            "num_of_iterations": 10,
            "seed": 43
        },
        "obtainer_params": {
            "selection_budget": 0.5,
            "generation_budget": 0.5,
            "k": 20,
            "utility_function": {}
        },
        "repairer_params": {
            "alpha": 0.5
        }
    }
}