{
    "runtimes": {
        "loading": 0.1503288745880127,
        "synthesizing": 0.01214146614074707,
        "marginals_obtaining": 0.6211838722229004,
        "repairing": 1.103769063949585
    },
    "deletion_ratio": {
        "before": 48842,
        "after": 48832,
        "ratio": 0.00020474182056426845
    },
    "marginals_error": {
        "synthetic_avg": 0.9672733288946793,
        "repaired_avg": 0.9670437481459281
    },
    "tvd_2way": {
        "synthetic_avg": 2.4569018467712312e-05,
        "repaired_avg": 0.00010773156686439947
    },
    "ml_accuracy": {
        "private_gold_standard": {
            "logistic_regression": 0.5501822202203022,
            "random_forest": 0.974530117521805,
            "mlp": 0.5760615863396258
        },
        "synthetic": {
            "logistic_regression": 0.550223168584415,
            "random_forest": 0.9744072724294665,
            "mlp": 0.5742189099545473
        },
        "repaired": {
            "logistic_regression": 0.5501617460382457,
            "random_forest": 0.9744072724294665,
            "mlp": 0.5758977928831743
        }
    },
    "violations": {
        "private": 0,
        "synthetic": 215587,
        "repaired": 0
    },
    "loss_function": {
        "synthetic": {
            "total": 2.8372148661964126e-05,
            "size_component": 0.0,
            "marginal_component": 5.674429732392825e-05
        },
        "repaired": {
            "total": 0.00013053496688865954,
            "size_component": 0.00020474182056426845,
            "marginal_component": 5.632811321305066e-05
        }
    },
    "dataset_name": "adult",
    "timestamp": "2026-05-03T15:39:42.329198",
    "experiment_id": "9bd7c640",
    "experiment_name": "grid_adult_weighted_vc",
    "metadata": {
        "loader": "FileLoader",
        "synthesizer": "CoNoise",
        "obtainer": "TopKObtainer",
        "repairer": "WeightedVCRepairer",
        "synthesizer_params": {
            "num_of_iterations": 10,
            "seed": 44
        },
        "obtainer_params": {
            "selection_budget": 0.5,
            "generation_budget": 0.5,
            "k": 20,
            "utility_function": {}
        },
        "repairer_params": {
            "alpha": 0.5
        }
    }
}