{
    "runtimes": {
        "loading": 0.14728832244873047,
        "synthesizing": 0.2677335739135742,
        "marginals_obtaining": 0.565223217010498,
        "repairing": 315.21332693099976
    },
    "deletion_ratio": {
        "before": 48842,
        "after": 48140,
        "ratio": 0.014372875803611646
    },
    "marginals_error": {
        "synthetic_avg": 0.004104403396632021,
        "repaired_avg": 0.0006850097567083019
    },
    "tvd_2way": {
        "synthetic_avg": 0.0011953022476752049,
        "repaired_avg": 0.0019068914027794434
    },
    "ml_accuracy": {
        "private_gold_standard": {
            "logistic_regression": 0.5501822202203022,
            "random_forest": 0.974530117521805,
            "mlp": 0.5760615863396258
        },
        "synthetic": {
            "logistic_regression": 0.550223168584415,
            "random_forest": 0.971172351664551,
            "mlp": 0.5766758118013185
        },
        "repaired": {
            "logistic_regression": 0.5505507554973179,
            "random_forest": 0.9682035952663691,
            "mlp": 0.5741370132263216
        }
    },
    "violations": {
        "private": 0,
        "synthetic": 10109889,
        "repaired": 0
    },
    "loss_function": {
        "synthetic": {
            "total": 0.001003545531787254,
            "size_component": 0.0,
            "marginal_component": 0.002007091063574508
        },
        "repaired": {
            "total": 0.007347271118433441,
            "size_component": 0.014372875803611646,
            "marginal_component": 0.0003216664332552355
        }
    },
    "dataset_name": "adult",
    "timestamp": "2026-05-03T15:44:56.598738",
    "experiment_id": "b0ef68f1",
    "experiment_name": "grid_adult_weighted_vc",
    "metadata": {
        "loader": "FileLoader",
        "synthesizer": "CoNoise",
        "obtainer": "TopKObtainer",
        "repairer": "WeightedVCRepairer",
        "synthesizer_params": {
            "num_of_iterations": 500,
            "seed": 43
        },
        "obtainer_params": {
            "selection_budget": 0.5,
            "generation_budget": 0.5,
            "k": 20,
            "utility_function": {}
        },
        "repairer_params": {
            "alpha": 0.5
        }
    }
}